CASE_ID,ACCIDENT_YEAR,PROC_DATE,JURIS,COLLISION_DATE,COLLISION_TIME,OFFICER_ID,REPORTING_DISTRICT,DAY_OF_WEEK,CHP_SHIFT,POPULATION,CNTY_CITY_LOC,SPECIAL_COND,BEAT_TYPE,CHP_BEAT_TYPE,CITY_DIVISION_LAPD,CHP_BEAT_CLASS,BEAT_NUMBER,PRIMARY_RD,SECONDARY_RD,DISTANCE,DIRECTION,INTERSECTION,WEATHER_1,WEATHER_2,STATE_HWY_IND,CALTRANS_COUNTY,CALTRANS_DISTRICT,STATE_ROUTE,ROUTE_SUFFIX,POSTMILE_PREFIX,POSTMILE,LOCATION_TYPE,RAMP_INTERSECTION,SIDE_OF_HWY,TOW_AWAY,COLLISION_SEVERITY,NUMBER_KILLED,NUMBER_INJURED,PARTY_COUNT,PRIMARY_COLL_FACTOR,PCF_CODE_OF_VIOL,PCF_VIOL_CATEGORY,PCF_VIOLATION,PCF_VIOL_SUBSECTION,HIT_AND_RUN,TYPE_OF_COLLISION,MVIW,PED_ACTION,ROAD_SURFACE,ROAD_COND_1,ROAD_COND_2,LIGHTING,CONTROL_DEVICE,CHP_ROAD_TYPE,PEDESTRIAN_ACCIDENT,BICYCLE_ACCIDENT,MOTORCYCLE_ACCIDENT,TRUCK_ACCIDENT,NOT_PRIVATE_PROPERTY,ALCOHOL_INVOLVED,STWD_VEHTYPE_AT_FAULT,CHP_VEHTYPE_AT_FAULT,COUNT_SEVERE_INJ,COUNT_VISIBLE_INJ,COUNT_COMPLAINT_PAIN,COUNT_PED_KILLED,COUNT_PED_INJURED,COUNT_BICYCLIST_KILLED,COUNT_BICYCLIST_INJURED,COUNT_MC_KILLED,COUNT_MC_INJURED,PRIMARY_RAMP,SECONDARY_RAMP,LATITUDE,LONGITUDE,COUNTY,CITY,POINT_X,POINT_Y
9456861,2022,2022-07-27,0109,2022-02-16,2124,9872,2,3,5,7,0109,0,0,0,,0,30X,"73RD AV","BANCROFT AV",0.00,,Y,A,-,N,,,,,,,,,,N,3,0,2,2,A,-,12,21453,A,N,B,C,A,A,H,-,C,A,0,,,,,Y,,-,"- ",0,1,1,0,0,0,0,0,0,"- ","- ",,,ALAMEDA,OAKLAND,-122.17720794677734,37.765819549560547
9490962,2022,2022-09-01,0109,2022-07-15,1550,9169,1,5,5,7,0109,0,0,0,,0,10X,"ARLINGTON AV","MARKET ST",0.00,,Y,A,-,N,,,,,,,,,,N,4,0,1,2,A,-,09,21802,A,N,D,C,A,A,H,-,A,A,0,,,,,Y,,A,07,0,0,1,0,0,0,0,0,0,"- ","- ",,,ALAMEDA,OAKLAND,-122.27468109130859,37.842308044433594
9512485,2022,2022-10-28,0109,2022-04-19,0901,9921,1,2,5,7,0109,0,0,0,,0,14X,"LENOX AV","GRAND AV",6.00,N,N,A,-,N,,,,,,,,,,N,4,0,1,2,A,-,10,21950,A,N,G,B,B,A,H,-,A,A,0,Y,,,,Y,,A,01,0,0,1,0,1,0,0,0,0,"- ","- ",,,ALAMEDA,OAKLAND,-122.25845336914062,37.809333801269531
9586652,2022,2023-06-16,0109,2022-10-13,1528,9909,1,4,5,7,0109,0,0,0,,0,09X,"LINDA AV","PIEDMONT AV",0.00,,Y,A,-,N,,,,,,,,,,N,4,0,3,4,A,-,05,21651,B,N,A,-,A,A,H,-,A,A,0,,Y,,,Y,,A,01,0,0,3,0,0,0,1,0,0,"- ","- ",,,ALAMEDA,OAKLAND,-122.25121307373047,37.827342987060547
91721633,2022,2022-03-14,9370,2022-03-06,2500,021930,,7,4,7,0109,0,1,1,,2,177,"I-880 S/B FROM BROADWAY","WEBSTER ST",300.00,S,N,A,-,Y,,,880,,,,R,,S,N,3,0,1,1,A,-,07,21658,A,N,F,A,A,A,H,-,C,D,0,,,Y,,Y,Y,C,02,0,1,0,0,0,0,0,0,1,"- ","- ",37.796890258789062,-122.27163696289062,ALAMEDA,OAKLAND,-122.27163696289062,37.796890258789062
91815530,2022,2022-07-12,9370,2022-03-12,0220,022722,,6,3,7,0109,0,1,1,,2,008,"I-80 WB TO I-580 EB / I-880 SB","POWELL ST",3140.00,W,N,A,-,Y,,,80,,,,R,,W,Y,1,1,4,3,A,-,01,23152,A,N,C,C,A,A,G,-,C,D,0,,,,,Y,Y,A,07,1,0,3,0,0,0,0,0,0,"- ","- ",37.830780029296875,-122.2938232421875,ALAMEDA,OAKLAND,-122.2938232421875,37.830780029296875
91946656,2022,2022-12-20,9370,2022-11-19,0002,022848,,6,3,7,0109,0,1,1,,2,176,"I-880 N/B","HEGENBERGER RD",1250.00,S,N,A,-,Y,,,880,,,,,,N,Y,3,0,1,3,A,-,03,22350,,N,C,C,A,A,H,-,C,D,0,,,,,Y,,A,01,0,1,0,0,0,0,0,0,0,"- ","- ",37.737770080566406,-122.19378662109375,ALAMEDA,OAKLAND,-122.19371795654297,37.737834930419922
9407880,2022,2022-06-16,0109,2022-05-05,2245,9517,2,4,5,7,0109,0,0,0,,0,30X,"INTERNATIONAL BL","78TH AV",0.00,,Y,A,-,N,,,,,,,,,,Y,3,0,2,2,A,-,08,22107,,N,A,C,A,A,H,-,C,A,0,,,,,Y,,A,07,0,1,1,0,0,0,0,0,0,"- ","- ",,,ALAMEDA,OAKLAND,-122.18357086181641,37.757518768310547
9435504,2022,2022-04-28,0109,2022-03-26,1358,9597,2,6,5,7,0109,0,0,0,,0,24X,"PENNIMAN AV","HUMBOLDT AV",5.00,E,N,A,-,N,,,,,,,,,,N,4,0,1,2,A,-,03,22350,,N,A,C,A,A,H,-,A,D,0,,,,,Y,,A,01,0,0,1,0,0,0,0,0,0,"- ","- ",,,ALAMEDA,OAKLAND,-122.20868682861328,37.790901184082031
9441310,2022,2022-05-19,0109,2022-04-18,0955,9196,2,1,5,7,0109,0,0,0,,0,35X,"96TH AV","INTERNATIONAL BL",0.00,,Y,A,-,N,,,,,,,,,,Y,4,0,1,2,A,-,12,21453,A,N,D,C,A,A,H,-,A,A,0,,,,,Y,,A,01,0,0,1,0,0,0,0,0,0,"- ","- ",,,ALAMEDA,OAKLAND,-122.17160797119141,37.745738983154297
9444398,2022,2022-05-25,0109,2022-03-27,1630,9845,1,7,5,7,0109,0,0,0,,0,02Y,"7TH ST","MIDDLE HARBOR RD",0.00,,Y,A,-,N,,,,,,,,,,N,4,0,1,2,A,-,12,21453,A,N,D,C,A,A,H,-,A,A,0,,,,,Y,,A,08,0,0,1,0,0,0,0,0,0,"- ","- ",,,ALAMEDA,OAKLAND,-122.32234191894531,37.806724548339844
9451364,2022,2022-06-24,0109,2022-05-14,2219,9517,2,6,5,7,0109,0,0,0,,0,24X,"40TH AV","FOOTHILL BL",0.00,,Y,A,-,N,,,,,,,,,,Y,4,0,1,2,A,-,09,21801,A,N,A,C,A,A,H,-,C,A,0,,,,,Y,,A,07,0,0,1,0,0,0,0,0,0,"- ","- ",,,ALAMEDA,OAKLAND,-122.21535491943359,37.77783203125
9490235,2022,2022-09-01,0109,2022-06-25,0413,9927,2,6,5,7,0109,0,0,0,,0,23X,"FOOTHILL BL","HIGH ST",10.00,W,N,A,-,N,,,,,,,,,,Y,4,0,1,2,A,-,12,21453,A,N,D,C,A,A,H,-,B,A,0,,,,,Y,,A,01,0,0,1,0,0,0,0,0,0,"- ","- ",,,ALAMEDA,OAKLAND,-122.21183013916016,37.774711608886719
9498435,2022,2022-10-21,0109,2022-09-04,2015,9945,2,7,5,7,0109,0,0,0,,0,25Y,"INTERNATIONAL BL","66TH AV",0.00,,Y,A,-,N,,,,,,,,,,N,4,0,2,3,A,-,08,22107,,M,C,C,A,A,H,-,C,A,0,,,Y,,Y,,-,99,0,0,2,0,0,0,0,0,1,"- ","- ",,,ALAMEDA,OAKLAND,-122.19374084472656,37.762371063232422
9523000,2022,2023-01-04,0109,2022-11-06,1206,9732,1,7,5,7,0109,0,0,0,,0,04X,"17TH ST",BROADWAY,0.00,,Y,A,-,N,,,,,,,,,,N,4,0,1,2,A,-,12,21453,A,N,A,C,A,A,H,-,A,A,0,,,,,Y,,I,11,0,0,1,0,0,0,0,0,0,"- ","- ",,,ALAMEDA,OAKLAND,-122.26973724365234,37.806640625
9539303,2022,2023-02-04,0109,2022-12-25,1826,10059,1,7,5,7,0109,0,0,0,,0,08X,"NORTHGATE AV","SYCAMORE ST",0.00,,Y,C,-,N,,,,,,,,,,N,4,0,1,2,A,-,12,22450,A,F,D,C,A,B,H,-,C,A,0,,,,,Y,,A,01,0,0,1,0,0,0,0,0,0,"- ","- ",,,ALAMEDA,OAKLAND,-122.27024078369141,37.815418243408203
9595564,2022,2023-06-30,0109,2022-12-22,0907,10052,1,4,5,7,0109,0,0,0,,0,19X,"E 11TH ST","23RD AV",0.00,,Y,B,-,N,,,,,,,,,,Y,4,0,1,2,A,-,12,21453,A,N,D,C,A,A,H,-,A,A,0,,,,,Y,,A,01,0,0,1,0,0,0,0,0,0,"- ","- ",,,ALAMEDA,OAKLAND,-122.23702239990234,37.780109405517578
91712917,2022,2022-03-02,9370,2022-02-17,0052,021803,,4,3,7,0109,0,1,1,,2,052,"I-580 E/B TO DUTTON AVENUE","MACARTHUR BLVD",116.00,E,N,A,-,Y,,,,,,,,,,N,2,0,3,2,A,-,01,23152,G,N,A,C,A,A,H,-,C,D,0,,,,,Y,Y,A,01,1,2,0,0,0,0,0,0,0,"- ","- ",37.441478729248047,-122.82964324951172,ALAMEDA,OAKLAND,-122.192626953125,37.785221099853516
91716245,2022,2022-03-07,9370,2022-01-28,0050,022567,,5,3,7,0109,0,1,1,,2,054,"I-580 W/B","PARK BLVD",607.00,E,N,A,-,Y,,,580,,,,,,W,Y,2,0,1,1,A,-,08,22107,,N,E,I,A,A,H,-,C,D,0,,,,,Y,,A,01,1,0,0,0,0,0,0,0,0,"- ","- ",37.8031005859375,-122.23159790039062,ALAMEDA,OAKLAND,-122.23166656494141,37.803024291992188
9447878,2022,2022-09-15,0109,2022-08-06,1444,9893,2,6,5,7,0109,0,0,0,,0,27X,"HIGH ST","FAIRFAX AV",0.00,,Y,A,-,N,,,,,,,,,,N,4,0,2,2,A,-,03,22350,,N,C,C,A,A,H,-,A,A,0,,,,,Y,,A,01,0,0,2,0,0,0,0,0,0,"- ","- ",,,ALAMEDA,OAKLAND,-122.20581817626953,37.780757904052734
9451169,2022,2022-06-15,0109,2022-01-14,2015,9053,1,5,5,7,0109,0,0,0,,0,06X,"WEST ST","28TH ST",0.00,,Y,B,-,N,,,,,,,,,,Y,4,0,2,3,A,-,03,22350,,N,D,C,A,A,H,-,C,D,0,,,,,Y,,A,01,0,0,2,0,0,0,0,0,0,"- ","- ",,,ALAMEDA,OAKLAND,-122.27400207519531,37.818214416503906
9490961,2022,2022-09-01,0109,2022-07-13,1125,8270,1,3,5,7,0109,0,0,0,,0,18X,"E 32ND ST","HAMLINE AV",0.00,,Y,A,-,N,,,,,,,,,,N,4,0,2,2,A,-,09,21802,A,N,D,C,A,A,H,-,A,A,0,,,,,Y,,A,01,0,0,2,0,0,0,0,0,0,"- ","- ",,,ALAMEDA,OAKLAND,-122.22603607177734,37.799037933349609
9522970,2022,2023-01-03,0109,2022-11-26,1921,9933,2,6,5,7,0109,0,0,0,,0,32X,"98TH AV","SAN LEANDRO ST",180.00,N,N,A,-,N,,,,,,,,,,N,3,0,2,2,A,-,03,22350,,M,C,C,A,A,H,-,C,A,0,,,,,Y,,A,01,0,1,1,0,0,0,0,0,0,"- ","- ",,,ALAMEDA,OAKLAND,-122.1793212890625,37.739532470703125
9537422,2022,2023-01-04,0109,2022-11-11,0904,9988,2,5,5,7,0109,0,0,0,,0,20X,"HIGH ST","BANCROFT AV",10.00,N,N,A,-,N,,,,,,,,,,Y,3,0,1,2,A,-,09,21804,A,F,D,C,A,A,H,-,A,A,0,,,,,Y,,A,01,0,1,0,0,0,0,0,0,0,"- ","- ",,,ALAMEDA,OAKLAND,-122.21345520019531,37.773399353027344
9586538,2022,2023-06-08,0109,2022-09-06,0850,9401,1,2,5,7,0109,0,0,0,,0,08X,"34TH ST",BROADWAY,0.00,,Y,A,-,N,,,,,,,,,,N,4,0,1,2,A,-,21,22106,,N,D,-,A,A,H,-,A,A,0,,Y,,,Y,,A,01,0,0,1,0,0,0,1,0,0,"- ","- ",,,ALAMEDA,OAKLAND,-122.26035308837891,37.821708679199219
9617790,2022,2023-09-26,0109,2022-07-04,2225,9973,2,1,5,7,0109,0,0,0,,0,22X,"FRUITVALE AV","MACARTHUR BL",0.00,,Y,A,-,N,,,,,,,,,,N,3,0,1,2,D,-,00,,,M,G,B,B,A,H,-,C,A,0,Y,,,,Y,,-,"- ",0,1,0,0,1,0,0,0,0,"- ","- ",,,ALAMEDA,OAKLAND,-122.21614074707031,37.800376892089844
9441808,2022,2022-05-17,0109,2022-03-19,1822,9919,2,6,5,7,0109,0,0,0,,0,25Y,"EDWARDS AV","RT 580",0.00,,Y,A,-,Y,ALA,4,580,-,R,38.441,R,4,E,N,4,0,1,1,A,-,03,22350,,N,E,I,A,A,H,-,A,A,0,,,,,Y,,A,01,0,0,1,0,0,0,0,0,0,"- ","- ",,,ALAMEDA,OAKLAND,-122.16612243652344,37.777175903320312
9446216,2022,2022-05-27,0109,2022-02-13,1610,9833,2,7,5,7,0109,0,0,0,,0,23X,"HIGH ST","E 12TH ST",0.00,,Y,A,-,N,,,,,,,,,,N,4,0,1,3,A,-,12,21453,A,N,B,C,A,A,H,-,A,A,0,,,,,Y,,A,01,0,0,1,0,0,0,0,0,0,"- ","- ",,,ALAMEDA,OAKLAND,-122.21617889404297,37.771389007568359
9451375,2022,2022-06-24,0109,2022-05-17,0434,8704,2,2,5,7,0109,0,0,0,,0,30X,"INTERNATIONAL BL","73RD AV",0.00,,Y,A,-,N,,,,,,,,,,N,4,0,1,2,A,-,12,21453,A,M,D,C,A,A,H,-,C,A,0,,,,,Y,Y,A,07,0,0,1,0,0,0,0,0,0,"- ","- ",,,ALAMEDA,OAKLAND,-122.18708038330078,37.759212493896484
9473980,2022,2022-08-24,0109,2022-06-15,0256,10005,2,3,5,7,0109,0,0,0,,0,30Y,"FONTAINE ST",HOLMES,0.00,,N,A,-,N,,,,,,,,,,Y,4,0,1,2,A,-,08,22107,,N,A,E,A,A,H,-,C,D,0,,,,,Y,,A,01,0,0,1,0,0,0,0,0,0,"- ","- ",,,ALAMEDA,OAKLAND,-122.15433502197266,37.768760681152344
9482720,2022,2022-08-02,0109,2022-06-11,0000,9511,2,6,5,7,0109,0,0,0,,0,34X,"INTERNATIONAL BL","90TH AV",10.00,W,N,A,-,N,,,,,,,,,,N,3,0,1,2,A,-,08,22107,,F,G,B,E,A,H,-,C,A,0,Y,,,,Y,,D,22,0,1,0,0,1,0,0,0,0,"- ","- ",,,ALAMEDA,OAKLAND,-122.17463684082031,37.749824523925781
9490274,2022,2022-08-25,0109,2022-07-16,1910,9874,2,6,5,7,0109,0,0,0,,0,23X,"37TH AV","E 12TH ST",0.00,,Y,A,-,N,,,,,,,,,,N,4,0,1,2,A,-,03,22350,,M,G,B,C,A,H,-,A,D,0,Y,,,,Y,,A,01,0,0,1,0,1,0,0,0,0,"- ","- ",,,ALAMEDA,OAKLAND,-122.22167205810547,37.77410888671875
9498716,2022,2022-10-19,0109,2022-08-04,1644,9350,2,4,5,7,0109,0,0,0,,0,31X,"98TH AV","BIGGE AV",0.00,,Y,A,-,N,,,,,,,,,,Y,4,0,3,2,A,-,09,21801,A,N,D,C,A,A,H,-,A,A,0,,,,,Y,,A,07,0,0,3,0,0,0,0,0,0,"- ","- ",,,ALAMEDA,OAKLAND,-122.19389343261719,37.729511260986328
91775940,2022,2022-05-19,9370,2022-05-13,0945,022841,,5,1,7,0109,0,1,3,,2,025,"SR-24 W/B TO I-580 W/B","MARKET ST",40.00,W,N,A,-,Y,,,,,,,,,,N,4,0,1,2,A,-,07,21658,A,N,B,C,A,A,H,-,A,D,0,,,Y,,Y,,A,01,0,0,1,0,0,0,0,0,1,"- ","- ",37.826198577880859,-122.27536010742188,ALAMEDA,OAKLAND,-122.27821350097656,37.815994262695312
91798336,2022,2022-06-20,9370,2022-06-08,1730,022826,,3,2,7,0109,0,1,1,,2,008,"I-80 E/B","I-880 N/B TO I-80 W/B",2000.00,E,N,A,-,Y,,,80,,,,,,E,N,4,0,1,2,A,-,03,22350,,N,C,C,A,A,H,-,A,D,0,,,,,Y,,A,01,0,0,1,0,0,0,0,0,0,"- ","- ",37.826568603515625,-122.29843139648438,ALAMEDA,OAKLAND,-122.29843902587891,37.826602935791016
92016722,2022,2023-03-13,9370,2022-09-24,1700,022863,,6,2,7,0109,0,1,1,,2,052,"I-580 W/B","BIRDSALL AVE PED OVERCROSSING",295.00,E,N,A,-,Y,,,580,,,,,,W,Y,1,1,0,3,A,-,04,21703,,N,B,C,A,A,H,-,A,D,0,,,,,Y,Y,A,01,0,0,0,0,0,0,0,0,0,"- ","- ",37.785381317138672,-122.19246673583984,ALAMEDA,OAKLAND,-122.19247436523438,37.785366058349609
9441931,2022,2022-05-13,0109,2022-01-26,2033,9169,1,3,5,7,0109,0,0,0,,0,12X,"TELEGRAPH AV","45TH ST",0.00,,Y,A,-,N,,,,,,,,,,N,2,0,1,2,A,-,06,21754,,N,G,A,A,A,H,-,C,A,0,,,Y,,Y,,C,02,1,0,0,0,0,0,0,0,1,"- ","- ",,,ALAMEDA,OAKLAND,-122.26342010498047,37.833019256591797
9442406,2022,2022-04-29,0109,2022-03-15,1703,9832,1,2,5,7,0109,0,0,0,,0,19X,"E 12TH ST","14TH AV",0.00,,Y,A,-,N,,,,,,,,,,N,2,0,1,3,A,-,12,21453,A,N,D,G,A,A,H,-,A,A,0,,Y,,,Y,,A,01,1,0,0,0,0,0,1,0,0,"- ","- ",,,ALAMEDA,OAKLAND,-122.24722290039062,37.788272857666016
9473990,2022,2022-08-25,0109,2022-06-28,2023,9831,2,2,5,7,0109,0,0,0,,0,27X,"47TH AV","SAN LEANDRO BL",90.00,N,N,A,-,N,,,,,,,,,,N,4,0,3,2,A,-,21,22106,,M,H,C,A,A,H,-,B,D,0,,,,,Y,,A,01,0,0,3,0,0,0,0,0,0,"- ","- ",,,ALAMEDA,OAKLAND,-122.21397399902344,37.768344879150391
9474715,2022,2022-07-07,0109,2022-05-30,1630,9814,2,1,5,7,0109,0,0,0,,0,27X,"BANCROFT AV","50TH AV",40.00,E,N,A,-,N,,,,,,,,,,N,3,0,1,3,A,-,03,22350,,N,C,C,A,A,H,-,A,D,0,,,,,Y,,A,01,0,1,0,0,0,0,0,0,0,"- ","- ",,,ALAMEDA,OAKLAND,-122.20689392089844,37.771778106689453
9520340,2022,2023-02-15,0109,2022-06-26,0151,8483,2,7,5,7,0109,0,0,0,,0,26X,"RT 185","54TH AV",6.00,E,N,A,-,Y,ALA,4,185,-,-,9.850,H,-,S,Y,1,1,5,10,A,-,03,22350,,N,B,C,F,A,H,-,C,A,0,Y,,Y,,Y,,A,01,0,2,3,1,0,0,0,0,0,"- ","- ",,,ALAMEDA,OAKLAND,-122.20523834228516,37.767723083496094
91719958,2022,2022-03-10,9335,2022-03-03,1845,022823,,4,2,7,0109,0,1,1,,2,084,"I-80 EB","YERBA BUENA ISLAND EAST TUNNEL EDGE",5280.00,E,N,B,-,Y,,,80,,,,,,E,Y,4,0,4,3,A,-,03,22350,,N,C,C,A,A,H,-,C,D,0,,,,,Y,,A,01,0,0,4,0,0,0,0,0,0,"- ","- ",37.818840026855469,-122.34973907470703,ALAMEDA,OAKLAND,-122.34973907470703,37.818836212158203
91722774,2022,2022-03-15,9370,2022-03-04,2005,022858,,5,2,7,0109,0,1,1,,2,178,"I-880 N/B","7TH STREET",425.00,S,N,A,G,Y,,,,,,,,,,Y,2,0,2,2,A,-,01,23153,A,N,A,C,A,A,H,-,C,D,0,,,,,Y,Y,A,01,1,0,1,0,0,0,0,0,0,"- ","- ",37.482288360595703,-122.18138885498047,ALAMEDA,OAKLAND,-122.30420684814453,37.8067626953125
91840818,2022,2022-08-15,9370,2022-07-23,0245,022991,,6,3,7,0109,0,1,3,,2,025,"SR-24 E/B","CLAREMONT AVE",700.00,W,N,A,-,Y,,,24,,,,,,E,N,3,0,1,2,A,-,01,23152,A,M,B,C,A,A,H,-,C,D,0,,,,,Y,Y,A,01,0,1,0,0,0,0,0,0,0,"- ","- ",37.841640472412109,-122.26023101806641,ALAMEDA,OAKLAND,-122.26020812988281,37.841567993164062
91934018,2022,2022-12-05,9370,2022-10-29,0105,022841,,6,3,7,0109,0,1,1,,2,177,"I-880 S/B FROM BROADWAY","JACKSON ST",830.00,N,N,A,-,Y,,,880,,,,R,,S,N,3,0,1,1,A,-,08,22107,,N,E,8,A,A,H,-,D,D,0,,,Y,,Y,Y,C,02,0,1,0,0,0,0,0,0,1,"- ","- ",37.796958923339844,-122.27172088623047,ALAMEDA,OAKLAND,-122.27172088623047,37.796958923339844
9458251,2022,2022-06-14,0109,2022-05-15,1535,9565,1,7,5,7,0109,0,0,0,,0,19X,"21ST AV","INTERNATIONAL BL",0.00,,Y,A,-,N,,,,,,,,,,Y,4,0,1,2,A,-,12,21453,A,M,D,C,A,A,H,-,A,A,0,,,,,Y,,A,01,0,0,1,0,0,0,0,0,0,"- ","- ",,,ALAMEDA,OAKLAND,-122.23890686035156,37.785186767578125
9476690,2022,2022-07-21,0109,2022-05-25,2107,9622,2,3,5,7,0109,0,0,0,,0,31X,"66TH AV","COLISEUM WY",0.00,,Y,A,-,N,,,,,,,,,,Y,4,0,4,2,A,-,12,21453,A,M,D,C,A,A,H,-,C,A,0,,,,,Y,,D,22,0,0,4,0,0,0,0,0,0,"- ","- ",,,ALAMEDA,OAKLAND,-122.20529937744141,37.754981994628906
9477155,2022,2022-07-22,0109,2022-02-11,1925,9872,2,5,5,7,0109,0,0,0,,0,30Y,"BANCROFT AV","81TH AV",100.00,W,N,A,-,N,,,,,,,,,,N,4,0,1,2,A,-,03,22350,,M,C,C,A,A,H,-,C,A,0,,,,,Y,,A,01,0,0,1,0,0,0,0,0,0,"- ","- ",,,ALAMEDA,OAKLAND,-122.17140197753906,37.760902404785156
9482521,2022,2022-07-28,0109,2022-06-04,1716,9874,2,6,5,7,0109,0,0,0,,0,20X,"FRUITVALE AV","E 16TH ST",0.00,,Y,B,-,N,,,,,,,,,,N,4,0,1,2,A,-,09,21802,A,N,D,C,A,A,H,-,A,D,0,,,,,Y,,A,01,0,0,1,0,0,0,0,0,0,"- ","- ",,,ALAMEDA,OAKLAND,-122.22473907470703,37.77978515625
9483950,2022,2022-08-23,0109,2022-06-04,0824,9742,1,6,5,7,0109,0,0,0,,0,07X,"SAN PABLO AV","29TH ST",0.00,,Y,A,-,N,,,,,,,,,,Y,4,0,2,2,A,-,08,22107,,N,D,C,A,A,-,-,A,D,0,,,,,Y,,A,01,0,0,2,0,0,0,0,0,0,"- ","- ",,,ALAMEDA,OAKLAND,-122.27620697021484,37.819477081298828
91869298,2022,2022-09-20,9370,2022-09-11,1220,022722,,7,1,7,0109,0,1,3,,2,025,"SR-24 W/B","42ND ST",1110.00,E,N,A,-,Y,,,24,,,,,,W,N,4,0,1,2,A,-,03,22350,,N,C,C,A,A,H,-,A,D,0,,,,,Y,,A,01,0,0,1,0,0,0,0,0,0,"- ","- ",37.832939147949219,-122.26669311523438,ALAMEDA,OAKLAND,-122.26661682128906,37.832927703857422
9431965,2022,2022-04-19,0109,2022-01-28,1738,9169,1,5,5,7,0109,0,0,0,,0,12X,BROADWAY,"GARNET ST",0.00,,Y,A,-,N,,,,,,,,,,N,3,0,2,2,A,-,09,21801,A,N,D,G,A,A,H,-,B,A,0,,Y,Y,,Y,,L,04,0,1,1,0,0,0,1,0,1,"- ","- ",,,ALAMEDA,OAKLAND,-122.25501251220703,37.830211639404297
9446230,2022,2022-06-01,0109,2022-01-28,2201,8966,2,5,5,7,0109,0,0,0,,0,23X,"HIGH ST","FOOTHILL BL",0.00,,Y,A,-,N,,,,,,,,,,Y,4,0,1,2,A,-,12,21453,A,M,D,C,A,A,H,-,C,A,0,,,,,Y,,-,,0,0,1,0,0,0,0,0,0,"- ","- ",,,ALAMEDA,OAKLAND,-122.21180725097656,37.774692535400391
9457745,2022,2022-06-14,0109,2022-05-18,0510,8610,1,3,5,7,0109,0,0,0,,0,03X,"JACKSON ST","8TH ST",4.00,S,N,A,-,N,,,,,,,,,,N,2,0,1,2,A,-,10,21950,A,N,G,B,B,A,H,-,A,A,0,Y,,,,Y,,A,01,1,0,0,0,1,0,0,0,0,"- ","- ",,,ALAMEDA,OAKLAND,-122.26781463623047,37.7978515625
9468187,2022,2023-01-18,0109,2022-12-09,1510,9961,1,5,5,7,0109,0,0,0,,0,11X,"TELEGRAPH AV","56TH ST",0.00,,Y,B,-,N,,,,,,,,,,Y,4,0,1,2,A,-,05,21651,A,N,C,C,A,A,H,-,A,A,0,,,,,Y,,A,01,0,0,1,0,0,0,0,0,0,"- ","- ",,,ALAMEDA,OAKLAND,-122.26179504394531,37.8409423828125
9491188,2022,2022-10-19,0109,2022-06-28,1011,9400,2,2,5,7,0109,0,0,0,,0,31X,"SAN LEANDRO ST","92ND AV",50.00,W,N,A,-,N,,,,,,,,,,N,3,0,1,3,A,-,03,22350,,M,B,J,-,A,H,-,A,D,0,Y,,,,Y,,A,01,0,1,0,0,1,0,0,0,0,"- ","- ",,,ALAMEDA,OAKLAND,-122.18479919433594,37.743408203125
9498118,2022,2022-09-27,0109,2022-08-18,1738,9172,1,4,5,7,0109,0,0,0,,0,04X,"16TH ST","MLK JR WAY",0.00,,Y,A,-,N,,,,,,,,,,N,4,0,1,2,A,-,12,21453,A,M,D,C,A,A,H,-,A,A,0,,,,,Y,,A,01,0,0,1,0,0,0,0,0,0,"- ","- ",,,ALAMEDA,OAKLAND,-122.27513122558594,37.807506561279297
91874324,2022,2022-09-27,9370,2022-08-29,1325,022974,,1,1,7,0109,0,1,3,,2,024,"SR-24 E/B","GOLDEN GATE AVE",315.00,W,N,A,-,Y,,,,,,,,,,Y,3,0,1,2,A,-,07,21658,A,N,B,C,A,A,H,-,A,D,0,,,,,Y,,A,01,0,1,0,0,0,0,0,0,0,"- ","- ",37.824848175048828,-122.26596832275391,ALAMEDA,OAKLAND,-122.24089813232422,37.849601745605469
91945273,2022,2022-12-19,9370,2022-12-04,1438,022990,,7,2,7,0109,0,1,1,,2,052,"I-580 E/B","GOLF LINKS RD",1180.00,W,N,A,-,Y,,,580,,,,,,E,Y,4,0,1,2,A,-,03,22350,,M,C,C,A,A,H,-,A,D,0,,,,,Y,,-,99,0,0,1,0,0,0,0,0,0,"- ","- ",37.750301361083984,-122.15148162841797,ALAMEDA,OAKLAND,-122.15162658691406,37.750236511230469
9523819,2022,2022-11-23,0109,2022-09-14,0838,9939,1,3,5,7,0109,0,0,0,,0,04X,"14TH ST",BROADWAY,10.00,W,N,A,-,N,,,,,,,,,,N,3,0,1,2,A,-,08,22102,,N,D,G,A,A,H,-,A,A,0,,Y,,,Y,,A,01,0,1,0,0,0,0,1,0,0,"- ","- ",,,ALAMEDA,OAKLAND,-122.27123260498047,37.804332733154297