CASE_ID,ACCIDENT_YEAR,PROC_DATE,JURIS,COLLISION_DATE,COLLISION_TIME,OFFICER_ID,REPORTING_DISTRICT,DAY_OF_WEEK,CHP_SHIFT,POPULATION,CNTY_CITY_LOC,SPECIAL_COND,BEAT_TYPE,CHP_BEAT_TYPE,CITY_DIVISION_LAPD,CHP_BEAT_CLASS,BEAT_NUMBER,PRIMARY_RD,SECONDARY_RD,DISTANCE,DIRECTION,INTERSECTION,WEATHER_1,WEATHER_2,STATE_HWY_IND,CALTRANS_COUNTY,CALTRANS_DISTRICT,STATE_ROUTE,ROUTE_SUFFIX,POSTMILE_PREFIX,POSTMILE,LOCATION_TYPE,RAMP_INTERSECTION,SIDE_OF_HWY,TOW_AWAY,COLLISION_SEVERITY,NUMBER_KILLED,NUMBER_INJURED,PARTY_COUNT,PRIMARY_COLL_FACTOR,PCF_CODE_OF_VIOL,PCF_VIOL_CATEGORY,PCF_VIOLATION,PCF_VIOL_SUBSECTION,HIT_AND_RUN,TYPE_OF_COLLISION,MVIW,PED_ACTION,ROAD_SURFACE,ROAD_COND_1,ROAD_COND_2,LIGHTING,CONTROL_DEVICE,CHP_ROAD_TYPE,PEDESTRIAN_ACCIDENT,BICYCLE_ACCIDENT,MOTORCYCLE_ACCIDENT,TRUCK_ACCIDENT,NOT_PRIVATE_PROPERTY,ALCOHOL_INVOLVED,STWD_VEHTYPE_AT_FAULT,CHP_VEHTYPE_AT_FAULT,COUNT_SEVERE_INJ,COUNT_VISIBLE_INJ,COUNT_COMPLAINT_PAIN,COUNT_PED_KILLED,COUNT_PED_INJURED,COUNT_BICYCLIST_KILLED,COUNT_BICYCLIST_INJURED,COUNT_MC_KILLED,COUNT_MC_INJURED,PRIMARY_RAMP,SECONDARY_RAMP,LATITUDE,LONGITUDE,COUNTY,CITY,POINT_X,POINT_Y
9524130,2022,2022-12-08,0109,2022-09-15,0019,9995,2,4,5,7,0109,0,0,0,,0,26X,"HEGENBERGER RD","HAMILTON ST",0.00,,Y,A,-,N,,,,,,,,,,N,3,0,2,2,A,-,12,21453,A,N,D,C,A,A,H,-,B,A,0,,,,,Y,,-,"- ",0,1,1,0,0,0,0,0,0,"- ","- ",,,ALAMEDA,OAKLAND,-122.19038391113281,37.756450653076172
9525097,2022,2023-09-11,0109,2022-07-09,1207,9969,2,6,5,7,0109,0,0,0,,0,23X,"SAN LEANDRO ST","37TH AV",30.00,W,N,A,-,N,,,,,,,,,,N,4,0,3,3,A,-,21,22106,,N,H,C,A,A,H,-,A,A,0,,,,,Y,,A,07,0,0,3,0,0,0,0,0,0,"- ","- ",,,ALAMEDA,OAKLAND,-122.22251892089844,37.773193359375
9538597,2022,2023-01-04,0109,2022-06-18,1805,9565,1,6,5,7,0109,0,0,0,,0,19X,"INTERNATIONAL BL","2ND AV",0.00,,Y,A,-,N,,,,,,,,,,N,3,0,2,2,A,-,09,21801,A,M,E,C,A,A,H,-,A,A,0,,,,,Y,,A,01,0,2,0,0,0,0,0,0,0,"- ","- ",,,ALAMEDA,OAKLAND,-122.25627899169922,37.797931671142578
9540167,2022,2023-02-06,0109,2022-12-11,1300,9969,2,7,5,7,0109,0,0,0,,0,34X,"INTERNATIONAL BL","95TH AV",0.00,,Y,B,-,N,,,,,,,,,,N,2,0,2,3,A,-,10,21950,A,F,G,B,B,A,H,-,A,D,0,Y,,,,Y,,A,01,1,0,1,0,2,0,0,0,0,"- ","- ",,,ALAMEDA,OAKLAND,-122.17213439941406,37.746448516845703
91742916,2022,2022-04-07,9370,2022-03-25,2115,022856,,5,2,7,0109,0,1,1,,2,178,"I-880 S/B","ADELINE ST",760.00,S,N,A,-,Y,,,880,,,,,,S,Y,3,0,1,1,A,-,08,22107,,N,E,I,A,A,H,-,C,D,0,,,,,Y,,A,01,0,1,0,0,0,0,0,0,0,"- ","- ",37.802440643310547,-122.28591156005859,ALAMEDA,OAKLAND,-122.28590393066406,37.802490234375
9457732,2022,2022-06-09,0109,2022-02-02,0645,9562,1,3,5,7,0109,0,0,0,,0,03X,"JACKSON ST","8TH ST",0.00,,Y,A,-,N,,,,,,,,,,N,3,0,2,2,A,-,12,21453,A,N,B,C,A,A,H,-,A,A,0,,,,,Y,,A,01,0,1,1,0,0,0,0,0,0,"- ","- ",,,ALAMEDA,OAKLAND,-122.26780700683594,37.797859191894531
9465255,2022,2023-01-13,0109,2022-11-27,1516,9832,1,7,5,7,0109,0,0,0,,0,19X,EMBARCADERO,"9TH AV",300.00,E,N,A,-,N,,,,,,,,,,N,3,0,1,2,A,-,03,22350,,M,D,C,A,A,H,-,A,D,0,,,Y,,Y,,C,02,0,1,0,0,0,0,0,0,1,"- ","- ",,,ALAMEDA,OAKLAND,-122.25302886962891,37.78863525390625
9525543,2022,2023-01-30,0109,2022-04-27,0838,9479,2,3,5,7,0109,0,0,0,,0,26X,"66TH AV",LUCILLE,0.00,,Y,A,-,N,,,,,,,,,,N,4,0,3,2,A,-,12,22450,A,N,D,C,A,A,-,-,A,A,0,,,,,Y,,A,08,0,0,3,0,0,0,0,0,0,"- ","- ",,,ALAMEDA,OAKLAND,-122.19579315185547,37.760498046875
9586665,2022,2023-06-16,0109,2022-08-21,1930,9109,1,7,5,7,0109,0,0,0,,0,04X,"FRANKLIN ST","15TH ST",100.00,N,N,A,-,N,,,,,,,,,,N,4,0,1,4,A,-,08,22107,,N,G,B,E,A,H,-,A,A,0,Y,,,,Y,Y,A,01,0,0,1,0,1,0,0,0,0,"- ","- ",,,ALAMEDA,OAKLAND,-122.26920318603516,37.8050537109375
91845996,2022,2022-08-22,9370,2022-07-03,0555,022637,,7,3,7,0109,0,1,1,,2,176,"I-880 S/B","66TH AVENUE",3415.00,N,N,A,-,Y,,,880,,,,,,S,N,2,0,1,1,A,-,08,22107,,M,E,I,A,A,H,-,A,D,0,,,,,Y,,A,07,1,0,0,0,0,0,0,0,0,"- ","- ",37.761650085449219,-122.21505737304688,ALAMEDA,OAKLAND,-122.215087890625,37.761627197265625
91965648,2022,2023-01-11,9370,2022-12-31,0616,022845,,6,1,7,0109,0,1,1,,2,177,"I-880 N/B","23RD AVE",1041.00,N,N,B,C,Y,,,880,,,,,,N,Y,2,0,2,2,C,-,18,,,N,D,2,A,B,H,-,D,B,0,,,,,Y,,-,"- ",2,0,0,0,0,0,0,0,0,"- ","- ",37.781570434570312,-122.23880767822266,ALAMEDA,OAKLAND,-122.23867034912109,37.7816162109375
9435397,2022,2022-04-14,0109,2022-01-21,1030,9370,1,5,5,7,0109,0,0,0,,0,15X,"MCKINLEY AV","PARK BL",40.00,W,N,A,-,N,,,,,,,,,,N,4,0,1,2,A,-,13,22515,B,N,G,B,E,A,H,-,A,D,0,Y,,,,Y,,A,01,0,0,1,0,1,0,0,0,0,"- ","- ",,,ALAMEDA,OAKLAND,-122.23882293701172,37.802738189697266
9435520,2022,2022-04-29,0109,2022-03-09,0740,9481,1,3,5,7,0109,0,0,0,,0,02X,"7TH ST","FRONTAGE RD",0.00,,Y,A,-,N,,,,,,,,,,N,4,0,1,1,A,-,08,22107,,N,F,A,A,A,H,-,A,A,0,,,,Y,Y,,F,25,0,0,1,0,0,0,0,0,0,"- ","- ",,,ALAMEDA,OAKLAND,-122.30405426025391,37.807819366455078
9451004,2022,2022-06-21,0109,2022-05-14,1741,9678,2,6,5,7,0109,0,0,0,,0,32X,"MACARTHUR BL","99TH AV",5.00,W,N,A,-,N,,,,,,,,,,N,4,0,1,4,A,-,08,22107,,N,C,E,A,A,H,-,A,A,0,,,,,Y,,D,23,0,0,1,0,0,0,0,0,0,"- ","- ",,,ALAMEDA,OAKLAND,-122.1572265625,37.747390747070312
9456859,2022,2022-06-24,0109,2022-02-16,1852,9172,1,3,5,7,0109,0,0,0,,0,10X,"MARTIN LUTHER KING JR WY","40TH ST",0.00,,Y,A,-,N,,,,,,,,,,N,4,0,1,2,A,-,10,21950,A,N,G,B,B,A,H,-,C,A,0,Y,,,,Y,,A,01,0,0,1,0,1,0,0,0,0,"- ","- ",,,ALAMEDA,OAKLAND,-122.2684326171875,37.82977294921875
9457684,2022,2022-06-09,0109,2022-01-30,0014,9926,2,7,5,7,0109,0,0,0,,0,26X,"INTERNATIONAL BL","46TH AV",0.00,,Y,-,-,N,,,,,,,,,,Y,4,0,2,2,A,-,00,21655,1,M,D,C,A,A,-,-,C,A,0,,,,,Y,,A,01,0,0,2,0,0,0,0,0,0,"- ","- ",,,ALAMEDA,OAKLAND,-122.21176147460938,37.77081298828125
9457699,2022,2022-06-09,0109,2022-01-14,1645,8811,2,5,5,7,0109,0,0,0,,0,25X,"CAMPUS DR","REDWOOD RD",400.00,E,N,A,-,N,,,,,,,,,,N,4,0,1,1,A,-,08,22107,,N,A,I,A,A,H,-,A,D,0,,,,,Y,,A,07,0,0,1,0,0,0,0,0,0,"- ","- ",,,ALAMEDA,OAKLAND,-122.174560546875,37.794536590576172
9466821,2022,2023-02-08,0109,2022-08-31,1906,9516,1,3,5,7,0109,0,0,0,,0,05X,"GRAND AV","MANDELA PKWY",0.00,,Y,A,-,N,,,,,,,,,,N,4,0,1,2,A,-,09,21806,A,N,A,C,A,A,-,-,A,A,0,,,,,Y,,A,01,0,0,1,0,0,0,0,0,0,"- ","- ",,,ALAMEDA,OAKLAND,-122.28962707519531,37.816810607910156
9502732,2022,2022-09-16,0109,2022-06-25,0702,8483,2,6,5,7,0109,0,0,0,,0,32X,"SAN LEANDRO ST","STONE ST",10.00,W,N,A,-,N,,,,,,,,,,N,4,0,2,2,A,-,08,22107,,N,B,C,A,A,H,-,A,D,0,,,,,Y,,A,01,0,0,2,0,0,0,0,0,0,"- ","- ",,,ALAMEDA,OAKLAND,-122.17729187011719,37.737209320068359
9539591,2022,2023-01-20,0109,2022-05-23,1015,9776,1,1,5,7,0109,0,0,0,,0,07X,"34TH ST","ADELINE ST",0.00,,Y,A,-,N,,,,,,,,,,N,4,0,1,2,A,-,12,22450,A,N,D,C,A,A,H,-,A,C,0,,,,,Y,,A,01,0,0,1,0,0,0,0,0,0,"- ","- ",,,ALAMEDA,OAKLAND,-122.28033447265625,37.825496673583984
91776562,2022,2022-05-20,9370,2022-05-06,1350,022854,,5,1,7,0109,0,1,1,,2,176,"I-880 S/B","ZHONE WAY",2180.00,N,N,A,-,Y,,,880,,,,,,S,Y,3,0,1,3,A,-,03,22350,,N,C,C,A,A,H,-,A,D,0,,,,,Y,,A,01,0,1,0,0,0,0,0,0,0,"- ","- ",37.758899688720703,-122.21251678466797,ALAMEDA,OAKLAND,-122.21263122558594,37.758804321289062
9426458,2022,2022-04-04,0109,2022-02-17,1845,9904,2,4,5,7,0109,0,0,0,,0,07X,"34TH ST","PERALTA ST",25.00,W,N,A,-,N,,,,,,,,,,N,4,0,1,2,A,-,09,21802,A,N,B,G,A,A,H,-,C,A,0,,Y,,,Y,,L,04,0,0,1,0,0,0,1,0,0,"- ","- ",,,ALAMEDA,OAKLAND,-122.28234100341797,37.825958251953125
9449701,2022,2022-06-07,0109,2022-02-25,1459,9603,2,5,5,7,0109,0,0,0,,0,21X,"FRUITVALE AV","SCHOOL ST",0.00,,Y,A,-,N,,,,,,,,,,N,4,0,1,2,A,-,08,22107,,N,E,I,C,A,H,-,A,A,0,Y,,,,Y,,A,07,0,0,1,0,1,0,0,0,0,"- ","- ",,,ALAMEDA,OAKLAND,-122.21811676025391,37.795345306396484
9451045,2022,2022-07-01,0109,2022-03-04,1922,8585,2,5,5,7,0109,0,0,0,,0,21X,"E 19TH ST","23RD AV",0.00,,Y,A,-,N,,,,,,,,,,Y,4,0,1,2,A,-,12,22450,A,M,D,C,A,A,H,-,C,A,0,,,,,Y,,D,22,0,0,1,0,0,0,0,0,0,"- ","- ",,,ALAMEDA,OAKLAND,-122.2325439453125,37.786571502685547
9451357,2022,2022-06-30,0109,2022-05-11,0816,9381,2,3,5,7,0109,0,0,0,,0,26X,"SAN LEANDRO ST","50TH ST",0.00,,Y,A,-,N,,,,,,,,,,N,4,0,2,2,A,-,09,21801,A,N,D,C,A,A,H,-,A,A,0,,,,,Y,,A,07,0,0,2,0,0,0,0,0,0,"- ","- ",,,ALAMEDA,OAKLAND,-122.21212768554688,37.766357421875
9490966,2022,2022-09-01,0109,2022-07-27,0213,10000,2,3,5,7,0109,0,0,0,,0,31X,"HEGENBERGER RD","BALDWIN ST",180.00,N,N,A,-,N,,,,,,,,,,N,2,0,1,2,A,-,03,22350,,F,G,B,D,A,H,-,C,A,0,Y,,,,Y,,A,07,1,0,0,0,1,0,0,0,0,"- ","- ",,,ALAMEDA,OAKLAND,-122.19632720947266,37.748039245605469
9491568,2022,2022-09-14,0109,2022-08-13,0647,8483,2,6,5,7,0109,0,0,0,,0,35X,"GOLF LINKS DR","98TH AV",350.00,W,N,A,-,N,,,,,,,,,,Y,4,0,1,1,A,-,08,22107,,N,H,J,A,A,H,-,A,D,0,,,,,Y,,A,01,0,0,1,0,0,0,0,0,0,"- ","- ",,,ALAMEDA,OAKLAND,-122.15274810791016,37.754932403564453
9495313,2022,2022-10-03,0109,2022-08-24,1351,10007,1,3,5,7,0109,0,0,0,,0,18X,"14TH AV","E 21ST ST",70.00,S,N,A,-,N,,,,,,,,,,N,3,0,1,1,A,-,08,22107,,N,E,J,A,A,H,-,A,D,0,,,Y,,Y,,C,02,0,1,0,0,0,0,0,0,1,"- ","- ",,,ALAMEDA,OAKLAND,-122.24025726318359,37.793754577636719
9499045,2022,2022-10-20,0109,2022-07-28,1135,9841,2,4,5,7,0109,0,0,0,,0,23X,"35TH AV","E 18TH ST",0.00,,Y,A,-,N,,,,,,,,,,N,3,0,2,2,D,-,00,,,N,D,C,A,A,H,-,A,D,0,,,,,Y,,-,"- ",0,1,1,0,0,0,0,0,0,"- ","- ",,,ALAMEDA,OAKLAND,-122.22007751464844,37.780750274658203
9432896,2022,2022-09-01,0109,2022-04-02,1723,9874,2,6,5,7,0109,0,0,0,,0,26X,"SAN LEANDRO ST","66TH AV",0.00,,Y,A,-,N,,,,,,,,,,N,4,0,5,4,B,-,22,,,N,D,C,A,A,H,-,A,A,0,,,,,Y,,J,48,0,0,5,0,0,0,0,0,0,"- ","- ",,,ALAMEDA,OAKLAND,-122.20078277587891,37.756809234619141
9483376,2022,2022-08-04,0109,2022-05-29,0318,9712,1,7,5,7,0109,0,0,0,,0,19X,"INTERNATIONAL BL","6TH AV",100.00,E,N,A,-,N,,,,,,,,,,Y,4,0,2,3,A,-,05,21651,B,M,A,C,A,A,H,-,C,D,0,,,,,Y,,A,01,0,0,2,0,0,0,0,0,0,"- ","- ",,,ALAMEDA,OAKLAND,-122.25277709960938,37.794815063476562
9493909,2022,2022-10-11,0109,2022-08-09,1545,10003,2,2,5,7,0109,0,0,0,,0,23X,"FRUITVALE AV","SAN LEANDRO ST",0.00,,Y,-,-,N,,,,,,,,,,N,3,0,1,2,A,-,08,22107,,N,H,G,A,A,H,-,A,A,0,,Y,,,Y,,I,20,0,1,0,0,0,0,1,0,0,"- ","- ",,,ALAMEDA,OAKLAND,-122.22700500488281,37.775257110595703
9539240,2022,2023-01-20,0109,2022-12-14,1730,9953,2,3,5,7,0109,0,0,0,,0,34X,"INTERNATIONAL BL","94TH AV",0.00,,Y,A,-,N,,,,,,,,,,N,4,0,1,2,A,-,00,21655,5,N,B,C,A,A,H,-,C,A,0,,,,,Y,,A,01,0,0,1,0,0,0,0,0,0,"- ","- ",,,ALAMEDA,OAKLAND,-122.17264556884766,37.747150421142578
91765122,2022,2022-05-05,9370,2022-04-13,1733,022800,,3,2,7,0109,0,1,1,,2,008,"I-80 E/B","I-880 N/B  TO I-80 W/B OVER-CROSSING",1443.00,E,N,B,-,Y,,,80,,,,,,E,N,4,0,1,1,A,-,08,22107,,N,E,I,A,A,H,-,A,D,0,,,Y,,Y,,C,02,0,0,1,0,0,0,0,0,1,"- ","- ",37.826068878173828,-122.30034637451172,ALAMEDA,OAKLAND,-122.30036926269531,37.826171875
91907981,2022,2022-11-02,9370,2022-09-22,0317,022988,,4,3,7,0109,0,1,1,,2,008,"I-580 W/B TO I-80 W/B","BEACH ST",1580.00,W,N,A,-,Y,,,580,,,,R,,W,Y,2,0,1,1,A,-,01,23152,A,F,E,I,A,A,H,-,C,D,0,,,,,Y,Y,A,01,1,0,0,0,0,0,0,0,0,"- ","- ",37.827201843261719,-122.29647827148438,ALAMEDA,OAKLAND,-122.29647827148438,37.827201843261719
9447918,2022,2022-09-14,0109,2022-07-04,1240,9914,2,1,5,7,0109,0,0,0,,0,32X,"100TH AV","DANTE AV",0.00,,Y,B,-,N,,,,,,,,,,Y,4,0,3,2,A,-,12,22450,A,N,D,C,A,A,H,-,A,A,0,,,,,Y,,A,01,0,0,3,0,0,0,0,0,0,"- ","- ",,,ALAMEDA,OAKLAND,-122.15859222412109,37.745216369628906
9495314,2022,2022-10-03,0109,2022-08-22,1949,9962,2,1,5,7,0109,0,0,0,,0,33X,"96TH AV","INTERNATIONAL BL",0.00,,Y,A,-,N,,,,,,,,,,N,4,0,1,2,A,-,12,21453,A,N,D,C,A,A,H,-,A,A,0,,,,,Y,,A,01,0,0,1,0,0,0,0,0,0,"- ","- ",,,ALAMEDA,OAKLAND,-122.17160797119141,37.745738983154297
9498320,2022,2022-10-18,0109,2022-09-27,1121,9394,2,2,5,7,0109,0,0,0,,0,23X,"SAN LEANDRO ST","42ND AV",0.00,,Y,A,-,N,,,,,,,,,,N,4,0,1,2,A,-,09,21802,A,N,A,C,A,A,H,-,A,D,0,,,,,Y,,A,07,0,0,1,0,0,0,0,0,0,"- ","- ",,,ALAMEDA,OAKLAND,-122.21823883056641,37.771137237548828
9522969,2022,2023-01-03,0109,2022-11-24,0914,9474,1,4,5,7,0109,0,0,0,,0,04X,"14TH ST","JACKSON ST",0.00,,Y,A,-,N,,,,,,,,,,N,4,0,1,2,A,-,12,21453,A,N,D,C,A,A,H,-,A,A,0,,,,,Y,,A,01,0,0,1,0,0,0,0,0,0,"- ","- ",,,ALAMEDA,OAKLAND,-122.26523590087891,37.801971435546875
9524157,2022,2022-12-07,0109,2022-10-31,2023,9727,2,1,5,7,0109,0,0,0,,0,33X,"90TH AV","A ST",0.00,,Y,A,-,N,,,,,,,,,,N,4,0,1,2,A,-,10,21950,A,N,G,B,B,A,H,-,D,A,0,Y,,,,Y,,A,01,0,0,1,0,1,0,0,0,0,"- ","- ",,,ALAMEDA,OAKLAND,-122.17636108398438,37.748977661132812
9539007,2022,2023-01-24,0109,2022-12-17,1159,9885,2,6,5,7,0109,0,0,0,,0,34X,"90TH AV","CHERRY ST",0.00,,Y,A,-,N,,,,,,,,,,N,4,0,1,2,A,-,12,22450,A,N,D,C,A,A,H,-,A,D,0,,,,,Y,,A,01,0,0,1,0,0,0,0,0,0,"- ","- ",,,ALAMEDA,OAKLAND,-122.17010498046875,37.751560211181641
9553718,2022,2023-03-22,0109,2022-12-25,1446,9904,2,7,5,7,0109,0,0,0,,0,31X,"NEVADA ST","WALTER AV",0.00,,Y,B,-,N,,,,,,,,,,N,4,0,1,2,A,-,09,21802,A,N,D,C,A,A,H,-,A,A,0,,,Y,,Y,Y,C,02,0,0,1,0,0,0,0,0,1,"- ","- ",,,ALAMEDA,OAKLAND,-122.18338012695312,37.737613677978516
9562624,2022,2023-04-06,0109,2022-11-28,1854,9717,1,1,5,7,0109,0,0,0,,0,09X,"FAIRMONT AV","MACARTHUR BL",0.00,,Y,A,-,N,,,,,,,,,,N,4,0,1,2,A,-,09,21801,A,N,H,A,A,A,H,-,C,A,0,,,Y,,Y,,A,01,0,0,1,0,0,0,0,0,1,"- ","- ",,,ALAMEDA,OAKLAND,-122.25457000732422,37.821502685546875
91778062,2022,2022-05-23,9370,2022-05-14,1350,022077,,6,1,7,0109,0,1,1,,2,176,"I-880 S/B","42ND AVE",1730.00,N,N,A,-,Y,,,880,,,,,,S,N,3,0,1,3,A,-,03,22350,,N,C,C,A,A,H,-,A,D,0,,,,,Y,,A,07,0,1,0,0,0,0,0,0,0,"- ","- ",37.772529602050781,-122.22599029541016,ALAMEDA,OAKLAND,-122.22602081298828,37.772441864013672
9442405,2022,2022-04-29,0109,2022-03-21,0806,9738,1,1,5,7,0109,0,0,0,,0,02X,"MARKET ST","12TH ST",0.00,,Y,A,-,N,,,,,,,,,,N,4,0,1,2,A,-,12,21453,A,N,D,C,A,A,H,-,A,A,0,,,,,Y,,A,01,0,0,1,0,0,0,0,0,0,"- ","- ",,,ALAMEDA,OAKLAND,-122.28150939941406,37.806678771972656
9473876,2022,2022-09-20,0109,2022-07-20,1350,9142,2,3,5,7,0109,0,0,0,,0,26X,"SAN LEANDRO BL","SEMINARY AV",0.00,,Y,A,-,N,,,,,,,,,,N,4,0,1,2,A,-,08,22107,,M,B,C,A,A,H,-,A,A,0,,,,,Y,,A,01,0,0,1,0,0,0,0,0,0,"- ","- ",,,ALAMEDA,OAKLAND,-122.20559692382812,37.760875701904297
9500673,2022,2022-10-13,0109,2022-05-17,1210,9688,2,2,5,7,0109,0,0,0,,0,32X,"E ST","106TH AV",20.00,E,N,A,-,N,,,,,,,,,,N,4,0,1,2,A,-,17,22517,,N,H,C,A,A,H,-,A,A,0,,,,,Y,,A,01,0,0,1,0,0,0,0,0,0,"- ","- ",,,ALAMEDA,OAKLAND,-122.17218780517578,37.735782623291016
9523836,2022,2022-11-21,0109,2022-09-24,2016,9458,1,6,5,7,0109,0,0,0,,0,12X,"MARTIN ST","CLAREMONT AV",30.00,W,N,A,-,N,,,,,,,,,,N,2,0,1,2,A,-,10,21950,A,F,G,B,E,A,H,-,C,A,0,Y,,,,Y,,A,07,1,0,0,0,1,0,0,0,0,"- ","- ",,,ALAMEDA,OAKLAND,-122.257080078125,37.843605041503906
9525519,2022,2023-02-02,0109,2022-12-30,1713,9480,1,5,5,7,0109,0,0,0,,0,04X,BROADWAY,"21ST ST",0.00,,Y,B,C,N,,,,,,,,,,N,4,0,1,2,A,-,10,21950,A,N,G,B,B,B,H,-,C,A,0,Y,,,,Y,,A,01,0,0,1,0,1,0,0,0,0,"- ","- ",,,ALAMEDA,OAKLAND,-122.26760864257812,37.810043334960938
91739632,2022,2022-04-04,9370,2022-03-23,0040,022430,,3,3,7,0109,0,1,1,,2,176,"INTERSTATE 880 NORTHBOUND","HEGENBERGER ROAD",10.00,N,N,A,-,Y,,,880,,,,,,N,N,4,0,3,2,A,-,07,21658,A,N,C,C,A,A,H,-,C,A,0,,,,,Y,,A,01,0,0,3,0,0,0,0,0,0,"- ","- ",37.741050720214844,-122.19664001464844,ALAMEDA,OAKLAND,-122.19663238525391,37.741058349609375
91957612,2022,2023-01-02,9370,2022-10-18,0845,022919,,2,1,7,0109,0,1,1,,2,052,"I-580 W/B","HIGH ST",300.00,E,N,A,-,Y,,,580,,,,,,W,N,4,0,1,2,A,-,07,21658,A,N,B,C,A,A,H,-,A,D,0,,,,,Y,,A,01,0,0,1,0,0,0,0,0,0,"- ","- ",37.786540985107422,-122.19528961181641,ALAMEDA,OAKLAND,-122.19527435302734,37.786579132080078
9431541,2022,2022-04-13,0109,2022-02-26,1840,8198,1,6,5,7,0109,0,0,0,,0,11X,"52ND ST","SHATTUCK AV",0.00,,Y,A,-,N,,,,,,,,,,N,4,0,1,2,A,-,08,22107,,N,G,C,A,A,H,-,C,A,0,,,,,Y,,A,07,0,0,1,0,0,0,0,0,0,"- ","- ",,,ALAMEDA,OAKLAND,-122.26418304443359,37.837898254394531
9444185,2022,2022-05-17,0109,2022-02-13,1520,9845,1,7,5,7,0109,0,0,0,,0,06X,"27TH ST","NORTHGATE AV",0.00,,Y,A,-,N,,,,,,,,,,N,4,0,3,3,A,-,12,21453,A,N,D,C,A,A,H,-,A,A,0,,,,,Y,,A,01,0,0,3,0,0,0,0,0,0,"- ","- ",,,ALAMEDA,OAKLAND,-122.26984405517578,37.816471099853516
9455073,2022,2022-06-30,0109,2022-05-08,1642,9854,2,7,5,7,0109,0,0,0,,0,20X,"E 12TH ST","29TH AV",0.00,,Y,A,-,N,,,,,,,,,,N,4,0,2,2,A,-,12,21453,A,M,B,C,A,A,H,-,A,A,0,,,,,Y,,A,01,0,0,2,0,0,0,0,0,0,"- ","- ",,,ALAMEDA,OAKLAND,-122.23027801513672,37.778049468994141
9457693,2022,2022-06-09,0109,2022-01-18,1208,9149,1,2,5,7,0109,0,0,0,,0,10X,"MARKET ST","63RD ST",0.00,,Y,A,-,N,,,,,,,,,,N,4,0,1,2,-,-,"- ",,A,N,A,C,A,A,H,-,A,D,0,,,,,Y,,A,07,0,0,1,0,0,0,0,0,0,"- ","- ",,,ALAMEDA,OAKLAND,-122.27748870849609,37.847042083740234
9492834,2022,2022-09-12,0109,2022-05-25,2221,9385,1,3,5,7,0109,0,0,0,,0,07X,"MARKET ST","28TH ST",0.00,,Y,A,-,N,,,,,,,,,,N,4,0,1,2,A,-,12,22450,A,N,D,C,A,A,H,-,C,D,0,,,,,Y,,A,01,0,0,1,0,0,0,0,0,0,"- ","- ",,,ALAMEDA,OAKLAND,-122.27696228027344,37.819061279296875
9499036,2022,2022-10-20,0109,2022-07-09,2011,9845,1,6,5,7,0109,0,0,0,,0,06X,"WEST ST","36TH ST",10.00,S,N,A,-,N,,,,,,,,,,N,4,0,1,2,A,-,08,22107,,M,A,C,A,A,H,-,A,A,0,,,,,Y,,A,07,0,0,1,0,0,0,0,0,0,"- ","- ",,,ALAMEDA,OAKLAND,-122.27214813232422,37.825603485107422
9522866,2022,2023-01-11,0109,2022-11-16,1421,10043,2,3,5,7,0109,0,0,0,,0,34X,"AUSEON AV","HOLLY ST",0.00,,Y,A,-,N,,,,,,,,,,Y,4,0,1,2,A,-,12,22450,A,M,D,C,A,A,H,-,A,A,0,,,,,Y,,D,22,0,0,1,0,0,0,0,0,0,"- ","- ",,,ALAMEDA,OAKLAND,-122.17471313476562,37.753002166748047
9539315,2022,2023-02-04,0109,2022-12-25,1812,9874,2,7,5,7,0109,0,0,0,,0,23X,"SAN LEANDRO ST","HIGH ST",0.00,,Y,A,-,N,,,,,,,,,,N,3,0,3,2,A,-,09,21802,A,N,D,C,A,A,H,-,C,B,0,,,,,Y,,A,01,0,1,2,0,0,0,0,0,0,"- ","- ",,,ALAMEDA,OAKLAND,-122.21713256835938,37.770622253417969
9562532,2022,2023-04-05,0109,2022-10-15,1719,9807,1,6,5,7,0109,0,0,0,,0,01X,"4TH ST","HARRISON ST",0.00,,Y,B,-,N,,,,,,,,,,N,4,0,1,2,A,-,09,21802,A,N,D,C,A,A,H,-,A,A,0,,,Y,,Y,,A,01,0,0,1,0,0,0,0,0,1,"- ","- ",,,ALAMEDA,OAKLAND,-122.27204132080078,37.796092987060547
91749804,2022,2022-04-18,9370,2022-04-08,1250,022430,,5,1,7,0109,0,1,1,,2,055,"INTERSTATE 580 WESTBOUND","SAN PABLO AVENUE UNDERCROSSING",1490.00,W,N,A,-,Y,,,580,,,,,,W,N,4,0,1,2,A,-,03,22350,,N,C,C,A,A,H,-,A,A,0,,,,,Y,,A,07,0,0,1,0,0,0,0,0,0,"- ","- ",37.827438354492188,-122.28388977050781,ALAMEDA,OAKLAND,-122.28389739990234,37.827491760253906
9453615,2022,2022-06-21,0109,2022-05-05,0042,9727,2,4,5,7,0109,0,0,0,,0,32X,"98TH AV","PLYMOUTH ST",45.00,N,N,A,-,N,,,,,,,,,,N,2,0,1,2,A,-,03,22350,,N,D,C,A,A,H,-,C,A,0,,,,,Y,,A,01,1,0,0,0,0,0,0,0,0,"- ","- ",,,ALAMEDA,OAKLAND,-122.16710662841797,37.7459716796875