CASE_ID,ACCIDENT_YEAR,PROC_DATE,JURIS,COLLISION_DATE,COLLISION_TIME,OFFICER_ID,REPORTING_DISTRICT,DAY_OF_WEEK,CHP_SHIFT,POPULATION,CNTY_CITY_LOC,SPECIAL_COND,BEAT_TYPE,CHP_BEAT_TYPE,CITY_DIVISION_LAPD,CHP_BEAT_CLASS,BEAT_NUMBER,PRIMARY_RD,SECONDARY_RD,DISTANCE,DIRECTION,INTERSECTION,WEATHER_1,WEATHER_2,STATE_HWY_IND,CALTRANS_COUNTY,CALTRANS_DISTRICT,STATE_ROUTE,ROUTE_SUFFIX,POSTMILE_PREFIX,POSTMILE,LOCATION_TYPE,RAMP_INTERSECTION,SIDE_OF_HWY,TOW_AWAY,COLLISION_SEVERITY,NUMBER_KILLED,NUMBER_INJURED,PARTY_COUNT,PRIMARY_COLL_FACTOR,PCF_CODE_OF_VIOL,PCF_VIOL_CATEGORY,PCF_VIOLATION,PCF_VIOL_SUBSECTION,HIT_AND_RUN,TYPE_OF_COLLISION,MVIW,PED_ACTION,ROAD_SURFACE,ROAD_COND_1,ROAD_COND_2,LIGHTING,CONTROL_DEVICE,CHP_ROAD_TYPE,PEDESTRIAN_ACCIDENT,BICYCLE_ACCIDENT,MOTORCYCLE_ACCIDENT,TRUCK_ACCIDENT,NOT_PRIVATE_PROPERTY,ALCOHOL_INVOLVED,STWD_VEHTYPE_AT_FAULT,CHP_VEHTYPE_AT_FAULT,COUNT_SEVERE_INJ,COUNT_VISIBLE_INJ,COUNT_COMPLAINT_PAIN,COUNT_PED_KILLED,COUNT_PED_INJURED,COUNT_BICYCLIST_KILLED,COUNT_BICYCLIST_INJURED,COUNT_MC_KILLED,COUNT_MC_INJURED,PRIMARY_RAMP,SECONDARY_RAMP,LATITUDE,LONGITUDE,COUNTY,CITY,POINT_X,POINT_Y
9457686,2022,2022-06-09,0109,2022-01-30,0014,9833,2,7,5,7,0109,0,0,0,,0,31X,"HEGENBERGER RD","EDES AV",0.00,,Y,A,-,N,,,,,,,,,,N,4,0,1,2,A,-,09,21802,A,M,B,C,A,A,H,-,B,D,0,,,Y,,Y,,A,01,0,0,1,0,0,0,0,0,1,"- ","- ",,,ALAMEDA,OAKLAND,-122.19596099853516,37.744739532470703
9460086,2022,2022-06-24,0109,2022-01-20,1728,8585,2,4,5,7,0109,0,0,0,,0,27X,"BOND ST","48TH AV",0.00,,Y,A,-,N,,,,,,,,,,Y,4,0,2,2,A,-,12,22450,A,M,D,C,A,A,H,-,B,A,0,,,,,Y,,A,01,0,0,2,0,0,0,0,0,0,"- ","- ",,,ALAMEDA,OAKLAND,-122.20821380615234,37.771999359130859
9460147,2022,2022-06-23,0109,2022-02-18,1248,9736,1,5,5,7,0109,0,0,0,,0,02X,"ADELINE ST","12TH ST",0.00,,Y,A,-,N,,,,,,,,,,N,4,0,1,2,A,-,12,21453,A,M,D,C,A,A,H,-,A,A,0,,,,,Y,,A,01,0,0,1,0,0,0,0,0,0,"- ","- ",,,ALAMEDA,OAKLAND,-122.28667449951172,37.808090209960938
9464587,2022,2022-07-18,0109,2022-05-01,2115,8549,1,7,5,7,0109,0,0,0,,0,02Y,"MANDELA PKWY","14TH ST",0.00,,Y,A,-,N,,,,,,,,,,Y,3,0,2,2,A,-,09,21806,A,N,D,C,A,A,H,-,A,D,0,,,,,Y,,A,01,0,1,1,0,0,0,0,0,0,"- ","- ",,,ALAMEDA,OAKLAND,-122.29174041748047,37.810855865478516
9500045,2022,2022-09-30,0109,2022-08-11,1255,10005,2,4,5,7,0109,0,0,0,,0,30Y,"SUNKIST DR","BURCKHAL TER AV",0.00,,Y,A,-,N,,,,,,,,,,N,3,0,1,1,A,-,03,22350,,N,A,I,A,A,H,-,A,A,0,,,,,Y,,A,01,0,1,0,0,0,0,0,0,0,"- ","- ",,,ALAMEDA,OAKLAND,-122.16877746582031,37.774375915527344
91881014,2022,2022-10-03,9370,2022-09-01,1805,022941,,4,2,7,0109,0,1,1,,2,053,"I-580 E/B","13TH AVE",75.00,E,N,A,-,Y,,,580,,,,,,E,Y,3,0,1,2,A,-,03,22350,,N,C,C,A,A,H,-,A,D,0,,,,,Y,,A,07,0,1,0,0,0,0,0,0,0,"- ","- ",37.802299499511719,-122.23119354248047,ALAMEDA,OAKLAND,-122.23116302490234,37.802337646484375
91949311,2022,2022-12-22,9370,2022-09-10,1819,022990,,6,2,7,0109,0,1,3,,2,024,"SR-24 W/B TO SR-13 S/B","SR-13 S/B",2227.00,S,N,A,-,Y,,,24,,,,R,,W,Y,2,0,1,1,A,-,03,22350,,F,E,I,A,A,H,-,A,D,0,,,,,Y,,A,01,1,0,0,0,0,0,0,0,0,"- ","- ",37.849590301513672,-122.23201751708984,ALAMEDA,OAKLAND,-122.23201751708984,37.849590301513672
9500132,2022,2022-09-30,0109,2022-07-20,1652,10007,2,3,5,7,0109,0,0,0,,0,33X,"98TH AV","B ST",0.00,,Y,A,-,N,,,,,,,,,,N,4,0,1,2,A,-,09,21801,A,N,A,C,A,A,H,-,A,A,0,,,,,Y,,A,01,0,0,1,0,0,0,0,0,0,"- ","- ",,,ALAMEDA,OAKLAND,-122.17388916015625,37.742767333984375
9548657,2022,2023-02-13,0109,2022-12-10,2349,9851,2,6,5,7,0109,0,0,0,,0,29X,"SEMINARY AV","CAMDEN ST",10.00,S,N,C,-,N,,,,,,,,,,N,4,0,1,2,A,-,11,21453,D,N,A,B,B,B,H,-,C,A,0,Y,,,,Y,,N,60,0,0,1,0,1,0,0,0,0,"- ","- ",,,ALAMEDA,OAKLAND,-122.18534088134766,37.775409698486328
9566657,2022,2023-05-18,0109,2022-05-16,1529,9897,2,1,5,7,0109,0,0,0,,0,23X,"INTERNATIONAL BL","38TH AV",0.00,,Y,A,-,N,,,,,,,,,,N,4,0,1,2,A,-,12,21453,A,N,C,C,A,A,H,-,A,A,0,,,Y,,Y,,-,"- ",0,0,1,0,0,0,0,0,1,"- ","- ",,,ALAMEDA,OAKLAND,-122.21992492675781,37.774799346923828
91679096,2022,2022-01-17,9335,2022-01-09,1120,022241,,7,1,7,0109,0,1,1,,1,082,"I-80 E/B","ARMY ROAD UNDERCROSSING",5702.00,E,N,A,-,Y,,,80,,,,,,E,Y,4,0,2,2,A,-,08,22107,,N,B,C,A,A,H,-,C,D,0,,,,,Y,,A,01,0,0,2,0,0,0,0,0,0,"- ","- ",37.82012939453125,-122.34056854248047,ALAMEDA,OAKLAND,-122.340576171875,37.820156097412109
91693475,2022,2022-02-04,9370,2022-01-31,1725,019059,,1,2,7,0109,0,1,1,,2,176,"I-880 N/B","98TH AVENUE",1338.00,S,N,A,-,Y,,,880,,,,,,N,N,4,0,1,4,A,-,03,22350,,M,C,C,A,A,H,-,C,D,0,,,,,Y,,-,99,0,0,1,0,0,0,0,0,0,"- ","- ",37.729038238525391,-122.18605804443359,ALAMEDA,OAKLAND,-122.18606567382812,37.729034423828125
91839865,2022,2022-08-15,9370,2022-07-22,1255,022816,,5,1,7,0109,0,1,3,,2,025,"SR-24 W/B","52ND ST",250.00,W,N,A,-,Y,,,24,,,,,,W,N,3,0,1,2,A,-,03,22350,,N,C,C,A,A,H,-,A,D,0,,,,,Y,,A,07,0,1,0,0,0,0,0,0,0,"- ","- ",37.836921691894531,-122.26586151123047,ALAMEDA,OAKLAND,-122.26579284667969,37.836906433105469
9492833,2022,2022-09-12,0109,2022-05-19,1218,9689,1,4,5,7,0109,0,0,0,,0,13X,"TUNNEL RD","HILLER DR",100.00,E,N,A,-,N,,,,,,,,,,N,3,0,1,2,A,-,08,22107,,N,B,C,A,A,H,-,A,A,0,,,,,Y,,A,01,0,1,0,0,0,0,0,0,0,"- ","- ",,,ALAMEDA,OAKLAND,-122.23216247558594,37.851192474365234
9498089,2022,2022-09-27,0109,2022-08-02,0624,9811,2,2,5,7,0109,0,0,0,,0,26X,"75TH AV","HAMILTON ST",0.00,,Y,A,-,N,,,,,,,,,,N,4,0,1,2,A,-,08,22107,,M,A,G,A,A,H,-,A,B,0,,Y,,,Y,,A,01,0,0,1,0,0,0,1,0,0,"- ","- ",,,ALAMEDA,OAKLAND,-122.18972015380859,37.755828857421875
9586282,2022,2023-05-17,0109,2022-12-16,1727,10028,2,5,5,7,0109,0,0,0,,0,26X,"INTERNATIONAL BL","81ST AV",0.00,,Y,A,-,N,,,,,,,,,,N,3,0,1,2,A,-,12,21453,A,M,A,C,A,A,-,-,A,A,0,,,Y,,Y,,-,99,0,1,0,0,0,0,0,0,1,"- ","- ",,,ALAMEDA,OAKLAND,-122.18064880371094,37.756114959716797
9407854,2022,2022-06-16,0109,2022-05-06,1955,9876,2,5,5,7,0109,0,0,0,,0,33X,"92ND AV","A ST",0.00,,Y,B,-,N,,,,,,,,,,N,4,0,1,2,A,-,12,22450,A,F,A,G,A,A,H,-,C,A,0,,Y,,,Y,,L,04,0,0,1,0,0,0,1,0,0,"- ","- ",,,ALAMEDA,OAKLAND,-122.17536163330078,37.747699737548828
9441806,2022,2022-05-10,0109,2022-03-20,2030,9969,1,7,5,7,0109,0,0,0,,0,12X,"45TH ST","MARKET ST",0.00,,Y,A,-,N,,,,,,,,,,N,3,0,1,2,A,-,08,22107,,M,G,B,E,A,G,-,B,A,0,Y,,,,Y,,-,99,0,1,0,0,1,0,0,0,0,"- ","- ",,,ALAMEDA,OAKLAND,-122.27297210693359,37.834461212158203
9454567,2022,2022-07-06,0109,2022-04-30,2001,9604,1,6,5,7,0109,0,0,0,,0,03X,"7TH ST","JEFFERSON ST",0.00,,Y,A,-,N,,,,,,,,,,N,4,0,1,2,A,-,08,22107,,N,B,C,A,A,H,-,A,D,0,,,,,Y,,A,01,0,0,1,0,0,0,0,0,0,"- ","- ",,,ALAMEDA,OAKLAND,-122.27777862548828,37.800899505615234
9465712,2022,2023-01-04,0109,2022-11-18,1425,10040,2,5,5,7,0109,0,0,0,,0,22Y,"REDWOOD RD","MOUNTAIN BL",500.00,N,N,A,-,N,,,,,,,,,,N,3,0,1,2,A,-,11,21955,,N,G,B,D,A,H,-,A,D,0,Y,,,,Y,,N,60,0,1,0,0,1,0,0,0,0,"- ","- ",,,ALAMEDA,OAKLAND,-122.18629455566406,37.798763275146484
9518717,2022,2023-01-26,0109,2022-11-24,1330,10017,2,4,5,7,0109,0,0,0,,0,34X,"AUSEON AV","PLYMOUTH ST",0.00,,Y,A,-,N,,,,,,,,,,N,4,0,1,3,A,-,12,22450,A,N,D,C,A,A,H,-,A,A,0,,,,,Y,,A,01,0,0,1,0,0,0,0,0,0,"- ","- ",,,ALAMEDA,OAKLAND,-122.17298126220703,37.753803253173828
9539235,2022,2023-01-25,0109,2022-12-16,1942,9889,1,5,5,7,0109,0,0,0,,0,07X,"32ND ST","PERALTA ST",0.00,,Y,A,-,N,,,,,,,,,,N,4,0,1,3,A,-,12,21453,A,M,D,C,A,A,H,-,C,A,0,,,,,Y,,A,08,0,0,1,0,0,0,0,0,0,"- ","- ",,,ALAMEDA,OAKLAND,-122.28384399414062,37.824039459228516
91771412,2022,2023-03-16,9370,2022-05-03,2230,021997,,2,3,7,0109,0,1,1,,2,052,"I-580 W/B","FONTAINE OVERPASS",2323.00,E,N,A,-,Y,,,580,,,,,,W,Y,4,0,1,2,A,-,03,22350,,M,C,C,A,A,H,-,C,D,0,,,,,Y,,A,01,0,0,1,0,0,0,0,0,0,"- ","- ",37.760688781738281,-122.14821624755859,ALAMEDA,OAKLAND,-122.14824676513672,37.760677337646484
91955750,2022,2022-12-29,9370,2022-12-16,1740,022980,,5,2,7,0109,0,1,1,,2,053,"I-580 WESTBOUND","EDWARDS AVENUE",300.00,W,N,A,-,Y,,,580,,,,,,W,Y,3,0,1,3,A,-,03,22350,,N,C,C,A,A,H,-,B,D,0,,,,,Y,,A,01,0,1,0,0,0,0,0,0,0,"- ","- ",37.776920318603516,-122.16500091552734,ALAMEDA,OAKLAND,-122.16502380371094,37.776863098144531
9402954,2022,2022-02-10,0109,2022-01-04,1233,8217,1,2,5,7,0109,0,0,0,,0,03Y,"OAK ST","11TH ST",41.00,S,N,A,-,N,,,,,,,,,,N,4,0,1,3,A,-,08,22107,,N,D,E,B,A,H,-,A,A,0,Y,,,,Y,,A,01,0,0,1,0,1,0,0,0,0,"- ","- ",,,ALAMEDA,OAKLAND,-122.26418304443359,37.798946380615234
9447876,2022,2022-09-15,0109,2022-08-08,2201,9405,2,1,5,7,0109,0,0,0,,0,27Y,"SEMINARY AV","INTERNATIONAL BL",100.00,N,N,A,-,N,,,,,,,,,,Y,4,0,1,4,A,-,08,22107,,N,B,C,A,A,H,-,C,A,0,,,,,Y,,A,01,0,0,1,0,0,0,0,0,0,"- ","- ",,,ALAMEDA,OAKLAND,-122.19930267333984,37.765274047851562
9472579,2022,2022-07-21,0109,2022-02-12,0223,9879,2,6,5,7,0109,0,0,0,,0,32X,"MACARTHUR BL","TRUMAN AV",26.00,E,N,A,-,N,,,,,,,,,,Y,2,0,4,4,A,-,03,22350,,N,A,E,A,A,H,-,C,D,0,,,,,Y,,A,01,3,0,1,0,0,0,0,0,0,"- ","- ",,,ALAMEDA,OAKLAND,-122.15670776367188,37.746616363525391
9473880,2022,2022-08-22,0109,2022-07-15,2245,9517,2,5,5,7,0109,0,0,0,,0,31X,"98TH AV","EDES AV",0.00,,Y,A,-,N,,,,,,,,,,Y,4,0,1,2,A,-,12,21453,A,N,B,C,A,A,H,-,C,A,0,,,,,Y,,A,01,0,0,1,0,0,0,0,0,0,"- ","- ",,,ALAMEDA,OAKLAND,-122.18331146240234,37.736431121826172
9498285,2022,2022-10-13,0109,2022-08-30,1508,9933,2,2,5,7,0109,0,0,0,,0,30X,"73RD AV","FRESNO ST",40.00,N,N,A,-,N,,,,,,,,,,N,4,0,1,2,A,-,03,22350,,M,C,C,A,A,H,-,A,D,0,,,,,Y,,A,01,0,0,1,0,0,0,0,0,0,"- ","- ",,,ALAMEDA,OAKLAND,-122.1793212890625,37.764369964599609
9516692,2022,2022-12-13,0109,2022-10-26,0830,9222,1,3,5,7,0109,0,0,0,,0,09X,"41ST ST",BROADWAY,0.00,,Y,A,-,N,,,,,,,,,,N,4,0,1,2,A,-,09,21801,A,N,D,G,A,A,H,-,A,A,0,,Y,,,Y,,A,01,0,0,1,0,0,0,1,0,0,"- ","- ",,,ALAMEDA,OAKLAND,-122.25611114501953,37.828475952148438
9541303,2022,2023-01-24,0109,2022-11-04,1355,9501,1,5,5,7,0109,0,0,0,,0,09X,"WEST MACARTHUR BL","FAIRMOUNT AV",595.00,E,N,A,-,N,,,,,,,,,,N,4,0,1,2,D,-,00,,,N,A,C,A,A,H,-,A,B,0,,,,,Y,,-,"- ",0,0,1,0,0,0,0,0,0,"- ","- ",,,ALAMEDA,OAKLAND,-122.25434875488281,37.819801330566406
91825434,2022,2022-07-26,9370,2022-07-14,0550,022816,,4,3,7,0109,0,1,1,,2,052,"I-580 E/B","KELLER AVE",700.00,E,N,A,-,Y,,,580,,,,,,E,N,4,0,1,2,A,-,07,21658,A,M,B,C,A,A,H,-,A,D,0,,,,,Y,,-,99,0,0,1,0,0,0,0,0,0,"- ","- ",37.770748138427734,-122.15480804443359,ALAMEDA,OAKLAND,-122.1551513671875,37.770500183105469
91918395,2022,2022-11-15,9370,2022-11-03,1640,022991,,4,2,7,0109,0,1,1,,2,053,"I-580 E/B","DAVENPORT AVE",500.00,W,N,A,-,Y,,,580,,,,,,E,N,3,0,2,2,A,-,03,22350,,N,C,C,A,A,H,-,A,D,0,,,,,Y,,A,01,0,2,0,0,0,0,0,0,0,"- ","- ",37.784061431884766,-122.18578338623047,ALAMEDA,OAKLAND,-122.18578338623047,37.784053802490234
9422542,2022,2022-06-03,0109,2022-04-14,0853,9501,1,4,5,7,0109,0,0,0,,0,08X,"MACARTHUR BL","WEBSTER ST",105.00,E,N,C,-,N,,,,,,,,,,Y,4,0,1,1,A,-,03,22350,,N,A,I,A,B,G,-,A,D,0,,,,,Y,,A,01,0,0,1,0,0,0,0,0,0,"- ","- ",,,ALAMEDA,OAKLAND,-122.26126098632812,37.825111389160156
9453498,2022,2022-06-22,0109,2022-04-25,2103,9832,1,1,5,7,0109,0,0,0,,0,19X,"5TH AV","E 8TH ST",0.00,,Y,A,-,N,,,,,,,,,,N,4,0,1,2,A,-,09,21801,A,N,D,C,A,A,H,-,C,A,0,,,,,Y,,A,01,0,0,1,0,0,0,0,0,0,"- ","- ",,,ALAMEDA,OAKLAND,-122.25810241699219,37.792690277099609
9523001,2022,2022-12-30,0109,2022-11-11,1203,8824,2,5,5,7,0109,0,0,0,,0,31X,"RAILROAD AV","85TH AV",300.00,W,N,A,-,N,,,,,,,,,,N,4,0,1,2,B,-,22,,,N,B,F,A,A,G,-,A,D,0,,Y,,,Y,,L,04,0,0,1,0,0,0,1,0,0,"- ","- ",,,ALAMEDA,OAKLAND,-122.19082641601562,37.745540618896484
91710688,2022,2022-02-28,9370,2022-02-20,1034,020718,,7,1,7,0109,0,1,3,,2,024,"SR-24 W/B","COLLEGE AVE",800.00,E,N,B,-,Y,,,24,,,,,,W,Y,2,0,1,2,A,-,07,21658,A,F,E,I,A,A,H,-,A,D,0,,,,,Y,,-,99,1,0,0,0,0,0,0,0,0,"- ","- ",37.845729827880859,-122.24958801269531,ALAMEDA,OAKLAND,-122.24956512451172,37.845661163330078
91905743,2022,2022-12-12,9335,2022-10-23,0440,022795,,7,3,7,0109,0,1,1,,1,082,"I-80 W/B","SFOBB TOLL PLAZA METERING LIGHTS",320.00,E,N,A,-,Y,,,80,,,,,,W,Y,4,0,1,2,A,-,07,21658,A,N,B,C,A,A,H,-,B,D,0,,,,,Y,,A,01,0,0,1,0,0,0,0,0,0,"- ","- ",37.824150085449219,-122.31596374511719,ALAMEDA,OAKLAND,-122.31600952148438,37.824413299560547
91951326,2022,2022-12-23,9370,2022-12-20,1830,022358,,2,2,7,0109,0,1,1,,2,177,"I-880 N/B","5TH AVE",1200.00,S,N,A,-,Y,,,880,,,,,,N,N,4,0,1,2,A,-,03,22350,,N,C,C,A,A,H,-,C,D,0,,,,,Y,,A,08,0,0,1,0,0,0,0,0,0,"- ","- ",37.789478302001953,-122.255126953125,ALAMEDA,OAKLAND,-122.255126953125,37.789497375488281
9449906,2022,2022-06-07,0109,2022-04-21,2225,8742,1,4,5,7,0109,0,0,0,,0,04X,"14TH ST",BROADWAY,10.00,E,N,A,-,N,,,,,,,,,,N,4,0,1,2,A,-,11,21954,A,M,G,B,D,A,H,-,C,A,0,Y,,,,Y,Y,N,60,0,0,1,0,1,0,0,0,0,"- ","- ",,,ALAMEDA,OAKLAND,-122.27117156982422,37.804309844970703
9456860,2022,2022-06-24,0109,2022-02-11,1910,9966,2,5,5,7,0109,0,0,0,,0,32X,"98TH AV","A ST",0.00,,Y,A,-,N,,,,,,,,,,N,4,0,2,2,A,-,03,22350,,N,C,C,A,A,H,-,C,D,0,,,,,Y,,A,01,0,0,2,0,0,0,0,0,0,"- ","- ",,,ALAMEDA,OAKLAND,-122.17298889160156,37.743202209472656
8939738,2022,2024-02-22,0109,2022-07-23,2353,9860,1,6,5,7,0109,0,0,0,,0,03X,"14TH ST","JACKSON ST",0.00,,Y,A,-,N,,,,,,,,,,N,1,1,0,2,A,-,08,22107,,N,H,G,A,A,H,-,C,A,0,,Y,,,Y,,L,04,0,0,0,0,0,1,0,0,0,"- ","- ",,,ALAMEDA,OAKLAND,-122.26523590087891,37.801971435546875
91669241,2022,2022-01-04,9370,2022-01-02,1250,022430,,7,1,7,0109,0,1,1,,2,177,"INTERSTATE 880 NORTHBOUND","16TH AVENUE O/C",925.00,S,N,A,-,Y,,,880,,,,,,N,N,4,0,1,2,A,-,07,21658,A,N,B,C,A,A,H,-,A,A,0,,,,,Y,,A,01,0,0,1,0,0,0,0,0,0,"- ","- ",37.784538269042969,-122.24192047119141,ALAMEDA,OAKLAND,-122.24192047119141,37.784542083740234
91677847,2022,2022-01-14,9370,2022-01-01,0342,022358,,6,3,7,0109,0,1,1,,2,008,"I-80 E/B","W. GRAND AVENUE",1052.00,E,N,A,-,Y,,,80,,,,,,E,Y,2,0,1,2,A,-,01,23152,A,N,C,C,A,A,H,-,C,D,0,,,,,Y,Y,A,01,1,0,0,0,0,0,0,0,0,"- ","- ",37.825008392333984,-122.30583953857422,ALAMEDA,OAKLAND,-122.30583190917969,37.824962615966797
91686021,2022,2022-01-26,9370,2022-01-26,0845,020718,,3,1,7,0109,0,1,3,,2,013,"SR-13 N/B","PARK BLVD",1150.00,S,N,B,-,Y,,,13,,,,,,N,Y,4,0,1,1,A,-,08,22107,,N,E,I,A,A,H,-,A,D,0,,,,,Y,,A,01,0,0,1,0,0,0,0,0,0,"- ","- ",37.81890869140625,-122.20484161376953,ALAMEDA,OAKLAND,-122.20487976074219,37.818878173828125
91689294,2022,2022-01-31,9370,2022-01-21,0750,021708,,5,1,7,0109,0,1,1,,2,055,"I-580 W/B TO I-80 EB","BEACH STREET",238.00,W,N,A,-,Y,,,,,,,,,,N,4,0,1,2,A,-,07,21658,A,M,B,C,A,A,H,-,A,D,0,,,Y,,Y,,-,99,0,0,1,0,0,0,0,0,1,"- ","- ",37.493938446044922,-122.17288970947266,ALAMEDA,OAKLAND,-122.29167938232422,37.827724456787109
91689524,2022,2022-01-31,9370,2022-01-21,1232,021364,,5,1,7,0109,0,1,1,,2,054,"I-580 E/B","LAKE PARK AVE",1000.00,E,N,A,-,Y,,,,,,,,,,Y,3,0,1,2,A,-,03,22350,,F,B,C,A,A,H,-,A,D,0,,,,,Y,,-,99,0,1,0,0,0,0,0,0,0,"- ","- ",37.482509613037109,-122.14193725585938,ALAMEDA,OAKLAND,-122.24160766601562,37.808231353759766
91692110,2022,2022-02-02,9370,2022-01-29,0630,021708,,6,1,7,0109,0,1,3,,2,024,"SR-24 E/B","SKYLINE BLVD",248.00,W,N,A,-,Y,,,,,,,,,,N,4,0,1,1,A,-,01,23152,A,N,E,I,A,A,H,-,A,D,0,,,,,Y,Y,A,01,0,0,1,0,0,0,0,0,0,"- ","- ",37.512229919433594,-122.12519836425781,ALAMEDA,OAKLAND,-122.21499633789062,37.855720520019531
91692948,2022,2022-02-03,9370,2022-01-29,1900,021913,,6,2,7,0109,0,1,1,,2,177,"I-880 N/B","16TH AVE",1600.00,N,N,A,-,Y,,,880,,,,,,N,Y,3,0,2,4,A,-,07,21658,A,F,B,C,A,A,H,-,C,D,0,,,,,Y,,A,01,0,2,0,0,0,0,0,0,0,"- ","- ",37.788009643554688,-122.24929809570312,ALAMEDA,OAKLAND,-122.24929809570312,37.788009643554688
91694397,2022,2022-02-07,9370,2022-01-29,2000,022299,,6,2,7,0109,0,1,1,,2,055,"I-580 W/B FROM W. MACARTHUR BLVD.","HOLLIS ST",240.00,E,N,A,-,Y,,,580,,,,R,,W,N,4,0,1,2,A,-,03,22350,,N,C,C,A,A,H,-,D,D,0,,,,,Y,,A,01,0,0,1,0,0,0,0,0,0,"- ","- ",37.827659606933594,-122.28378295898438,ALAMEDA,OAKLAND,-122.28378295898438,37.827659606933594
91698250,2022,2022-02-10,9370,2022-02-04,1211,019160,,5,1,7,0109,0,1,1,,2,054,"I-580 W/B",BROADWAY,400.00,E,N,A,-,Y,,,580,,,,,,W,N,4,0,1,2,A,-,07,21658,A,N,C,C,A,A,H,-,A,D,0,,,,,Y,,A,01,0,0,1,0,0,0,0,0,0,"- ","- ",37.821971893310547,-122.25911712646484,ALAMEDA,OAKLAND,-122.25908660888672,37.822067260742188
91701894,2022,2022-02-16,9370,2022-02-06,2225,022424,,7,3,7,0109,0,1,1,,2,177,"I-880 N/B","FIFTH STREET",728.00,N,N,A,-,Y,,,880,,,,,,N,Y,3,0,1,4,A,-,03,22350,,N,C,C,A,A,H,-,A,D,0,,,,,Y,,A,07,0,1,0,0,0,0,0,0,0,"- ","- ",37.802661895751953,-122.29250335693359,ALAMEDA,OAKLAND,-122.29249572753906,37.802631378173828
91702533,2022,2022-02-17,9370,2022-02-16,0930,018719,,3,1,7,0109,0,1,1,,2,176,"I-880 N/B","HEGENBERGER RD",244.00,S,N,A,-,Y,,,880,,,,,,N,N,4,0,2,2,A,-,03,22350,,N,C,C,A,A,H,-,A,D,0,,,,,Y,,A,01,0,0,2,0,0,0,0,0,0,"- ","- ",37.73992919921875,-122.19571685791016,ALAMEDA,OAKLAND,-122.19564819335938,37.739994049072266
91715945,2022,2022-03-07,9335,2022-02-26,2110,017672,,6,2,7,0109,0,1,1,,2,084,"I-80 E/B","METERING LIGHTS",150.00,E,N,A,-,Y,,,80,,,,,,E,Y,4,0,1,2,A,-,03,22350,,N,C,C,A,A,H,-,C,D,0,,,,,Y,,A,08,0,0,1,0,0,0,0,0,0,"- ","- ",37.823421478271484,-122.31671142578125,ALAMEDA,OAKLAND,-122.31669616699219,37.823329925537109
91719202,2022,2022-03-10,9370,2022-02-27,0655,022858,,7,1,7,0109,0,1,1,,2,055,"I-580 E/B","MARTIN LUTHER KING JR WAY",830.00,E,N,A,-,Y,,,,,,,,,,Y,3,0,1,1,A,-,08,22107,,N,E,I,A,A,H,-,A,D,0,,,,,Y,,A,01,0,1,0,0,0,0,0,0,0,"- ","- ",37.492630004882812,-122.16098022460938,ALAMEDA,OAKLAND,-122.26697540283203,37.823894500732422
91721481,2022,2022-03-14,9370,2022-03-02,1128,022848,,3,1,7,0109,0,1,1,,2,054,"I-580 W/B","GRAND AVENUE",340.00,E,N,A,-,Y,,,580,,,,,,W,Y,4,0,1,1,A,-,01,23152,A,M,E,I,A,A,H,-,A,D,0,,,,,Y,Y,A,01,0,0,1,0,0,0,0,0,0,"- ","- ",37.810550689697266,-122.24874114990234,ALAMEDA,OAKLAND,-122.24873352050781,37.810569763183594
91722816,2022,2022-03-15,9370,2022-03-03,1230,022816,,4,1,7,0109,0,1,1,,2,176,"I-880 N/B","16TH AVE",60.00,S,N,B,-,Y,,,880,,,,,,N,N,3,0,1,3,A,-,08,22107,,N,B,2,A,B,H,-,A,D,0,,,Y,,Y,,C,02,0,1,0,0,0,0,0,0,1,"- ","- ",37.785938262939453,-122.24449157714844,ALAMEDA,OAKLAND,-122.24449920654297,37.785919189453125
91725239,2022,2022-03-17,9370,2022-02-20,0135,022637,,7,3,7,0109,0,1,1,,2,176,"I-880 N/B","66TH AVENUE",2348.00,N,N,A,-,Y,,,880,,,,,,N,Y,4,0,2,2,A,-,03,22350,,N,C,C,A,A,H,-,C,D,0,,,,,Y,,A,07,0,0,2,0,0,0,0,0,0,"- ","- ",37.758659362792969,-122.21208953857422,ALAMEDA,OAKLAND,-122.21205902099609,37.758689880371094