CASE_ID,ACCIDENT_YEAR,PROC_DATE,JURIS,COLLISION_DATE,COLLISION_TIME,OFFICER_ID,REPORTING_DISTRICT,DAY_OF_WEEK,CHP_SHIFT,POPULATION,CNTY_CITY_LOC,SPECIAL_COND,BEAT_TYPE,CHP_BEAT_TYPE,CITY_DIVISION_LAPD,CHP_BEAT_CLASS,BEAT_NUMBER,PRIMARY_RD,SECONDARY_RD,DISTANCE,DIRECTION,INTERSECTION,WEATHER_1,WEATHER_2,STATE_HWY_IND,CALTRANS_COUNTY,CALTRANS_DISTRICT,STATE_ROUTE,ROUTE_SUFFIX,POSTMILE_PREFIX,POSTMILE,LOCATION_TYPE,RAMP_INTERSECTION,SIDE_OF_HWY,TOW_AWAY,COLLISION_SEVERITY,NUMBER_KILLED,NUMBER_INJURED,PARTY_COUNT,PRIMARY_COLL_FACTOR,PCF_CODE_OF_VIOL,PCF_VIOL_CATEGORY,PCF_VIOLATION,PCF_VIOL_SUBSECTION,HIT_AND_RUN,TYPE_OF_COLLISION,MVIW,PED_ACTION,ROAD_SURFACE,ROAD_COND_1,ROAD_COND_2,LIGHTING,CONTROL_DEVICE,CHP_ROAD_TYPE,PEDESTRIAN_ACCIDENT,BICYCLE_ACCIDENT,MOTORCYCLE_ACCIDENT,TRUCK_ACCIDENT,NOT_PRIVATE_PROPERTY,ALCOHOL_INVOLVED,STWD_VEHTYPE_AT_FAULT,CHP_VEHTYPE_AT_FAULT,COUNT_SEVERE_INJ,COUNT_VISIBLE_INJ,COUNT_COMPLAINT_PAIN,COUNT_PED_KILLED,COUNT_PED_INJURED,COUNT_BICYCLIST_KILLED,COUNT_BICYCLIST_INJURED,COUNT_MC_KILLED,COUNT_MC_INJURED,PRIMARY_RAMP,SECONDARY_RAMP,LATITUDE,LONGITUDE,COUNTY,CITY,POINT_X,POINT_Y
91898699,2022,2022-10-25,9370,2022-09-10,0539,022798,,6,3,7,0109,0,1,1,,2,052,"I-580 W/B","HIGH ST",1265.00,W,N,A,-,Y,,,580,,,,,,W,Y,4,0,1,2,A,-,01,23152,A,N,E,I,A,A,H,-,C,D,0,,,,,Y,Y,A,01,0,0,1,0,0,0,0,0,0,"- ","- ",37.788158416748047,-122.19869232177734,ALAMEDA,OAKLAND,-122.19863891601562,37.78826904296875
91899265,2022,2022-10-25,9335,2022-10-24,0600,020658,,1,1,7,0109,0,1,1,,1,082,"I-80 W/B","OF THE SAN FRANCISCO BAY BRIDGE TOLL BOOTH",10.00,W,N,A,-,Y,,,80,,,,,,W,N,4,0,1,3,A,-,03,22350,,N,C,C,A,A,H,-,C,D,0,,,,Y,Y,,F,26,0,0,1,0,0,0,0,0,0,"- ","- ",37.825008392333984,-122.31405639648438,ALAMEDA,OAKLAND,-122.31402587890625,37.824813842773438
91909875,2022,2022-11-04,9370,2022-09-05,0021,022841,,1,3,7,0109,0,1,1,,2,053,"I-580 W/B","13TH AVE",220.00,E,N,A,-,Y,,,580,,,,,,W,Y,2,0,4,3,C,-,18,,,N,C,C,E,A,H,-,D,D,0,Y,,,,Y,,-,"- ",2,2,0,0,1,0,0,0,0,"- ","- ",37.802131652832031,-122.23061370849609,ALAMEDA,OAKLAND,-122.23059844970703,37.802146911621094
91913169,2022,2022-11-08,9370,2022-10-06,1825,022863,,4,2,7,0109,0,1,1,,2,052,"I-580 W/B","TWIN OAKS WAY",420.00,W,N,A,-,Y,,,580,,,,,,W,Y,3,0,1,2,A,-,07,21658,A,M,C,C,A,A,H,-,A,D,0,,,,,Y,,-,99,0,1,0,0,0,0,0,0,0,"- ","- ",37.757568359375,-122.14784240722656,ALAMEDA,OAKLAND,-122.14790344238281,37.757595062255859
91916372,2022,2022-11-14,9370,2022-08-30,0325,022964,,2,3,7,0109,0,1,1,,2,055,"I-580 W/B","HOLLIS ST",235.00,W,N,A,-,Y,,,580,,,,,,W,Y,4,0,1,1,A,-,08,22107,,N,E,I,A,A,H,-,C,D,0,,,,,Y,,A,01,0,0,1,0,0,0,0,0,0,"- ","- ",37.827030181884766,-122.28543090820312,ALAMEDA,OAKLAND,-122.28544616699219,37.827110290527344
91917960,2022,2022-11-15,9370,2022-09-09,1320,022858,,5,1,7,0109,0,1,1,,2,054,"I-580 E/B","LAKE PARK AVENUE",200.00,W,N,A,-,Y,,,580,,,,,,E,N,3,0,1,2,A,-,07,21658,A,M,B,C,A,A,H,-,A,D,0,,,,,Y,,A,07,0,1,0,0,0,0,0,0,0,"- ","- ",37.808540344238281,-122.24259185791016,ALAMEDA,OAKLAND,-122.24258422851562,37.808547973632812
91920029,2022,2022-11-17,9370,2022-09-30,2126,022838,,5,2,7,0109,0,1,1,,2,055,"I-580 W/B TO SR-24 E/B","TELEGRAPH AVENUE",17.00,W,N,A,-,Y,,,580,,,,R,,W,N,4,0,1,1,A,-,08,22107,,N,E,I,A,A,H,-,E,D,0,,,,,Y,,A,01,0,0,1,0,0,0,0,0,0,"- ","- ",37.823959350585938,-122.26605987548828,ALAMEDA,OAKLAND,-122.26605987548828,37.823959350585938
91920208,2022,2022-11-17,9335,2022-06-26,2100,022667,,7,2,7,0109,0,1,1,,2,084,"I-80 E/B","CALTRANS WEST PARKING LOT PHYSICAL GORE POINT",2320.00,W,N,A,-,Y,,,80,,,,,,E,Y,1,1,2,2,A,-,01,23152,A,N,B,2,A,A,H,-,B,D,0,,,,,Y,Y,D,22,0,0,2,0,0,0,0,0,0,"- ","- ",37.821891784667969,-122.32588195800781,ALAMEDA,OAKLAND,-122.32590484619141,37.822090148925781
91920373,2022,2022-11-17,9370,2022-11-08,1130,022980,,2,1,7,0109,0,1,3,,2,024,"SR-24 W/B","45TH STREET",395.00,E,N,B,C,Y,,,24,,,,,,W,N,3,0,1,2,A,-,03,22350,,N,C,C,A,B,H,-,A,D,0,,,,,Y,,A,01,0,1,0,0,0,0,0,0,0,"- ","- ",37.834598541259766,-122.26631164550781,ALAMEDA,OAKLAND,-122.26625823974609,37.834590911865234
91927068,2022,2022-11-28,9370,2022-09-17,1913,022858,,6,2,7,0109,0,1,1,,2,008,"I-580 E/B","MARITIME STREET",517.00,E,N,A,-,Y,,,580,,,,,,E,N,3,0,1,1,A,-,08,22107,,N,E,I,A,A,H,-,D,D,0,,,,,Y,,A,01,0,1,0,0,0,0,0,0,0,"- ","- ",37.825088500976562,-122.30325317382812,ALAMEDA,OAKLAND,-122.30330657958984,37.825420379638672
91928706,2022,2022-11-29,9370,2022-10-14,0530,022830,,5,3,7,0109,0,1,1,,2,052,"I-580 WB","FOOTHILL BLVD",900.00,E,N,A,-,Y,,,580,,,,,,W,Y,2,0,1,2,A,-,03,22350,,F,C,C,A,A,H,-,D,D,0,,,,,Y,Y,-,99,1,0,0,0,0,0,0,0,0,"- ","- ",37.735221862792969,-122.13976287841797,ALAMEDA,OAKLAND,-122.13981628417969,37.735206604003906
91933708,2022,2022-12-05,9370,2022-11-10,0726,022919,,4,1,7,0109,0,1,1,,2,177,"I-880 S/B","16TH AVE",1500.00,N,N,A,-,Y,,,880,,,,,,S,N,4,0,1,2,A,-,03,22350,,N,C,C,A,A,H,-,A,D,0,,,,,Y,,A,07,0,0,1,0,0,0,0,0,0,"- ","- ",37.788051605224609,-122.24977874755859,ALAMEDA,OAKLAND,-122.24980163574219,37.787994384765625
91933958,2022,2022-12-05,9370,2022-11-19,1225,022964,,6,1,7,0109,0,1,3,,2,025,"SR-24 W/B TO I-580 W/B","MARKET STREET",135.00,E,N,A,-,Y,,,,,,,,,,N,4,0,3,3,A,-,03,22350,,N,C,C,A,A,H,-,A,D,0,,,,,Y,,A,01,0,0,3,0,0,0,0,0,0,"- ","- ",37.826000213623047,-122.27454376220703,ALAMEDA,OAKLAND,-122.27809906005859,37.815929412841797
91937028,2022,2022-12-08,9370,2022-11-21,0620,022280,,1,1,7,0109,0,1,3,,2,025,"SR-24 W/B","MARKET STREET",150.00,E,N,A,-,Y,,,,,,,,,,N,3,0,1,3,A,-,03,22350,,N,C,C,A,A,H,-,A,D,0,,,,,Y,,A,01,0,1,0,0,0,0,0,0,0,"- ","- ",37.825969696044922,-122.27443695068359,ALAMEDA,OAKLAND,-122.27809906005859,37.815929412841797
91943404,2022,2022-12-15,9370,2022-12-08,1604,023074,,4,2,7,0109,0,1,1,,2,178,"I-880 N/B TO 7TH STREET","7TH STREET",115.00,S,N,B,C,Y,,,880,,,,R,,N,Y,4,0,1,1,A,-,08,22107,,N,E,I,A,B,H,-,A,D,0,,,,,Y,,A,07,0,0,1,0,0,0,0,0,0,"- ","- ",37.807308197021484,-122.30413818359375,ALAMEDA,OAKLAND,-122.30413818359375,37.807308197021484
91945280,2022,2022-12-19,9370,2022-12-06,0708,022941,,2,1,7,0109,0,1,1,,2,055,"I-580 W/B TO I-80 E/B","34TH ST",1918.00,W,N,B,-,Y,,,580,,,,R,,W,N,3,0,1,1,A,-,03,22350,,N,E,I,A,B,H,-,A,D,0,,,,,Y,,D,22,0,1,0,0,0,0,0,0,0,"- ","- ",37.829391479492188,-122.29340362548828,ALAMEDA,OAKLAND,-122.29340362548828,37.829391479492188
91947831,2022,2022-12-21,9370,2022-12-09,1118,022981,,5,1,7,0109,0,1,3,,2,013,"SR 13 N/B","PARK BLVD",1475.00,S,N,C,-,Y,,,13,,,,,,N,N,4,0,2,2,A,-,03,22350,,N,C,C,A,B,H,-,A,D,0,,,,,Y,,A,01,0,0,2,0,0,0,0,0,0,"- ","- ",37.818229675292969,-122.20432281494141,ALAMEDA,OAKLAND,-122.204345703125,37.818210601806641
91948374,2022,2022-12-21,9370,2022-12-03,0105,022529,,6,3,7,0109,0,1,1,,2,177,"I-880 S/B TO 23RD AVENUE","23RD AVENUE",965.00,N,N,B,-,Y,,,880,,,,R,,S,N,2,0,1,2,A,-,01,23152,A,N,D,C,A,A,H,-,C,D,0,,,,,Y,Y,A,07,1,0,0,0,0,0,0,0,0,"- ","- ",37.780258178710938,-122.23860931396484,ALAMEDA,OAKLAND,-122.23860931396484,37.780258178710938
91948894,2022,2022-12-22,9370,2022-12-12,0100,022919,,1,3,7,0109,0,1,3,,2,013,"SR-13 N/B","PARK BLVD",420.00,S,N,B,C,Y,,,13,,,,,,N,Y,4,0,1,1,C,-,18,,,N,E,J,A,B,H,-,D,D,0,,,,,Y,,-,"- ",0,0,1,0,0,0,0,0,0,"- ","- ",37.820659637451172,-122.20635223388672,ALAMEDA,OAKLAND,-122.20633697509766,37.820671081542969
91949216,2022,2022-12-22,9370,2022-11-18,2225,022859,,5,3,7,0109,0,1,3,,2,013,"SR-13 S/B TO REDWOOD ROAD","REDWOOD RD",285.00,W,N,A,-,Y,,,13,,,,R,,S,Y,3,0,1,1,A,-,01,23152,A,N,E,I,A,A,H,-,A,D,0,,,,,Y,Y,A,01,0,1,0,0,0,0,0,0,0,"- ","- ",37.799339294433594,-122.18643188476562,ALAMEDA,OAKLAND,-122.18643188476562,37.799339294433594
91952827,2022,2022-12-27,9345,2022-12-17,1655,023079,,6,2,7,0109,0,1,S,,2,904,"I-980 WESTBOUND","17TH STREET",20.00,W,N,A,-,Y,,,980,,,,,,W,N,3,0,1,2,A,-,08,22107,,F,F,8,A,A,H,-,C,D,0,,,,,Y,,-,99,0,1,0,0,0,0,0,0,0,"- ","- ",37.808948516845703,-122.27700805664062,ALAMEDA,OAKLAND,-122.27682495117188,37.808822631835938
91956309,2022,2022-12-30,9370,2022-12-10,1635,022862,,6,2,7,0109,0,1,1,,2,179,"I-880 N/B TO I-80 E/B","POWELL ST",1696.00,S,N,B,-,Y,,,,,,,,,,Y,2,0,1,1,A,-,08,22107,,N,E,I,A,B,H,-,A,D,0,,,,Y,Y,,F,25,1,0,0,0,0,0,0,0,0,"- ","- ",37.833648681640625,-122.29425811767578,ALAMEDA,OAKLAND,,
91975597,2022,2023-01-24,9370,2022-12-30,0200,022821,,5,3,7,0109,0,1,1,,2,176,"I-880 N/B","FRUITVALE AVENUE",645.00,S,N,C,-,Y,,,880,,,,,,N,Y,3,0,2,3,C,-,18,,,N,C,C,E,B,H,-,D,D,0,Y,,,Y,Y,,-,"- ",0,2,0,0,1,0,0,0,0,"- ","- ",37.772678375244141,-122.2259521484375,ALAMEDA,OAKLAND,-122.22597503662109,37.772602081298828
91985288,2022,2023-02-02,9370,2022-12-22,1241,022974,,4,1,7,0109,0,1,1,,2,055,"I-580 E/B FROM MARITIME STREET","MARITIME STREET",1130.00,E,N,A,-,Y,,,580,,,,R,,E,Y,2,0,5,1,A,-,08,22107,,N,E,I,A,A,H,-,A,D,0,,,,,Y,,A,07,1,4,0,0,0,0,0,0,0,"- ","- ",37.825210571289062,-122.30325317382812,ALAMEDA,OAKLAND,-122.30325317382812,37.825210571289062
92025549,2022,2023-03-22,9370,2022-12-12,0732,019160,,1,1,7,0109,0,1,1,,2,176,"I-880 N/B","98TH AVE",1928.00,N,N,B,-,Y,,,880,,,,,,N,Y,1,1,0,1,A,-,01,23152,F,N,E,I,A,B,H,-,A,D,0,,,,,Y,,A,01,0,0,0,0,0,0,0,0,0,"- ","- ",37.736309051513672,-122.19230651855469,ALAMEDA,OAKLAND,-122.19232940673828,37.736289978027344
92045354,2022,2023-04-14,9370,2022-10-16,1718,022862,,7,2,7,0109,0,1,1,,2,176,"I-880 S/B","HEGENBERGER RD",2252.00,N,N,A,-,Y,,,880,,,,,,S,Y,1,1,0,1,A,-,08,22107,,N,E,8,A,A,H,-,A,D,0,,,,,Y,,A,01,0,0,0,0,0,0,0,0,0,"- ","- ",37.74591064453125,-122.20137023925781,ALAMEDA,OAKLAND,-122.20135498046875,37.745922088623047
9407844,2022,2022-06-16,0109,2022-05-08,1027,9339,2,7,5,7,0109,0,0,0,,0,32X,"98TH AV","THERMAL ST",0.00,,Y,A,-,N,,,,,,,,,,N,4,0,2,3,A,-,09,21802,A,N,D,C,A,A,H,-,A,D,0,,,,,Y,,A,01,0,0,2,0,0,0,0,0,0,"- ","- ",,,ALAMEDA,OAKLAND,-122.15795135498047,37.750339508056641
9407847,2022,2022-06-16,0109,2022-05-08,0112,9917,2,7,5,7,0109,0,0,0,,0,29X,"MACARTHUR BL","62ND AV",10.00,W,N,A,-,N,,,,,,,,,,N,3,0,1,1,A,-,08,22107,,N,A,I,A,A,H,-,C,A,0,,,,,Y,,A,01,0,1,0,0,0,0,0,0,0,"- ","- ",,,ALAMEDA,OAKLAND,-122.18138122558594,37.775005340576172
9416439,2022,2022-03-15,0109,2022-01-14,0721,9915,1,5,5,7,0109,0,0,0,,0,21X,"FRUITVALE AV","E 23RD ST",0.00,,Y,A,-,N,,,,,,,,,,N,4,0,1,2,A,-,10,21950,A,F,G,B,A,A,H,-,A,A,0,,Y,,,Y,,A,08,0,0,1,0,0,0,1,0,0,"- ","- ",,,ALAMEDA,OAKLAND,-122.22206878662109,37.785427093505859
9422357,2022,2022-05-02,0109,2022-02-26,0110,9889,1,6,5,7,0109,0,0,0,,0,07X,"27TH ST","MARKET ST",0.00,,Y,A,-,N,,,,,,,,,,N,4,0,1,2,A,-,12,21457,A,M,B,C,A,A,H,-,C,B,0,,,,,Y,,-,99,0,0,1,0,0,0,0,0,0,"- ","- ",,,ALAMEDA,OAKLAND,-122.27754974365234,37.817497253417969
9422503,2022,2022-05-17,0109,2022-04-01,1055,9934,2,5,5,7,0109,0,0,0,,0,27Y,"HIGH ST","BOND ST",0.00,,Y,A,-,N,,,,,,,,,,N,4,0,1,3,A,-,12,21453,A,N,F,C,A,A,H,-,B,A,0,,,,,Y,,A,01,0,0,1,0,0,0,0,0,0,"- ","- ",,,ALAMEDA,OAKLAND,-122.21250915527344,37.77410888671875
9422505,2022,2022-05-17,0109,2022-04-05,2207,9966,2,2,5,7,0109,0,0,0,,0,31X,"HEGENBERGER LOOP","HEGENBERGER RD",0.00,,Y,A,-,N,,,,,,,,,,N,4,0,2,2,A,-,12,21453,A,N,D,C,A,A,H,-,B,B,0,,,,,Y,,-,"- ",0,0,2,0,0,0,0,0,0,"- ","- ",,,ALAMEDA,OAKLAND,-122.19792175292969,37.734397888183594
9422511,2022,2022-05-17,0109,2022-04-08,0751,9522,2,5,5,7,0109,0,0,0,,0,30X,"69TH AV","INTERNATIONAL BL",10.00,W,N,A,-,N,,,,,,,,,,N,4,0,1,2,A,-,08,22107,,N,B,C,A,A,H,-,A,A,0,,,Y,,Y,,A,01,0,0,1,0,0,0,0,0,1,"- ","- ",,,ALAMEDA,OAKLAND,-122.19032287597656,37.760707855224609
9422546,2022,2022-06-03,0109,2022-04-17,0415,9939,2,7,5,7,0109,0,0,0,,0,26Y,"SEMINARY AV","INTERNATIONAL BL",0.00,,Y,A,-,N,,,,,,,,,,N,3,0,1,2,A,-,10,21950,A,F,G,B,B,A,H,-,A,A,0,Y,,,,Y,,-,99,0,1,0,0,1,0,0,0,0,"- ","- ",,,ALAMEDA,OAKLAND,-122.19956207275391,37.765087127685547
9422547,2022,2022-06-03,0109,2022-04-21,1528,8959,1,4,5,7,0109,0,0,0,,0,17X,"E 18TH ST","6TH AV",10.00,E,N,A,-,N,,,,,,,,,,Y,4,0,1,2,A,-,05,21460,A,M,A,C,A,A,H,-,A,B,0,,,,,Y,,A,01,0,0,1,0,0,0,0,0,0,"- ","- ",,,ALAMEDA,OAKLAND,-122.24927520751953,37.797637939453125
9426457,2022,2022-04-04,0109,2022-02-24,1154,9949,1,4,5,7,0109,0,0,0,,0,08X,BROADWAY,"29TH ST",0.00,,Y,A,-,N,,,,,,,,,,N,4,0,1,2,A,-,09,21801,A,N,D,G,A,A,H,-,A,A,0,,Y,,,Y,,A,01,0,0,1,0,0,0,1,0,0,"- ","- ",,,ALAMEDA,OAKLAND,-122.26309204101562,37.817424774169922
9426601,2022,2022-04-05,0109,2022-01-14,1015,9733,1,5,5,7,0109,0,0,0,,0,03X,"11TH ST","MARTIN LUTHER KING JR WY",0.00,,Y,A,-,N,,,,,,,,,,N,4,0,1,2,A,-,12,21453,A,N,D,C,A,A,H,-,A,A,0,,,,,Y,,A,07,0,0,1,0,0,0,0,0,0,"- ","- ",,,ALAMEDA,OAKLAND,-122.27725982666016,37.804111480712891
9428712,2022,2022-04-21,0109,2022-02-25,0837,9742,1,5,5,7,0109,0,0,0,,0,03X,"CLAY ST","11TH ST",0.00,,Y,A,-,N,,,,,,,,,,N,4,0,1,2,A,-,10,21950,A,N,A,B,B,A,H,-,A,A,0,Y,,,,Y,,A,01,0,0,1,0,1,0,0,0,0,"- ","- ",,,ALAMEDA,OAKLAND,-122.27487945556641,37.803184509277344
9431022,2022,2022-04-18,0109,2022-03-15,0930,8681,2,2,5,7,0109,0,0,0,,0,23X,"38TH AV","FOOTHILL BL",0.00,,Y,B,-,N,,,,,,,,,,N,4,0,2,2,A,-,09,21801,A,N,D,C,A,B,H,-,A,C,0,,,,,Y,,A,07,0,0,2,0,0,0,0,0,0,"- ","- ",,,ALAMEDA,OAKLAND,-122.21669769287109,37.779022216796875
9432942,2022,2022-09-01,0109,2022-05-05,1001,8610,1,4,5,7,0109,0,0,0,,0,02Y,"12TH ST","CHESTER ST",80.00,E,N,A,-,N,,,,,,,,,,N,3,0,1,3,C,-,18,,,N,H,G,A,A,H,-,A,D,0,,Y,,,Y,,-,"- ",0,1,0,0,0,0,1,0,0,"- ","- ",,,ALAMEDA,OAKLAND,-122.29417419433594,37.809822082519531
9433866,2022,2022-10-06,0109,2022-07-07,0258,9996,2,4,5,7,0109,0,0,0,,0,26X,"KEVIN CT","COLISEUM WY",650.00,N,N,A,-,N,,,,,,,,,,N,3,0,1,2,A,-,11,21950,B,N,G,B,E,A,H,-,C,A,0,Y,,,,Y,Y,N,60,0,1,0,0,1,0,0,0,0,"- ","- ",,,ALAMEDA,OAKLAND,-122.20603942871094,37.758613586425781
9435394,2022,2022-04-14,0109,2022-01-17,2349,9828,2,1,5,7,0109,0,0,0,,0,31X,"98TH AV","KITTY LN",0.00,,Y,A,-,N,,,,,,,,,,Y,4,0,1,2,A,-,08,22107,,M,A,C,A,A,H,-,C,D,0,,,,,Y,,A,01,0,0,1,0,0,0,0,0,0,"- ","- ",,,ALAMEDA,OAKLAND,-122.19744110107422,37.728126525878906
9435400,2022,2022-04-14,0109,2022-01-16,2114,9854,1,7,5,7,0109,0,0,0,,0,19X,"FOOTHILL BL","21ST AV",30.00,S,N,A,-,N,,,,,,,,,,N,4,0,2,2,A,-,12,22450,A,N,D,C,A,A,H,-,C,A,0,,,,,Y,,A,01,0,0,2,0,0,0,0,0,0,"- ","- ",,,ALAMEDA,OAKLAND,-122.23725891113281,37.786811828613281
9435500,2022,2022-05-02,0109,2022-02-05,1241,9075,2,6,5,7,0109,0,0,0,,0,26X,"81ST AV","INTERNATIONAL BL",50.00,E,N,A,-,N,,,,,,,,,,N,4,0,1,2,A,-,08,22107,,N,B,C,A,A,H,-,A,A,0,,,,,Y,,A,01,0,0,1,0,0,0,0,0,0,"- ","- ",,,ALAMEDA,OAKLAND,-122.18050384521484,37.756191253662109
9435702,2022,2022-05-10,0109,2022-02-05,1844,9807,1,6,5,7,0109,0,0,0,,0,04X,"17TH ST","JEFFERSON ST",20.00,N,N,A,-,N,,,,,,,,,,Y,4,0,1,3,A,-,12,21453,A,N,A,C,A,A,H,-,B,A,0,,,,,Y,,-,"- ",0,0,1,0,0,0,0,0,0,"- ","- ",,,ALAMEDA,OAKLAND,-122.27365112304688,37.807643890380859
9435707,2022,2022-04-25,0109,2022-02-13,2259,9926,2,7,5,7,0109,0,0,0,,0,26X,"SAN LEANDRO ST","54TH AV",0.00,,Y,A,-,N,,,,,,,,,,N,3,0,1,1,A,-,03,22350,,N,E,I,A,A,-,-,C,D,0,,,,,Y,,A,01,0,1,0,0,0,0,0,0,0,"- ","- ",,,ALAMEDA,OAKLAND,-122.20964050292969,37.764278411865234
9435711,2022,2022-04-25,0109,2022-02-25,1110,9410,2,5,5,7,0109,0,0,0,,0,30X,"BANCROFT AV","81ST AV",0.00,,Y,A,-,N,,,,,,,,,,Y,4,0,1,2,A,-,06,21755,,M,D,C,A,A,H,-,A,A,0,,,,,Y,,A,01,0,0,1,0,0,0,0,0,0,"- ","- ",,,ALAMEDA,OAKLAND,-122.17117309570312,37.760696411132812
9436213,2022,2022-05-02,0109,2022-01-16,1200,9349,1,7,5,7,0109,0,0,0,,0,17X,"14TH AV","E 18TH ST",0.00,,Y,A,-,N,,,,,,,,,,N,4,0,3,2,A,-,09,21802,A,N,D,C,A,A,H,-,A,A,0,,,,,Y,,A,01,0,0,3,0,0,0,0,0,0,"- ","- ",,,ALAMEDA,OAKLAND,-122.24281311035156,37.791927337646484
9436216,2022,2022-05-02,0109,2022-01-25,1724,9582,1,2,5,7,0109,0,0,0,,0,26X,"HIGH ST","WATTLING ST",250.00,E,N,A,-,N,,,,,,,,,,N,3,0,1,2,A,-,03,22350,,M,D,G,A,A,H,-,C,D,0,,Y,,,Y,,A,01,0,1,0,0,0,0,1,0,0,"- ","- ",,,ALAMEDA,OAKLAND,-122.21749877929688,37.770339965820312
9437778,2022,2022-05-17,0109,2022-03-28,0800,9350,2,1,5,7,0109,0,0,0,,0,34X,"98TH AV","PLYMOUTH ST",0.00,,Y,C,-,N,,,,,,,,,,N,4,0,1,2,A,-,10,21950,A,M,G,B,B,B,H,-,A,A,0,Y,,,,Y,,A,07,0,0,1,0,1,0,0,0,0,"- ","- ",,,ALAMEDA,OAKLAND,-122.16724395751953,37.74591064453125
9437843,2022,2022-05-19,0109,2022-04-13,1843,9831,2,3,5,7,0109,0,0,0,,0,26X,"78TH AV","INTERNATIONAL BL",0.00,,Y,A,-,N,,,,,,,,,,N,4,0,1,2,A,-,12,21453,A,N,A,C,A,A,H,-,A,A,0,,,Y,,Y,,C,02,0,0,1,0,0,0,0,0,1,"- ","- ",,,ALAMEDA,OAKLAND,-122.18357086181641,37.757518768310547
9438002,2022,2022-06-03,0109,2022-04-18,1239,9945,1,1,5,7,0109,0,0,0,,0,09X,"PLEASANT VALLEY AV","GILBERT ST",0.00,,Y,A,-,N,,,,,,,,,,Y,3,0,1,2,A,-,08,22107,,N,C,E,A,A,H,-,A,D,0,,,,,Y,,A,01,0,1,0,0,0,0,0,0,0,"- ","- ",,,ALAMEDA,OAKLAND,-122.25055694580078,37.833560943603516
9438004,2022,2022-06-03,0109,2022-04-10,0415,9913,2,7,5,7,0109,0,0,0,,0,21X,"FRUITVALE AV","29TH ST",10.00,S,N,A,-,N,,,,,,,,,,N,3,0,1,3,A,-,07,21658,A,N,C,E,A,A,H,-,C,D,0,,,,,Y,,A,01,0,1,0,0,0,0,0,0,0,"- ","- ",,,ALAMEDA,OAKLAND,-122.21952056884766,37.791885375976562
9438006,2022,2022-05-19,0109,2022-04-14,1910,9951,2,4,5,7,0109,0,0,0,,0,32X,"INTERNATIONAL BL","100TH AV",0.00,,Y,B,C,N,,,,,,,,,,Y,4,0,2,2,A,-,12,21453,A,N,D,C,A,B,H,-,C,A,0,,,,,Y,,A,01,0,0,2,0,0,0,0,0,0,"- ","- ",,,ALAMEDA,OAKLAND,-122.16927337646484,37.742740631103516
9438798,2022,2022-05-13,0109,2022-04-08,1909,8425,1,5,5,7,0109,0,0,0,,0,03X,"10TH ST","MADISON ST",0.00,,Y,A,-,N,,,,,,,,,,N,3,0,1,2,A,-,17,21657,,N,A,C,A,A,H,-,A,A,0,,,,,Y,,-,,0,1,0,0,0,0,0,0,0,"- ","- ",,,ALAMEDA,OAKLAND,-122.26577758789062,37.798748016357422
9438949,2022,2022-06-02,0109,2022-04-12,1325,8681,2,2,5,7,0109,0,0,0,,0,33X,"INTERNATIONAL BL","86TH AV",40.00,E,N,A,-,N,,,,,,,,,,N,4,0,1,2,A,-,17,21208,A,N,D,G,A,A,H,-,A,A,0,,Y,,,Y,,L,04,0,0,1,0,0,0,1,0,0,"- ","- ",,,ALAMEDA,OAKLAND,-122.17658233642578,37.752452850341797
9439634,2022,2022-05-27,0109,2022-02-25,1902,9582,2,5,5,7,0109,0,0,0,,0,26X,"INTERNATIONAL BL","47TH AV",0.00,,Y,A,-,N,,,,,,,,,,N,4,0,1,2,A,-,12,21453,A,M,G,B,B,A,H,-,C,A,0,Y,,,,Y,,A,01,0,0,1,0,1,0,0,0,0,"- ","- ",,,ALAMEDA,OAKLAND,-122.21115875244141,37.770534515380859
9440950,2022,2022-05-09,0109,2022-01-11,1416,9224,2,2,5,7,0109,0,0,0,,0,23X,"FOOTHILL BL","HIGH ST",0.00,,Y,A,-,N,,,,,,,,,,Y,4,0,1,2,A,-,09,21801,A,N,D,C,A,A,H,-,A,A,0,,,,,Y,,A,01,0,0,1,0,0,0,0,0,0,"- ","- ",,,ALAMEDA,OAKLAND,-122.21180725097656,37.774692535400391