CASE_ID,ACCIDENT_YEAR,PROC_DATE,JURIS,COLLISION_DATE,COLLISION_TIME,OFFICER_ID,REPORTING_DISTRICT,DAY_OF_WEEK,CHP_SHIFT,POPULATION,CNTY_CITY_LOC,SPECIAL_COND,BEAT_TYPE,CHP_BEAT_TYPE,CITY_DIVISION_LAPD,CHP_BEAT_CLASS,BEAT_NUMBER,PRIMARY_RD,SECONDARY_RD,DISTANCE,DIRECTION,INTERSECTION,WEATHER_1,WEATHER_2,STATE_HWY_IND,CALTRANS_COUNTY,CALTRANS_DISTRICT,STATE_ROUTE,ROUTE_SUFFIX,POSTMILE_PREFIX,POSTMILE,LOCATION_TYPE,RAMP_INTERSECTION,SIDE_OF_HWY,TOW_AWAY,COLLISION_SEVERITY,NUMBER_KILLED,NUMBER_INJURED,PARTY_COUNT,PRIMARY_COLL_FACTOR,PCF_CODE_OF_VIOL,PCF_VIOL_CATEGORY,PCF_VIOLATION,PCF_VIOL_SUBSECTION,HIT_AND_RUN,TYPE_OF_COLLISION,MVIW,PED_ACTION,ROAD_SURFACE,ROAD_COND_1,ROAD_COND_2,LIGHTING,CONTROL_DEVICE,CHP_ROAD_TYPE,PEDESTRIAN_ACCIDENT,BICYCLE_ACCIDENT,MOTORCYCLE_ACCIDENT,TRUCK_ACCIDENT,NOT_PRIVATE_PROPERTY,ALCOHOL_INVOLVED,STWD_VEHTYPE_AT_FAULT,CHP_VEHTYPE_AT_FAULT,COUNT_SEVERE_INJ,COUNT_VISIBLE_INJ,COUNT_COMPLAINT_PAIN,COUNT_PED_KILLED,COUNT_PED_INJURED,COUNT_BICYCLIST_KILLED,COUNT_BICYCLIST_INJURED,COUNT_MC_KILLED,COUNT_MC_INJURED,PRIMARY_RAMP,SECONDARY_RAMP,LATITUDE,LONGITUDE,COUNTY,CITY,POINT_X,POINT_Y
9441312,2022,2022-05-19,0109,2022-04-13,1948,8811,1,3,5,7,0109,0,0,0,,0,19X,"13TH AV","15TH ST",0.00,,Y,A,-,N,,,,,,,,,,N,4,0,2,2,A,-,09,21802,A,N,D,C,A,A,H,-,C,A,0,,,,,Y,,A,01,0,0,2,0,0,0,0,0,0,"- ","- ",,,ALAMEDA,OAKLAND,-122.24623107910156,37.790496826171875
9441499,2022,2022-05-19,0109,2022-04-22,1740,9172,1,5,5,7,0109,0,0,0,,0,02X,"ADELINE ST","10TH ST",0.00,,Y,A,-,N,,,,,,,,,,N,4,0,1,2,A,-,10,21950,A,M,B,B,B,A,H,-,A,A,0,Y,,,,Y,,A,01,0,0,1,0,1,0,0,0,0,"- ","- ",,,ALAMEDA,OAKLAND,-122.28719329833984,37.806625366210938
9441500,2022,2022-05-19,0109,2022-04-24,1905,9590,1,7,5,7,0109,0,0,0,,0,10X,"MARKET ST","STANFORD AV",0.00,,N,A,-,N,,,,,,,,,,Y,4,0,1,2,A,-,12,21453,A,M,A,C,A,A,H,-,A,A,0,,,,,Y,,A,01,0,0,1,0,0,0,0,0,0,"- ","- ",,,ALAMEDA,OAKLAND,-122.27529144287109,37.844352722167969
9441766,2022,2022-05-13,0109,2022-04-01,1438,9533,1,5,5,7,0109,0,0,0,,0,03X,"FRANKLIN ST","8TH ST",30.00,N,N,A,-,N,,,,,,,,,,N,3,0,1,2,A,-,11,21954,A,N,G,B,E,A,H,-,A,A,0,Y,,,,Y,,N,60,0,1,0,0,1,0,0,0,0,"- ","- ",,,ALAMEDA,OAKLAND,-122.27247619628906,37.799785614013672
9441838,2022,2022-05-11,0109,2022-03-31,0929,9909,1,4,5,7,0109,0,0,0,,0,17X,"18TH ST","5TH AV",0.00,,Y,A,-,N,,,,,,,,,,N,4,0,1,2,-,-,"- ",,B,N,D,C,A,A,H,-,A,A,0,,,,,Y,,A,01,0,0,1,0,0,0,0,0,0,"- ","- ",,,ALAMEDA,OAKLAND,-122.25010681152344,37.798381805419922
9441942,2022,2022-05-13,0109,2022-02-16,1216,9964,2,3,5,7,0109,0,0,0,,0,30X,"73RD AV","WELD ST",0.00,,Y,A,-,N,,,,,,,,,,N,4,0,1,1,A,-,08,22107,,N,E,A,A,A,H,-,A,A,0,,,Y,,Y,,C,03,0,0,1,0,0,0,0,0,1,"- ","- ",,,ALAMEDA,OAKLAND,-122.18201446533203,37.762657165527344
9442409,2022,2022-04-29,0109,2022-03-26,2152,8704,2,6,5,7,0109,0,0,0,,0,34X,"INTERNATIONAL BL","92ND AV",200.00,W,N,A,-,N,,,,,,,,,,N,4,0,1,2,A,-,21,22106,,M,C,E,A,D,H,-,C,D,0,,,,,Y,Y,A,01,0,0,1,0,0,0,0,0,0,"- ","- ",,,ALAMEDA,OAKLAND,-122.17398071289062,37.748954772949219
9442758,2022,2022-07-20,0109,2022-03-26,1140,9949,1,6,5,7,0109,0,0,0,,0,08X,"TELEGRAPH AV","31ST ST",10.00,N,N,A,-,N,,,,,,,,,,N,4,0,1,2,A,-,09,21801,A,N,D,C,A,A,H,-,A,D,0,,,,,Y,,A,01,0,0,1,0,0,0,0,0,0,"- ","- ",,,ALAMEDA,OAKLAND,-122.26691436767578,37.82000732421875
9444187,2022,2022-05-17,0109,2022-02-22,1911,8867,2,2,5,7,0109,0,0,0,,0,27X,"46TH AV","BANCROFT AV",0.00,,Y,A,-,N,,,,,,,,,,N,4,0,2,2,A,-,09,21802,A,N,D,C,A,B,H,-,C,A,0,,,,,Y,,A,01,0,0,2,0,0,0,0,0,0,"- ","- ",,,ALAMEDA,OAKLAND,-122.21073150634766,37.772064208984375
9444190,2022,2022-05-17,0109,2022-02-19,1652,9963,1,6,5,7,0109,0,0,0,,0,16Y,"PARK BL","E 38TH ST",0.00,,Y,A,-,N,,,,,,,,,,N,4,0,1,2,A,-,09,21801,A,N,D,C,A,A,H,-,A,D,0,,,,,Y,,A,01,0,0,1,0,0,0,0,0,0,"- ","- ",,,ALAMEDA,OAKLAND,-122.22931671142578,37.804447174072266
9444192,2022,2022-05-17,0109,2022-02-28,1455,9904,2,1,5,7,0109,0,0,0,,0,31Z,"SAN LEANDRO ST","STONE ST",0.00,,Y,A,-,N,,,,,,,,,,N,4,0,1,2,A,-,08,22107,,N,B,C,A,A,H,-,A,A,0,,,,,Y,,A,01,0,0,1,0,0,0,0,0,0,"- ","- ",,,ALAMEDA,OAKLAND,-122.17726898193359,37.737190246582031
9444705,2022,2022-05-31,0109,2022-03-14,1945,9892,1,1,5,7,0109,0,0,0,,0,17X,"13TH AV","E 19TH ST",100.00,N,N,A,-,N,,,,,,,,,,N,4,0,1,2,A,-,03,22350,,N,C,E,A,A,H,-,C,D,0,,,,Y,Y,,F,26,0,0,1,0,0,0,0,0,0,"- ","- ",,,ALAMEDA,OAKLAND,-122.2423095703125,37.793342590332031
9444817,2022,2022-05-26,0109,2022-04-11,0900,8815,1,1,5,7,0109,0,0,0,,0,05X,"SAN PABLO AV","WEST GRAND ST",0.00,,Y,C,-,N,,,,,,,,,,N,4,0,3,3,A,-,12,21453,A,N,D,C,A,B,-,-,A,B,0,,,,,Y,,A,01,0,0,3,0,0,0,0,0,0,"- ","- ",,,ALAMEDA,OAKLAND,-122.2740478515625,37.812816619873047
9444822,2022,2022-05-31,0109,2022-04-30,0956,9709,1,6,5,7,0109,0,0,0,,0,03X,BROADWAY,"12TH ST",0.00,,Y,A,-,N,,,,,,,,,,N,4,0,1,2,A,-,12,21453,A,N,D,C,A,A,H,-,A,A,0,,,Y,,Y,,C,03,0,0,1,0,0,0,0,0,1,"- ","- ",,,ALAMEDA,OAKLAND,-122.27204132080078,37.802932739257812
9444824,2022,2022-05-31,0109,2022-04-28,0135,8425,1,4,5,7,0109,0,0,0,,0,,"12TH ST","CASTRO ST",0.00,,Y,A,-,N,,,,,,,,,,N,4,0,1,2,A,-,12,21453,A,N,D,C,A,A,H,-,C,A,0,,,,,Y,,A,01,0,0,1,0,0,0,0,0,0,"- ","- ",,,ALAMEDA,OAKLAND,-122.27799987792969,37.805255889892578
9444899,2022,2022-05-26,0109,2022-03-13,2054,9854,2,7,5,7,0109,0,0,0,,0,26X,"OAKPORT ST","HIGH ST",30.00,N,N,A,-,N,,,,,,,,,,N,4,0,1,2,A,-,12,21453,A,N,D,C,A,A,H,-,B,A,0,,,,,Y,,A,01,0,0,1,0,0,0,0,0,0,"- ","- ",,,ALAMEDA,OAKLAND,-122.22064208984375,37.767971038818359
9444900,2022,2022-05-26,0109,2022-03-12,1733,9881,1,6,5,7,0109,0,0,0,,0,10X,"MARKET ST","45TH ST",0.00,,Y,A,-,N,,,,,,,,,,N,4,0,1,2,D,-,00,,,N,D,C,A,A,H,-,C,A,0,,,,,Y,,-,"- ",0,0,1,0,0,0,0,0,0,"- ","- ",,,ALAMEDA,OAKLAND,-122.27297210693359,37.834461212158203
9445232,2022,2022-05-19,0109,2022-04-19,1521,9960,1,2,5,7,0109,0,0,0,,0,18X,"E 19TH ST","19TH AV",5.00,E,N,A,-,N,,,,,,,,,,N,3,0,1,2,A,-,10,21950,A,F,G,B,B,A,H,-,A,D,0,Y,,,,Y,,A,01,0,1,0,0,1,0,0,0,0,"- ","- ",,,ALAMEDA,OAKLAND,-122.23784637451172,37.789772033691406
9445236,2022,2022-05-19,0109,2022-04-06,2246,9966,2,3,5,7,0109,0,0,0,,0,27Y,"BANCROFT AV","FORTUNE WY",0.00,,Y,A,-,N,,,,,,,,,,N,2,0,1,2,A,-,08,22107,,F,C,G,A,A,H,-,C,D,0,,Y,,,Y,,A,01,1,0,0,0,0,0,1,0,0,"- ","- ",,,ALAMEDA,OAKLAND,-122.19013214111328,37.770679473876953
9445976,2022,2022-06-07,0109,2022-05-04,1915,9196,2,3,5,7,0109,0,0,0,,0,30X,"INTERNATIONAL BL","72ND AV",50.00,E,N,A,-,N,,,,,,,,,,N,3,0,1,2,A,-,03,22350,,M,C,C,A,A,H,-,A,D,0,,,,,Y,,A,07,0,1,0,0,0,0,0,0,0,"- ","- ",,,ALAMEDA,OAKLAND,-122.18804931640625,37.759662628173828
9446220,2022,2022-05-27,0109,2022-02-05,2142,9893,2,6,5,7,0109,0,0,0,,0,35X,"98TH AV","GOLF LINKS RD",0.00,,Y,A,-,N,,,,,,,,,,N,4,0,2,2,A,-,09,21801,A,N,D,C,A,A,H,-,C,B,0,,,,,Y,,A,01,0,0,2,0,0,0,0,0,0,"- ","- ",,,ALAMEDA,OAKLAND,-122.15208435058594,37.754127502441406
9446222,2022,2022-05-27,0109,2022-02-01,1551,9832,1,2,5,7,0109,0,0,0,,0,19X,"21ST AV","INTERNATIONAL BL",0.00,,Y,A,-,N,,,,,,,,,,N,4,0,1,2,A,-,08,22107,,N,B,G,A,A,H,-,A,A,0,,Y,,,Y,,A,01,0,0,1,0,0,0,1,0,0,"- ","- ",,,ALAMEDA,OAKLAND,-122.23890686035156,37.785186767578125
9447844,2022,2022-09-16,0109,2022-08-13,1916,9410,2,6,5,7,0109,0,0,0,,0,35X,"98TH AV","MACARTHUR BL",30.00,N,N,A,-,N,,,,,,,,,,N,4,0,2,2,A,-,03,22350,,M,C,C,A,A,H,-,A,A,0,,,,,Y,,A,01,0,0,2,0,0,0,0,0,0,"- ","- ",,,ALAMEDA,OAKLAND,-122.15879821777344,37.749969482421875
9447866,2022,2022-09-15,0109,2022-08-19,1940,9196,2,5,5,7,0109,0,0,0,,0,35X,"FONTAINE ST","GOLF LINKS RD",900.00,E,N,A,-,N,,,,,,,,,,Y,3,0,1,1,A,-,03,22350,,N,E,I,A,A,H,-,B,D,0,,,,,Y,,A,01,0,1,0,0,0,0,0,0,0,"- ","- ",,,ALAMEDA,OAKLAND,-122.15603637695312,37.761924743652344
9447870,2022,2022-09-15,0109,2022-08-15,0907,9401,1,1,5,7,0109,0,0,0,,0,13Y,"MORAGA AV",HARBORD,0.00,,Y,A,-,N,,,,,,,,,,N,4,0,1,1,A,-,08,22107,,N,A,-,A,A,H,-,A,A,0,,,,,Y,,A,01,0,0,1,0,0,0,0,0,0,"- ","- ",,,ALAMEDA,OAKLAND,-122.22115325927734,37.832653045654297
9449031,2022,2022-06-15,0109,2022-01-29,0755,9944,1,6,5,7,0109,0,0,0,,0,,"44TH ST","MARTIN LUTHER KING JR WY",0.00,,Y,A,-,N,,,,,,,,,,N,4,0,1,2,A,-,12,22450,A,N,D,G,A,A,H,-,A,A,0,,Y,,,Y,,D,22,0,0,1,0,0,0,1,0,0,"- ","- ",,,ALAMEDA,OAKLAND,-122.26763916015625,37.8328857421875
9449704,2022,2022-06-03,0109,2022-03-20,0543,9924,1,7,5,7,0109,0,0,0,,0,02X,"14TH ST","ADELINE ST",0.00,,Y,A,-,N,,,,,,,,,,N,4,0,1,2,A,-,12,21453,A,M,D,C,A,A,H,-,B,A,0,,,,,Y,,A,01,0,0,1,0,0,0,0,0,0,"- ","- ",,,ALAMEDA,OAKLAND,-122.28615570068359,37.809505462646484
9449708,2022,2022-06-03,0109,2022-03-11,2247,8867,2,5,5,7,0109,0,0,0,,0,25X,"MAYBELLE AV","BAYO ST",350.00,S,N,A,-,N,,,,,,,,,,N,4,0,1,4,A,-,13,22515,A,N,B,E,A,A,H,-,C,D,0,,,,,Y,,A,01,0,0,1,0,0,0,0,0,0,"- ","- ",,,ALAMEDA,OAKLAND,-122.19276428222656,37.790596008300781
9449710,2022,2022-06-03,0109,2022-03-12,1530,9165,2,6,5,7,0109,0,0,0,,0,32X,"INTERNATIONAL BL","105TH AV",100.00,W,N,A,-,N,,,,,,,,,,N,4,0,1,3,A,-,08,22107,,M,C,C,A,A,H,-,A,A,0,,,,,Y,,-,,0,0,1,0,0,0,0,0,0,"- ","- ",,,ALAMEDA,OAKLAND,-122.16690063476562,37.739517211914062
9449834,2022,2022-06-03,0109,2022-02-14,0136,9851,2,1,5,7,0109,0,0,0,,0,29X,"BANCROFT AV","AVENAL AV",25.00,E,N,A,-,N,,,,,,,,,,N,4,0,2,1,A,-,08,22107,,N,E,I,A,A,-,-,C,A,0,,,,,Y,,A,01,0,0,2,0,0,0,0,0,0,"- ","- ",,,ALAMEDA,OAKLAND,-122.1932373046875,37.771091461181641
9449840,2022,2022-06-03,0109,2022-02-21,1734,9590,1,1,5,7,0109,0,0,0,,0,12X,"SHATTUCK AV","52ND ST",0.00,,Y,A,-,N,,,,,,,,,,N,4,0,3,2,A,-,09,21801,A,N,A,C,A,A,-,-,A,A,0,,,,,Y,,A,01,0,0,3,0,0,0,0,0,0,"- ","- ",,,ALAMEDA,OAKLAND,-122.26418304443359,37.837898254394531
9449882,2022,2022-06-30,0109,2022-03-17,1707,9953,2,4,5,7,0109,0,0,0,,0,33X,"SAN LEANDRO ST","98TH AV",0.00,,Y,A,-,N,,,,,,,,,,N,2,0,1,2,A,-,17,21235,G,N,D,C,A,A,H,-,A,A,0,,,Y,,Y,,C,03,1,0,0,0,0,0,0,0,1,"- ","- ",,,ALAMEDA,OAKLAND,-122.17976379394531,37.739177703857422
9449884,2022,2022-06-03,0109,2022-03-25,2110,9929,1,5,5,7,0109,0,0,0,,0,07X,"34TH ST","HELEN ST",0.00,,Y,A,-,N,,,,,,,,,,N,3,0,1,2,A,-,09,21800,A,F,D,G,A,A,H,-,C,C,0,,Y,,,Y,,-,99,0,1,0,0,0,0,1,0,0,"- ","- ",,,ALAMEDA,OAKLAND,-122.28630065917969,37.825450897216797
9449905,2022,2022-06-25,0109,2022-04-09,2338,9860,1,6,5,7,0109,0,0,0,,0,03X,"14TH ST","HARRISON ST",0.00,,Y,-,-,N,,,,,,,,,,N,4,0,1,4,A,-,03,22350,,M,F,E,A,A,-,-,A,A,0,,,,,Y,Y,A,01,0,0,1,0,0,0,0,0,0,"- ","- ",,,ALAMEDA,OAKLAND,-122.26760101318359,37.802906036376953
9450033,2022,2022-06-06,0109,2022-01-22,1448,9893,2,6,5,7,0109,0,0,0,,0,26Y,"70TH AV","INTERNATIONAL BL",20.00,S,N,A,-,N,,,,,,,,,,N,4,0,1,2,A,-,21,22106,,M,C,E,A,A,H,-,A,D,0,,,,,Y,Y,D,22,0,0,1,0,0,0,0,0,0,"- ","- ",,,ALAMEDA,OAKLAND,-122.18953704833984,37.760295867919922
9450419,2022,2022-06-03,0109,2022-04-26,0905,9963,2,2,5,7,0109,0,0,0,,0,26X,"HIGH ST","TIDEWATER AV",0.00,,Y,A,-,N,,,,,,,,,,N,2,0,1,2,A,-,03,22350,,N,G,G,A,A,H,-,A,D,0,,Y,,,Y,,A,01,1,0,0,0,0,0,1,0,0,"- ","- ",,,ALAMEDA,OAKLAND,-122.22377014160156,37.765602111816406
9450645,2022,2022-06-06,0109,2022-01-29,1831,9832,1,6,5,7,0109,0,0,0,,0,19X,"KENNEDY ST",EMBARCADERO,0.00,,Y,A,-,N,,,,,,,,,,N,4,0,1,2,A,-,09,21801,A,N,D,C,A,A,H,-,C,A,0,,,,,Y,,A,01,0,0,1,0,0,0,0,0,0,"- ","- ",,,ALAMEDA,OAKLAND,-122.23741149902344,37.775447845458984
9450655,2022,2022-06-06,0109,2022-01-31,0200,9517,2,1,5,7,0109,0,0,0,,0,30X,"FOOTHILL BL","69TH AV",60.00,E,N,A,-,N,,,,,,,,,,Y,4,0,1,2,A,-,03,22350,,N,C,E,A,A,H,-,C,A,0,,,,,Y,,A,01,0,0,1,0,0,0,0,0,0,"- ","- ",,,ALAMEDA,OAKLAND,-122.17571258544922,37.769603729248047
9450668,2022,2022-06-07,0109,2022-03-03,0115,8610,2,4,5,7,0109,0,0,0,,0,29X,"FOOTHILL BL","HAVENSCOURT BL",280.00,W,N,A,-,N,,,,,,,,,,N,4,0,1,2,A,-,01,23152,B,N,A,E,A,A,H,-,C,D,0,,,,,Y,Y,A,01,0,0,1,0,0,0,0,0,0,"- ","- ",,,ALAMEDA,OAKLAND,-122.18277740478516,37.770561218261719
9450673,2022,2022-06-07,0109,2022-03-30,1402,9945,1,3,5,7,0109,0,0,0,,0,10Y,"MARTIN LUTHER KING JR WY","42ND ST",0.00,,Y,A,-,N,,,,,,,,,,Y,4,0,1,2,A,-,09,21802,A,N,D,C,A,A,H,-,A,A,0,,,,,Y,,A,01,0,0,1,0,0,0,0,0,0,"- ","- ",,,ALAMEDA,OAKLAND,-122.26798248291016,37.831489562988281
9450679,2022,2022-06-07,0109,2022-03-23,1337,9615,1,3,5,7,0109,0,0,0,,0,04X,"WEBSTER ST","17TH ST",4.00,W,N,A,-,N,,,,,,,,,,N,4,0,1,2,A,-,10,21950,A,M,G,B,B,A,H,-,A,A,0,Y,,,,Y,,A,01,0,0,1,0,1,0,0,0,0,"- ","- ",,,ALAMEDA,OAKLAND,-122.26734924316406,37.805709838867188
9451016,2022,2022-06-27,0109,2022-05-15,0728,9742,1,7,5,7,0109,0,0,0,,0,03X,"7TH ST",BROADWAY,0.00,,Y,A,-,N,,,,,,,,,,Y,2,0,2,4,A,-,12,21453,A,N,A,C,A,A,H,-,B,A,0,,,,,Y,,A,01,1,1,0,0,0,0,0,0,0,"- ","- ",,,ALAMEDA,OAKLAND,-122.27419281005859,37.799488067626953
9451362,2022,2022-06-24,0109,2022-05-01,0808,8824,2,7,5,7,0109,0,0,0,,0,31X,"DOOLITTLE DR","HEGENBERGER RD",300.00,W,N,A,-,N,,,,,,,,,,N,4,0,1,2,A,-,03,22350,,N,C,C,A,A,H,-,A,D,0,,,,,Y,,A,01,0,0,1,0,0,0,0,0,0,"- ","- ",,,ALAMEDA,OAKLAND,-122.20255279541016,37.726978302001953
9451365,2022,2022-06-24,0109,2022-05-14,1528,9893,2,6,5,7,0109,0,0,0,,0,26X,"E 12TH ST","49TH AV",10.00,W,N,A,-,N,,,,,,,,,,N,4,0,1,2,A,-,03,22350,,N,C,C,A,A,H,-,A,D,0,,,,,Y,,A,01,0,0,1,0,0,0,0,0,0,"- ","- ",,,ALAMEDA,OAKLAND,-122.21136474609375,37.76824951171875
9451369,2022,2022-06-24,0109,2022-05-16,0433,9644,1,1,5,7,0109,0,0,0,,0,18X,"E 21ST ST","21ST AV",75.00,E,N,A,-,N,,,,,,,,,,N,3,0,1,2,A,-,08,22107,,F,G,B,E,A,H,-,B,D,0,Y,,,,Y,,-,99,0,1,0,0,1,0,0,0,0,"- ","- ",,,ALAMEDA,OAKLAND,-122.23391723632812,37.790081024169922
9451372,2022,2022-06-24,0109,2022-05-17,0826,9410,2,2,5,7,0109,0,0,0,,0,32X,"BANCROFT AV",DURANT,0.00,,Y,A,-,N,,,,,,,,,,N,4,0,1,2,D,-,00,,,N,D,C,A,A,H,-,A,A,0,,,,,Y,,-,"- ",0,0,1,0,0,0,0,0,0,"- ","- ",,,ALAMEDA,OAKLAND,-122.15509033203125,37.739086151123047
9451374,2022,2022-06-24,0109,2022-05-18,2319,9961,2,3,5,7,0109,0,0,0,,0,30Y,"FOOTHILL BL","68TH AV",0.00,,Y,A,-,N,,,,,,,,,,Y,3,0,1,2,A,-,12,21453,A,M,D,C,A,A,H,-,C,A,0,,,,,Y,Y,A,07,0,1,0,0,0,0,0,0,0,"- ","- ",,,ALAMEDA,OAKLAND,-122.17848205566406,37.769966125488281
9453300,2022,2022-06-27,0109,2022-02-18,2215,9851,2,5,5,7,0109,0,0,0,,0,29X,"BANCROFT AV","AVENAL AV",70.00,E,N,A,-,N,,,,,,,,,,Y,4,0,1,3,A,-,08,22107,,N,C,E,A,A,H,-,C,A,0,,,,,Y,,A,01,0,0,1,0,0,0,0,0,0,"- ","- ",,,ALAMEDA,OAKLAND,-122.19308471679688,37.771068572998047
9453496,2022,2022-06-22,0109,2022-04-16,1518,9897,2,6,5,7,0109,0,0,0,,0,20X,"INTERNATIONAL BL","MILLER AV",0.00,,Y,A,-,N,,,,,,,,,,N,4,0,1,2,A,-,00,22012,,F,D,C,A,A,H,-,A,A,0,,,Y,,Y,,A,01,0,0,1,0,0,0,0,0,1,"- ","- ",,,ALAMEDA,OAKLAND,-122.23484802246094,37.782745361328125
9453618,2022,2022-06-21,0109,2022-05-23,1443,9196,2,1,5,7,0109,0,0,0,,0,08X,BROADWAY,"27TH ST",135.00,S,N,A,-,N,,,,,,,,,,N,3,0,1,3,A,-,08,22107,,N,B,G,A,A,H,-,A,D,0,,Y,,,Y,,A,07,0,1,0,0,0,0,1,0,0,"- ","- ",,,ALAMEDA,OAKLAND,-122.26434326171875,37.815284729003906
9454569,2022,2022-07-06,0109,2022-04-22,1039,9946,1,5,5,7,0109,0,0,0,,0,12X,"46TH ST","SHATTUCK AV",0.00,,Y,A,-,N,,,,,,,,,,N,4,0,1,2,A,-,12,22450,A,N,G,C,A,A,H,-,A,A,0,,,,,Y,,A,01,0,0,1,0,0,0,0,0,0,"- ","- ",,,ALAMEDA,OAKLAND,-122.26364135742188,37.833713531494141
9455033,2022,2022-07-06,0109,2022-05-12,2115,9750,1,4,5,7,0109,0,0,0,,0,19X,"23RD AV","E 12TH ST",100.00,S,N,A,-,N,,,,,,,,,,N,4,0,2,2,A,-,04,21703,,M,C,C,A,A,H,-,A,D,0,,,,,Y,,D,22,0,0,2,0,0,0,0,0,0,"- ","- ",,,ALAMEDA,OAKLAND,-122.23866271972656,37.783344268798828
9456857,2022,2022-06-24,0109,2022-02-16,2144,9929,1,3,5,7,0109,0,0,0,,0,03X,"9TH ST","HARRISON ST",0.00,,Y,A,-,N,,,,,,,,,,N,4,0,2,2,A,-,12,21453,A,M,D,C,A,A,H,-,C,A,0,,,,,Y,,A,01,0,0,2,0,0,0,0,0,0,"- ","- ",,,ALAMEDA,OAKLAND,-122.26975250244141,37.799468994140625
9456863,2022,2022-06-24,0109,2022-02-13,0002,9876,2,7,5,7,0109,0,0,0,,0,31X,"98TH AV","EDES AV",0.00,,Y,A,-,N,,,,,,,,,,N,3,0,1,2,A,-,12,21453,A,F,G,B,B,A,H,-,C,A,0,Y,,,,Y,,A,01,0,1,0,0,1,0,0,0,0,"- ","- ",,,ALAMEDA,OAKLAND,-122.18331146240234,37.736431121826172
9457688,2022,2022-06-09,0109,2022-01-05,1445,9524,2,3,5,7,0109,0,0,0,,0,31X,"EDGEWATER RD","HEGENBERGER RD",0.00,,Y,A,-,N,,,,,,,,,,N,3,0,1,2,A,-,03,22350,,N,C,C,A,A,H,-,A,A,0,,,,,Y,,A,01,0,1,0,0,0,0,0,0,0,"- ","- ",,,ALAMEDA,OAKLAND,-122.19699096679688,37.736946105957031
9457691,2022,2022-06-29,0109,2022-01-15,1544,9912,1,6,5,7,0109,0,0,0,,0,03X,"WEBSTER ST","7TH ST",0.00,,Y,A,-,N,,,,,,,,,,N,3,0,2,2,A,-,12,21453,A,N,D,C,A,A,H,-,A,A,0,,,,,Y,,-,"- ",0,1,1,0,0,0,0,0,0,"- ","- ",,,ALAMEDA,OAKLAND,-122.27178955078125,37.798561096191406
9457736,2022,2022-06-09,0109,2022-02-11,1445,8347,1,5,5,7,0109,0,0,0,,0,10Y,"MARTIN LUTHER KING JR WY","53RD ST",0.00,,Y,A,-,N,,,,,,,,,,N,3,0,1,2,A,-,12,21453,A,N,D,G,A,A,H,-,A,A,0,,Y,,,Y,,-,"- ",0,1,0,0,0,0,1,0,0,"- ","- ",,,ALAMEDA,OAKLAND,-122.26924133300781,37.838016510009766
9458249,2022,2022-06-14,0109,2022-05-14,1929,9814,2,6,5,7,0109,0,0,0,,0,30X,"INTERNATIONAL BL","80TH AV",20.00,E,N,A,-,N,,,,,,,,,,N,4,0,1,2,A,-,21,22106,,M,C,E,A,A,H,-,B,D,0,,,,,Y,,A,01,0,0,1,0,0,0,0,0,0,"- ","- ",,,ALAMEDA,OAKLAND,-122.18157958984375,37.756572723388672
9458252,2022,2022-06-14,0109,2022-05-10,1250,9958,1,2,5,7,0109,0,0,0,,0,04X,"WEBSTER ST","15TH ST",0.00,,Y,A,-,N,,,,,,,,,,N,4,0,1,2,A,-,11,21453,D,M,G,B,B,A,H,-,A,A,0,Y,,,,Y,,N,60,0,0,1,0,1,0,0,0,0,"- ","- ",,,ALAMEDA,OAKLAND,-122.26814270019531,37.804428100585938
9458254,2022,2022-06-14,0109,2022-05-08,2148,9874,2,7,5,7,0109,0,0,0,,0,26X,"HIGH ST","INTERNATIONAL BL",0.00,,Y,A,-,N,,,,,,,,,,N,4,0,1,2,A,-,12,21453,A,M,A,B,B,A,H,-,B,A,0,Y,,,,Y,,A,01,0,0,1,0,1,0,0,0,0,"- ","- ",,,ALAMEDA,OAKLAND,-122.21482849121094,37.772350311279297
9458260,2022,2022-06-14,0109,2022-05-19,1605,9128,2,4,5,7,0109,0,0,0,,0,25X,"CAMPUS DR","REDWOOD RD",500.00,E,N,A,-,N,,,,,,,,,,N,3,0,2,1,A,-,03,22350,,N,F,A,A,A,H,-,A,D,0,,,,,Y,,A,01,0,2,0,0,0,0,0,0,0,"- ","- ",,,ALAMEDA,OAKLAND,-122.17421722412109,37.794506072998047
9464167,2022,2023-03-21,0109,2022-01-19,2150,8881,2,3,5,7,0109,0,0,0,,0,30X,"75TH AV","GARFIELD AV",305.00,N,N,A,-,N,,,,,,,,,,Y,1,1,0,1,A,-,01,23152,F,N,E,I,A,A,H,-,A,D,0,,,,,Y,,-,,0,0,0,0,0,0,0,0,0,"- ","- ",,,ALAMEDA,OAKLAND,-122.17363739013672,37.766254425048828
9465254,2022,2023-01-13,0109,2022-11-26,1522,10021,1,6,5,7,0109,0,0,0,,0,11X,"TELEGRAPH AV","58TH ST",0.00,,Y,A,-,N,,,,,,,,,,N,4,0,1,2,A,-,08,22100,B,N,B,C,A,A,H,-,A,A,0,,,,,Y,,A,01,0,0,1,0,0,0,0,0,0,"- ","- ",,,ALAMEDA,OAKLAND,-122.26142883300781,37.843856811523438