CASE_ID,ACCIDENT_YEAR,PROC_DATE,JURIS,COLLISION_DATE,COLLISION_TIME,OFFICER_ID,REPORTING_DISTRICT,DAY_OF_WEEK,CHP_SHIFT,POPULATION,CNTY_CITY_LOC,SPECIAL_COND,BEAT_TYPE,CHP_BEAT_TYPE,CITY_DIVISION_LAPD,CHP_BEAT_CLASS,BEAT_NUMBER,PRIMARY_RD,SECONDARY_RD,DISTANCE,DIRECTION,INTERSECTION,WEATHER_1,WEATHER_2,STATE_HWY_IND,CALTRANS_COUNTY,CALTRANS_DISTRICT,STATE_ROUTE,ROUTE_SUFFIX,POSTMILE_PREFIX,POSTMILE,LOCATION_TYPE,RAMP_INTERSECTION,SIDE_OF_HWY,TOW_AWAY,COLLISION_SEVERITY,NUMBER_KILLED,NUMBER_INJURED,PARTY_COUNT,PRIMARY_COLL_FACTOR,PCF_CODE_OF_VIOL,PCF_VIOL_CATEGORY,PCF_VIOLATION,PCF_VIOL_SUBSECTION,HIT_AND_RUN,TYPE_OF_COLLISION,MVIW,PED_ACTION,ROAD_SURFACE,ROAD_COND_1,ROAD_COND_2,LIGHTING,CONTROL_DEVICE,CHP_ROAD_TYPE,PEDESTRIAN_ACCIDENT,BICYCLE_ACCIDENT,MOTORCYCLE_ACCIDENT,TRUCK_ACCIDENT,NOT_PRIVATE_PROPERTY,ALCOHOL_INVOLVED,STWD_VEHTYPE_AT_FAULT,CHP_VEHTYPE_AT_FAULT,COUNT_SEVERE_INJ,COUNT_VISIBLE_INJ,COUNT_COMPLAINT_PAIN,COUNT_PED_KILLED,COUNT_PED_INJURED,COUNT_BICYCLIST_KILLED,COUNT_BICYCLIST_INJURED,COUNT_MC_KILLED,COUNT_MC_INJURED,PRIMARY_RAMP,SECONDARY_RAMP,LATITUDE,LONGITUDE,COUNTY,CITY,POINT_X,POINT_Y
9465580,2022,2023-01-11,0109,2022-09-20,1728,8959,1,2,5,7,0109,0,0,0,,0,17X,"E 18TH ST","11TH AV",5.00,W,N,A,-,N,,,,,,,,,,Y,3,0,2,2,A,-,01,23152,A,N,D,E,A,A,H,-,A,C,0,,,,,Y,Y,A,01,0,1,1,0,0,0,0,0,0,"- ","- ",,,ALAMEDA,OAKLAND,-122.24517059326172,37.793991088867188
9465720,2022,2023-01-04,0109,2022-11-17,0028,8425,1,4,5,7,0109,0,0,0,,0,02X,"14TH ST","ADELINE ST",40.00,W,N,A,-,N,,,,,,,,,,N,4,0,2,2,A,-,03,22350,,N,C,C,A,A,H,-,C,A,0,,,,,Y,,A,01,0,0,2,0,0,0,0,0,0,"- ","- ",,,ALAMEDA,OAKLAND,-122.28629302978516,37.809528350830078
9465722,2022,2023-01-04,0109,2022-11-09,0727,9149,1,3,5,7,0109,0,0,0,,0,03X,"14TH ST",BROADWAY,0.00,,Y,A,-,N,,,,,,,,,,N,4,0,2,2,A,-,12,21453,A,N,B,C,A,A,H,-,A,A,0,,,,,Y,,A,07,0,0,2,0,0,0,0,0,0,"- ","- ",,,ALAMEDA,OAKLAND,-122.27120208740234,37.8043212890625
9466820,2022,2023-01-31,0109,2022-10-01,2032,8658,2,6,5,7,0109,0,0,0,,0,30X,"BANCROFT AV","HAVENSCOURT BL",0.00,,Y,A,-,N,,,,,,,,,,Y,3,0,3,5,A,-,01,23152,A,N,D,C,A,A,H,-,C,A,0,,,,,Y,Y,A,01,0,1,2,0,0,0,0,0,0,"- ","- ",,,ALAMEDA,OAKLAND,-122.18215179443359,37.769641876220703
9468275,2022,2023-01-17,0109,2022-12-17,1711,9893,2,6,5,7,0109,0,0,0,,0,31X,"HEGENBERGER RD","SAN LEANDRO ST",0.00,,Y,A,-,N,,,,,,,,,,N,4,0,2,1,A,-,08,22107,,N,A,I,A,A,H,-,C,D,0,,,,,Y,,A,07,0,0,2,0,0,0,0,0,0,FR,"- ",,,ALAMEDA,OAKLAND,-122.19580078125,37.752532958984375
9472107,2022,2022-07-15,0109,2022-06-19,2144,8046,1,7,5,7,0109,0,0,0,,0,18X,"21ST AV","E 19TH ST",0.00,,Y,A,-,N,,,,,,,,,,N,3,0,2,4,A,-,09,21802,A,N,D,C,A,A,H,-,C,A,0,,,,,Y,,A,01,0,1,1,0,0,0,0,0,0,"- ","- ",,,ALAMEDA,OAKLAND,-122.23575592041016,37.788532257080078
9472385,2022,2022-08-08,0109,2022-04-16,1528,9269,1,6,5,7,0109,0,0,0,,0,05X,"BANCROFT AV","48TH AV",0.00,,Y,A,-,N,,,,,,,,,,N,4,0,1,2,A,-,09,21802,A,N,D,C,A,A,H,-,A,A,0,,,,,Y,,A,07,0,0,1,0,0,0,0,0,0,"- ","- ",,,ALAMEDA,OAKLAND,-122.20838165283203,37.771759033203125
9473875,2022,2022-08-22,0109,2022-07-24,1737,9814,2,7,5,7,0109,0,0,0,,0,27X,"50TH AV","BANCROFT AV",0.00,,Y,A,-,N,,,,,,,,,,N,4,0,1,2,A,-,12,22450,A,M,B,C,A,A,H,-,A,A,0,,,,,Y,,A,08,0,0,1,0,0,0,0,0,0,"- ","- ",,,ALAMEDA,OAKLAND,-122.20703125,37.771774291992188
9473971,2022,2022-08-24,0109,2022-06-10,2113,9926,2,5,5,7,0109,0,0,0,,0,26X,"E 12TH ST","5TH AV",0.00,,N,A,-,N,,,,,,,,,,Y,4,0,1,2,A,-,08,22107,,N,B,C,A,A,-,-,B,A,0,,,,,Y,,A,01,0,0,1,0,0,0,0,0,0,"- ","- ",,,ALAMEDA,OAKLAND,-122.25479125976562,37.795059204101562
9473975,2022,2022-08-24,0109,2022-06-30,0905,9224,2,4,5,7,0109,0,0,0,,0,21Y,"FOOTHILL BL","RUTHERFORD ST",5.00,W,N,B,-,N,,,,,,,,,,N,4,0,1,2,A,-,03,22350,,N,C,C,A,A,H,-,A,A,0,,,,,Y,,A,01,0,0,1,0,0,0,0,0,0,"- ","- ",,,ALAMEDA,OAKLAND,-122.22367858886719,37.784065246582031
9473977,2022,2022-08-31,0109,2022-06-08,1954,9960,1,3,5,7,0109,0,0,0,,0,06X,"WEST ST","36TH ST",0.00,,Y,A,-,N,,,,,,,,,,N,3,0,4,2,A,-,12,21453,A,N,D,C,A,A,H,-,A,A,0,,,,,Y,,-,"- ",0,2,2,0,0,0,0,0,0,"- ","- ",,,ALAMEDA,OAKLAND,-122.27214050292969,37.825630187988281
9473979,2022,2022-08-24,0109,2022-06-11,1608,9881,1,6,5,7,0109,0,0,0,,0,09X,"PIEDMONT AV","YOSEMITE AV",0.00,,Y,A,-,N,,,,,,,,,,N,4,0,1,2,A,-,03,22350,,M,G,B,B,A,H,-,A,D,0,Y,,,,Y,,-,99,0,0,1,0,1,0,0,0,0,"- ","- ",,,ALAMEDA,OAKLAND,-122.25568389892578,37.823921203613281
9473982,2022,2022-08-25,0109,2022-06-18,1920,9881,1,6,5,7,0109,0,0,0,,0,10X,"55TH ST","MARKET ST",0.00,,Y,A,-,N,,,,,,,,,,Y,4,0,2,2,A,-,12,21453,A,N,D,C,A,A,H,-,A,A,0,,,,,Y,,A,01,0,0,2,0,0,0,0,0,0,"- ","- ",,,ALAMEDA,OAKLAND,-122.27390289306641,37.839248657226562
9474647,2022,2022-07-06,0109,2022-01-18,2017,9913,1,2,5,7,0109,0,0,0,,0,20X,"FOOTHILL BL","27TH AV",8.00,W,N,A,-,N,,,,,,,,,,N,4,0,1,2,A,-,10,21950,A,N,A,B,B,A,H,-,B,D,0,Y,,,,Y,,A,01,0,0,1,0,1,0,0,0,0,"- ","- ",,,ALAMEDA,OAKLAND,-122.22793579101562,37.784530639648438
9474666,2022,2022-07-06,0109,2022-05-09,0915,9963,2,1,5,7,0109,0,0,0,,0,35X,"MACARTHUR BL","85TH AV",200.00,E,N,A,-,N,,,,,,,,,,N,4,0,1,2,A,-,21,22106,,N,B,C,A,A,H,-,A,D,0,,,,,Y,,A,01,0,0,1,0,0,0,0,0,0,"- ","- ",,,ALAMEDA,OAKLAND,,
9474713,2022,2022-07-06,0109,2022-05-27,2201,9926,2,5,5,7,0109,0,0,0,,0,26X,"SAN LEANDRO ST","47TH AV",0.00,,Y,A,-,N,,,,,,,,,,Y,4,0,1,2,A,-,03,22350,,N,C,C,A,A,-,-,C,C,0,,,,,Y,,A,01,0,0,1,0,0,0,0,0,0,"- ","- ",,,ALAMEDA,OAKLAND,-122.21418762207031,37.768165588378906
9474717,2022,2022-07-07,0109,2022-05-27,0208,9251,2,5,5,7,0109,0,0,0,,0,34X,"PLYMOUTH ST","82ND AV",0.00,,Y,A,-,N,,,,,,,,,,Y,4,0,1,2,A,-,12,22450,A,M,A,C,A,A,H,-,C,A,0,,,,,Y,,A,01,0,0,1,0,0,0,0,0,0,"- ","- ",,,ALAMEDA,OAKLAND,-122.17572021484375,37.757503509521484
9475494,2022,2022-07-20,0109,2022-05-26,2049,9173,1,4,5,7,0109,0,0,0,,0,04X,"MARTIN LUTHER KING JR WY","WEST GRAND AV",0.00,,Y,A,-,N,,,,,,,,,,Y,3,0,2,2,A,-,12,21453,A,M,D,C,A,A,H,-,C,A,0,,,,,Y,,A,01,0,1,1,0,0,0,0,0,0,"- ","- ",,,ALAMEDA,OAKLAND,-122.27278137207031,37.812484741210938
9475842,2022,2022-07-21,0109,2022-05-26,1351,9841,2,4,5,7,0109,0,0,0,,0,31X,"98TH AV","MADDUX DR",82.00,N,N,A,-,N,,,,,,,,,,Y,4,0,4,2,A,-,03,22350,,N,C,C,A,A,H,-,B,A,0,,,,,Y,Y,A,01,0,0,4,0,0,0,0,0,0,"- ","- ",,,ALAMEDA,OAKLAND,-122.18394470214844,37.735195159912109
9475886,2022,2022-07-25,0109,2022-05-26,2151,9572,2,4,5,7,0109,0,0,0,,0,25X,"HIGH ST","MACARTHUR BL",0.00,,Y,A,-,N,,,,,,,,,,N,4,0,1,3,A,-,12,21453,A,N,D,C,A,A,H,-,C,A,0,,,,,Y,Y,A,01,0,0,1,0,0,0,0,0,0,"- ","- ",,,ALAMEDA,OAKLAND,-122.19480133056641,37.787372589111328
9477159,2022,2022-07-22,0109,2022-02-16,1715,9533,1,3,5,7,0109,0,0,0,,0,04X,"SAN PABLO AV","CASTRO ST",0.00,,Y,A,-,N,,,,,,,,,,N,4,0,1,2,A,-,12,21453,A,M,D,C,A,A,H,-,C,A,0,,,,,Y,,A,01,0,0,1,0,0,0,0,0,0,"- ","- ",,,ALAMEDA,OAKLAND,-122.27369689941406,37.811672210693359
9477372,2022,2022-07-22,0109,2022-06-18,1932,9565,1,6,5,7,0109,0,0,0,,0,19X,"INTERNATIONAL BL","12TH AV",0.00,,Y,A,-,N,,,,,,,,,,N,4,0,2,2,A,-,09,21802,A,N,D,C,A,A,H,-,A,D,0,,,Y,,Y,,A,01,0,0,2,0,0,0,0,0,2,"- ","- ",,,ALAMEDA,OAKLAND,-122.24802398681641,37.790603637695312
9483374,2022,2022-08-04,0109,2022-05-27,0311,9954,1,5,5,7,0109,0,0,0,,0,12X,"CLAREMONT AV","HILLEGASS AV",0.00,,Y,A,-,N,,,,,,,,,,N,4,0,1,2,A,-,05,21651,A,N,A,E,A,A,H,-,C,A,0,,,,,Y,,A,01,0,0,1,0,0,0,0,0,0,"- ","- ",,,ALAMEDA,OAKLAND,-122.25415802001953,37.84710693359375
9486165,2022,2022-09-15,0109,2022-07-01,1107,9770,2,5,5,7,0109,0,0,0,,0,23X,"HIGH ST","INTERNATIONAL BL",0.00,,Y,B,-,N,,,,,,,,,,N,4,0,1,2,A,-,12,21453,A,M,D,C,A,A,H,-,A,A,0,,,,,Y,,A,01,0,0,1,0,0,0,0,0,0,"- ","- ",,,ALAMEDA,OAKLAND,-122.21482849121094,37.772350311279297
9490996,2022,2022-09-02,0109,2022-07-08,1832,8867,2,5,5,7,0109,0,0,0,,0,22Y,"35TH AV","KANSAS ST",0.00,,Y,A,-,N,,,,,,,,,,N,4,0,2,2,A,-,09,21802,A,N,A,C,A,A,H,-,A,A,0,,,,,Y,,A,07,0,0,2,0,0,0,0,0,0,"- ","- ",,,ALAMEDA,OAKLAND,-122.19931030273438,37.79461669921875
9491138,2022,2022-08-29,0109,2022-05-29,1112,9522,2,7,5,7,0109,0,0,0,,0,33X,"85TH AV","INTERNATIONAL BL",0.00,,Y,A,-,N,,,,,,,,,,N,3,0,2,2,A,-,12,21453,A,N,D,C,A,A,H,-,A,A,0,,,,,Y,,A,01,0,1,1,0,0,0,0,0,0,"- ","- ",,,ALAMEDA,OAKLAND,-122.17720031738281,37.753299713134766
9491184,2022,2022-09-01,0109,2022-06-04,1148,9994,2,6,5,7,0109,0,0,0,,0,32X,"MACARTHUR BL","107 AV",20.00,W,N,A,-,N,,,,,,,,,,N,4,0,2,3,A,-,03,22350,,N,H,C,A,A,G,-,A,A,0,,,,,Y,,A,01,0,0,2,0,0,0,0,0,0,"- ","- ",,,ALAMEDA,OAKLAND,-122.15174102783203,37.742385864257812
9491394,2022,2022-09-08,0109,2022-07-09,1909,9994,1,6,5,7,0109,0,0,0,,0,13Y,"GRIZZLY PEAK BL","GOLF COURSE DR",11616.00,W,N,A,-,N,,,,,,,,,,N,4,0,1,2,A,-,08,22107,,N,B,C,A,A,H,-,A,D,0,,,Y,,Y,,A,01,0,0,1,0,0,0,0,0,1,"- ","- ",,,ALAMEDA,OAKLAND,-122.26847839355469,37.902912139892578
9491396,2022,2022-09-08,0109,2022-07-05,1540,9549,1,2,5,7,0109,0,0,0,,0,08X,"TELEGRAPH AV","34TH ST",10.00,N,N,A,-,N,,,,,,,,,,N,4,0,1,2,A,-,09,21802,A,N,G,G,A,A,H,-,A,A,0,,Y,,,Y,,A,01,0,0,1,0,0,0,1,0,0,"- ","- ",,,ALAMEDA,OAKLAND,-122.26624298095703,37.822498321533203
9491578,2022,2022-09-14,0109,2022-08-19,1928,8959,1,5,5,7,0109,0,0,0,,0,16X,"CHATHAM RD","MACARTHUR BL",0.00,,Y,A,-,N,,,,,,,,,,N,4,0,2,2,A,-,12,21453,A,N,D,C,A,A,H,-,A,A,0,,,,,Y,,A,01,0,0,2,0,0,0,0,0,0,"- ","- ",,,ALAMEDA,OAKLAND,-122.22866821289062,37.801467895507812
9491621,2022,2022-09-02,0109,2022-04-21,1912,9960,1,4,5,7,0109,0,0,0,,0,19X,"11TH AV","INTERNATIONAL BL",0.00,,Y,A,-,N,,,,,,,,,,N,3,0,4,2,A,-,09,21802,A,N,D,C,A,A,H,-,A,A,0,,,,,Y,,A,01,0,1,3,0,0,0,0,0,0,"- ","- ",,,ALAMEDA,OAKLAND,-122.24884033203125,37.791332244873047
9492271,2022,2022-09-15,0109,2022-08-17,1210,8347,1,3,5,7,0109,0,0,0,,0,02X,"5TH ST","KIRKHAM ST",105.00,E,N,A,-,N,,,,,,,,,,N,4,0,1,2,A,-,21,22106,,N,G,B,F,A,H,-,A,D,0,Y,,,Y,Y,,F,27,0,0,1,0,1,0,0,0,0,"- ","- ",,,ALAMEDA,OAKLAND,-122.29238891601562,37.803489685058594
9492835,2022,2022-09-12,0109,2022-05-26,1251,9128,2,4,5,7,0109,0,0,0,,0,30X,"BANCROFT AV","CHURCH ST",20.00,E,N,A,-,N,,,,,,,,,,N,4,0,1,2,A,-,17,21209,,N,B,C,A,A,H,-,A,D,0,,,,,Y,,A,01,0,0,1,0,0,0,0,0,0,"- ","- ",,,ALAMEDA,OAKLAND,-122.17951965332031,37.767986297607422
9494207,2022,2022-10-19,0109,2022-07-10,2315,9517,2,7,5,7,0109,0,0,0,,0,33X,"SAN LEANDRO ST","92ND AV",0.00,,Y,A,-,N,,,,,,,,,,Y,3,0,3,2,A,-,01,23152,,N,A,C,A,A,H,-,C,A,0,,,,,Y,,A,01,0,1,2,0,0,0,0,0,0,"- ","- ",,,ALAMEDA,OAKLAND,-122.18467712402344,37.743309020996094
9495188,2022,2022-10-04,0109,2022-09-10,2348,8824,1,6,5,7,0109,0,0,0,,0,03X,"14TH ST","JACKSON ST",0.00,,Y,A,-,N,,,,,,,,,,N,4,0,2,2,A,-,12,21453,A,N,D,C,A,A,H,-,C,A,0,,,,,Y,,A,01,0,0,2,0,0,0,0,0,0,"- ","- ",,,ALAMEDA,OAKLAND,-122.26523590087891,37.801971435546875
9495190,2022,2022-10-12,0109,2022-09-01,1811,9909,1,4,5,7,0109,0,0,0,,0,08X,BROADWAY,"24TH ST",0.00,,Y,A,-,N,,,,,,,,,,N,4,0,2,4,A,-,03,22350,,N,C,C,A,A,H,-,A,A,0,,,,,Y,Y,A,01,0,0,2,0,0,0,0,0,0,"- ","- ",,,ALAMEDA,OAKLAND,-122.26551818847656,37.813392639160156
9495191,2022,2022-10-04,0109,2022-09-01,1101,9224,2,4,5,7,0109,0,0,0,,0,20X,"E 12TH ST","29TH AV",10.00,W,N,A,-,N,,,,,,,,,,N,4,0,2,2,A,-,03,22350,,N,C,C,A,A,H,-,A,A,0,,,,,Y,,A,07,0,0,2,0,0,0,0,0,0,"- ","- ",,,ALAMEDA,OAKLAND,-122.23030853271484,37.778064727783203
9495316,2022,2022-10-03,0109,2022-08-09,1553,8815,1,2,5,7,0109,0,0,0,,0,24Y,"HIGH ST","PENNIMAN AV",0.00,,Y,A,-,N,,,,,,,,,,N,4,0,1,2,A,-,09,21801,A,N,D,C,A,A,H,-,A,D,0,,,,,Y,,A,01,0,0,1,0,0,0,0,0,0,"- ","- ",,,ALAMEDA,OAKLAND,-122.20072174072266,37.784305572509766
9495823,2022,2022-12-12,0109,2022-03-27,1343,9923,2,7,5,7,0109,0,0,0,,0,26X,"COLISEUM WY","JULIE ANN WY",10.00,W,N,A,-,N,,,,,,,,,,N,4,0,1,4,A,-,03,22350,,N,A,C,A,A,H,-,A,D,0,,,,,Y,,A,01,0,0,1,0,0,0,0,0,0,"- ","- ",,,ALAMEDA,OAKLAND,-122.20953369140625,37.759330749511719
9497720,2022,2022-09-22,0109,2022-08-28,0819,9522,2,7,5,7,0109,0,0,0,,0,34X,"90TH AV","PLYMOUTH ST",50.00,S,N,A,-,N,,,,,,,,,,N,4,0,1,2,A,-,08,22108,,N,D,B,C,A,H,-,A,A,0,Y,,,,Y,,A,01,0,0,1,0,1,0,0,0,0,"- ","- ",,,ALAMEDA,OAKLAND,-122.17130279541016,37.751010894775391
9497985,2022,2022-09-26,0109,2022-04-30,0152,9905,1,6,5,7,0109,0,0,0,,0,02X,"14TH ST","ALICE ST",0.00,,Y,-,-,N,,,,,,,,,,Y,3,0,1,2,A,-,12,21453,A,N,D,D,A,A,H,-,C,A,0,,,,,Y,,A,01,0,1,0,0,0,0,0,0,0,"- ","- ",,,ALAMEDA,OAKLAND,-122.26640319824219,37.802455902099609
9498086,2022,2022-09-27,0109,2022-08-02,0751,9490,1,2,5,7,0109,0,0,0,,0,19X,"INTERNATIONAL BL","14TH AV",50.00,E,N,A,-,N,,,,,,,,,,N,4,0,1,2,A,-,08,22107,,N,D,G,A,A,H,-,A,A,0,,Y,,,Y,,A,01,0,0,1,0,0,0,1,0,0,"- ","- ",,,ALAMEDA,OAKLAND,-122.24600982666016,37.789337158203125
9498091,2022,2022-09-27,0109,2022-08-19,2010,9974,2,5,5,7,0109,0,0,0,,0,33X,"85TH AV","A ST",0.00,,Y,-,-,N,,,,,,,,,,N,4,0,1,2,A,-,12,22450,A,M,D,C,A,A,-,-,C,A,0,,,,,Y,,A,01,0,0,1,0,0,0,0,0,0,"- ","- ",,,ALAMEDA,OAKLAND,-122.17897033691406,37.752487182617188
9498286,2022,2022-10-13,0109,2022-08-24,1730,9924,1,3,5,7,0109,0,0,0,,0,03X,"10TH ST","FALLON ST",0.00,,Y,A,-,N,,,,,,,,,,N,4,0,1,2,A,-,09,21801,A,M,D,G,A,A,H,-,A,D,0,,Y,,,Y,,A,01,0,0,1,0,0,0,1,0,0,"- ","- ",,,ALAMEDA,OAKLAND,-122.26341247558594,37.797847747802734
9498311,2022,2022-10-18,0109,2022-09-08,2207,9641,2,4,5,7,0109,0,0,0,,0,32Y,"98TH AV","THERMAL ST",0.00,,Y,A,-,N,,,,,,,,,,N,2,0,1,2,A,-,09,21802,A,M,B,C,A,A,H,-,C,D,0,,,Y,,Y,,A,01,1,0,0,0,0,0,0,0,1,"- ","- ",,,ALAMEDA,OAKLAND,-122.15795135498047,37.750339508056641
9498318,2022,2022-10-18,0109,2022-09-20,1035,8681,2,2,5,7,0109,0,0,0,,0,31X,"98TH AV","MADDUX DR",0.00,,Y,A,-,N,,,,,,,,,,Y,4,0,1,3,A,-,03,22350,,M,D,C,A,A,H,-,A,A,0,,,,,Y,,A,08,0,0,1,0,0,0,0,0,0,"- ","- ",,,ALAMEDA,OAKLAND,-122.18408203125,37.735000610351562
9498319,2022,2022-10-18,0109,2022-09-22,1908,9377,1,4,5,7,0109,0,0,0,,0,07X,"26TH ST","ADELINE ST",0.00,,Y,A,-,N,,,,,,,,,,N,4,0,1,2,A,-,12,22450,A,N,D,C,A,A,H,-,A,D,0,,,,,Y,,A,01,0,0,1,0,0,0,0,0,0,"- ","- ",,,ALAMEDA,OAKLAND,-122.28279113769531,37.818748474121094
9498401,2022,2022-10-18,0109,2022-09-28,0935,8681,2,3,5,7,0109,0,0,0,,0,33X,"98TH AV","D ST",10.00,N,N,A,-,N,,,,,,,,,,N,4,0,1,2,A,-,05,21460,A,N,B,C,A,A,H,-,A,A,0,,,,,Y,,A,01,0,0,1,0,0,0,0,0,0,"- ","- ",,,ALAMEDA,OAKLAND,-122.17565155029297,37.741943359375
9498411,2022,2022-10-31,0109,2022-09-06,0715,8557,1,2,5,7,0109,0,0,0,,0,04X,"17TH ST","JEFFERSON ST",0.00,,Y,A,-,N,,,,,,,,,,N,3,0,1,2,A,-,12,21453,A,N,A,C,A,A,H,-,A,A,0,,,,,Y,,A,01,0,1,0,0,0,0,0,0,0,"- ","- ",,,ALAMEDA,OAKLAND,-122.27359008789062,37.807624816894531
9498437,2022,2022-10-21,0109,2022-09-09,1406,9786,1,5,5,7,0109,0,0,0,,0,08X,BROADWAY,"PIEDMONT AV",0.00,,Y,A,-,N,,,,,,,,,,N,4,0,1,2,A,-,09,21801,A,N,A,C,A,A,H,-,A,A,0,,,,,Y,,A,01,0,0,1,0,0,0,0,0,0,"- ","- ",,,ALAMEDA,OAKLAND,-122.26080322265625,37.821094512939453
9498655,2022,2022-10-24,0109,2022-09-13,1543,9933,2,2,5,7,0109,0,0,0,,0,25Y,"MOUNTAIN BL","KELLER AV",0.00,,Y,A,-,N,,,,,,,,,,N,3,0,3,2,A,-,12,22450,A,N,D,C,A,A,H,-,A,A,0,,,,,Y,,-,"- ",0,1,2,0,0,0,0,0,0,"- ","- ",,,ALAMEDA,OAKLAND,-122.15586853027344,37.772281646728516
9498671,2022,2022-10-20,0109,2022-09-09,1444,10001,1,5,5,7,0109,0,0,0,,0,15X,"PARK BL","VAN DYKE ST",7.00,S,N,A,-,N,,,,,,,,,,N,3,0,1,1,A,-,08,22107,,N,E,I,A,A,H,-,A,D,0,,,,,Y,,A,01,0,1,0,0,0,0,0,0,0,"- ","- ",,,ALAMEDA,OAKLAND,-122.24542999267578,37.8016357421875
9498679,2022,2022-10-20,0109,2022-09-26,2139,9405,2,1,5,7,0109,0,0,0,,0,24X,"RT 580","HIGH ST",0.00,,Y,A,-,N,,,,,,,,,,Y,4,0,1,2,A,-,12,21453,A,N,D,C,A,A,H,-,C,A,0,,,,,Y,,A,01,0,0,1,0,0,0,0,0,0,EF,"- ",,,ALAMEDA,OAKLAND,-122.19602966308594,37.786716461181641
9498699,2022,2022-10-19,0109,2022-08-19,1704,9929,1,5,5,7,0109,0,0,0,,0,05X,"W GRAND AV","ADELINE ST",0.00,,Y,A,-,N,,,,,,,,,,N,4,0,1,2,A,-,09,21801,A,N,D,C,A,A,H,-,A,A,0,,,,,Y,,A,01,0,0,1,0,0,0,0,0,0,"- ","- ",,,ALAMEDA,OAKLAND,-122.28397369384766,37.815505981445312
9498700,2022,2022-10-19,0109,2022-08-31,1628,9960,1,3,5,7,0109,0,0,0,,0,06X,"MARTIN LUTHER KING JR WY","45TH ST",0.00,,Y,A,-,N,,,,,,,,,,N,4,0,1,2,D,-,00,,,N,C,C,A,A,H,-,A,A,0,,,,,Y,,-,"- ",0,0,1,0,0,0,0,0,0,"- ","- ",,,ALAMEDA,OAKLAND,-122.26744842529297,37.833568572998047
9499035,2022,2022-10-20,0109,2022-07-07,1144,9975,2,4,5,7,0109,0,0,0,,0,22X,"FRUITVALE AV","COLOMA ST",200.00,S,N,A,-,N,,,,,,,,,,N,3,0,1,2,A,-,09,21801,A,N,D,C,A,A,H,-,A,D,0,,,Y,,Y,,A,01,0,1,0,0,0,0,0,0,1,"- ","- ",,,ALAMEDA,OAKLAND,-122.2156982421875,37.801494598388672
9499208,2022,2022-10-24,0109,2022-10-04,0840,9222,1,2,5,7,0109,0,0,0,,0,10X,"54TH ST","MARTIN LUTHER KING JR WY",0.00,,Y,A,-,N,,,,,,,,,,N,4,0,2,2,A,-,09,21802,A,N,D,C,A,A,H,-,A,A,0,,,,,Y,,A,07,0,0,2,0,0,0,0,0,0,"- ","- ",,,ALAMEDA,OAKLAND,-122.26959228515625,37.838878631591797
9499578,2022,2022-11-22,0109,2022-07-24,0229,9793,1,7,5,7,0109,0,0,0,,0,05X,"FRONTAGE RD","W GRAND AV",10.00,S,N,A,-,N,,,,,,,,,,N,3,0,2,2,A,-,12,21453,A,N,D,C,A,A,H,-,C,A,0,,,,Y,Y,,A,01,0,1,1,0,0,0,0,0,0,"- ","- ",,,ALAMEDA,OAKLAND,-122.29412841796875,37.819087982177734
9500047,2022,2022-09-30,0109,2022-08-28,1719,9814,2,7,5,7,0109,0,0,0,,0,30X,"72ND AV","INTERNATIONAL BL",0.00,,Y,A,-,N,,,,,,,,,,N,4,0,2,2,A,-,17,21655,B,M,B,C,A,A,H,-,A,A,0,,,,,Y,,A,01,0,0,2,0,0,0,0,0,0,"- ","- ",,,ALAMEDA,OAKLAND,-122.18820190429688,37.759735107421875
9500665,2022,2022-10-12,0109,2022-05-01,0016,9842,2,7,5,7,0109,0,0,0,,0,32X,"INTERNATIONAL BL","103RD AV",121.00,W,N,-,-,N,,,,,,,,,,N,2,0,1,2,A,-,11,21954,A,N,G,B,D,A,H,-,C,A,0,Y,,,,Y,,N,60,1,0,0,0,1,0,0,0,0,"- ","- ",,,ALAMEDA,OAKLAND,-122.16815185546875,37.741214752197266
9500672,2022,2022-10-13,0109,2022-05-31,1220,9148,1,2,5,7,0109,0,0,0,,0,03X,"POSEY TUBE","6TH ST",50.00,S,N,A,-,N,,,,,,,,,,N,4,0,2,3,A,-,03,22350,,N,C,C,A,A,H,-,A,A,0,,,,,Y,,A,01,0,0,2,0,0,0,0,0,0,"- ","- ",,,ALAMEDA,OAKLAND,,
9502719,2022,2022-09-16,0109,2022-05-19,1801,9169,1,4,5,7,0109,0,0,0,,0,13X,"SHEPHERD CANYON RD","SNAKE RD",1584.00,N,N,A,-,N,,,,,,,,,,N,4,0,1,2,A,-,05,21460,A,N,B,C,A,A,H,-,A,A,0,,,Y,,Y,,C,02,0,0,1,0,0,0,0,0,1,"- ","- ",,,ALAMEDA,OAKLAND,-122.20635223388672,37.824420928955078
9504712,2022,2022-10-26,0109,2022-07-19,0848,9924,1,2,5,7,0109,0,0,0,,0,04X,"14TH ST","JEFFERSON ST",0.00,,Y,A,-,N,,,,,,,,,,N,4,0,1,2,A,-,09,21801,A,M,B,G,A,A,H,-,A,A,0,,Y,,,Y,,A,01,0,0,1,0,0,0,1,0,0,"- ","- ",,,ALAMEDA,OAKLAND,-122.27479553222656,37.805740356445312
9504755,2022,2022-11-01,0109,2022-06-10,2128,9516,1,5,5,7,0109,0,0,0,,0,04X,"LAKESIDE DR","14TH ST",2.00,N,N,A,-,N,,,,,,,,,,N,4,0,1,2,A,-,10,21950,A,N,G,B,B,A,H,-,C,A,0,Y,,,,Y,,A,01,0,0,1,0,1,0,0,0,0,"- ","- ",,,ALAMEDA,OAKLAND,-122.26286315917969,37.801055908203125