CASE_ID,ACCIDENT_YEAR,PROC_DATE,JURIS,COLLISION_DATE,COLLISION_TIME,OFFICER_ID,REPORTING_DISTRICT,DAY_OF_WEEK,CHP_SHIFT,POPULATION,CNTY_CITY_LOC,SPECIAL_COND,BEAT_TYPE,CHP_BEAT_TYPE,CITY_DIVISION_LAPD,CHP_BEAT_CLASS,BEAT_NUMBER,PRIMARY_RD,SECONDARY_RD,DISTANCE,DIRECTION,INTERSECTION,WEATHER_1,WEATHER_2,STATE_HWY_IND,CALTRANS_COUNTY,CALTRANS_DISTRICT,STATE_ROUTE,ROUTE_SUFFIX,POSTMILE_PREFIX,POSTMILE,LOCATION_TYPE,RAMP_INTERSECTION,SIDE_OF_HWY,TOW_AWAY,COLLISION_SEVERITY,NUMBER_KILLED,NUMBER_INJURED,PARTY_COUNT,PRIMARY_COLL_FACTOR,PCF_CODE_OF_VIOL,PCF_VIOL_CATEGORY,PCF_VIOLATION,PCF_VIOL_SUBSECTION,HIT_AND_RUN,TYPE_OF_COLLISION,MVIW,PED_ACTION,ROAD_SURFACE,ROAD_COND_1,ROAD_COND_2,LIGHTING,CONTROL_DEVICE,CHP_ROAD_TYPE,PEDESTRIAN_ACCIDENT,BICYCLE_ACCIDENT,MOTORCYCLE_ACCIDENT,TRUCK_ACCIDENT,NOT_PRIVATE_PROPERTY,ALCOHOL_INVOLVED,STWD_VEHTYPE_AT_FAULT,CHP_VEHTYPE_AT_FAULT,COUNT_SEVERE_INJ,COUNT_VISIBLE_INJ,COUNT_COMPLAINT_PAIN,COUNT_PED_KILLED,COUNT_PED_INJURED,COUNT_BICYCLIST_KILLED,COUNT_BICYCLIST_INJURED,COUNT_MC_KILLED,COUNT_MC_INJURED,PRIMARY_RAMP,SECONDARY_RAMP,LATITUDE,LONGITUDE,COUNTY,CITY,POINT_X,POINT_Y
9507239,2022,2022-10-21,0109,2022-08-18,2035,9679,2,4,5,7,0109,0,0,0,,0,30X,"INTERNATIONAL BL","82ND AV",0.00,,Y,A,-,N,,,,,,,,,,Y,4,0,1,2,A,-,03,22350,,N,D,C,A,A,H,-,C,A,0,,,,,Y,,A,01,0,0,1,0,0,0,0,0,0,"- ","- ",,,ALAMEDA,OAKLAND,-122.17953491210938,37.755558013916016
9516065,2022,2022-12-15,0109,2022-11-05,1757,9814,2,6,5,7,0109,0,0,0,,0,25X,"MACARTHUR BL","HIGH ST",50.00,E,N,C,-,N,,,,,,,,,,N,4,0,2,2,A,-,08,22107,,N,B,C,A,B,H,-,A,D,0,,,,,Y,,A,01,0,0,2,0,0,0,0,0,0,"- ","- ",,,ALAMEDA,OAKLAND,-122.1947021484375,37.787258148193359
9516106,2022,2022-12-14,0109,2022-10-28,1953,9929,1,5,5,7,0109,0,0,0,,0,02X,"FILBERT ST","7TH ST",15.00,N,N,A,-,N,,,,,,,,,,N,3,0,1,2,A,-,11,21954,A,N,G,B,E,A,H,-,C,D,0,Y,,,,Y,Y,N,60,0,1,0,0,1,0,0,0,0,"- ","- ",,,ALAMEDA,OAKLAND,-122.28501129150391,37.803138732910156
9516603,2022,2022-12-27,0109,2022-11-29,1824,8585,2,2,5,7,0109,0,0,0,,0,24X,"FOOTHILL BL","38TH AV",4.00,W,N,A,-,N,,,,,,,,,,N,3,0,1,4,A,-,10,21950,A,F,B,-,B,A,H,-,C,A,0,Y,,,,Y,,D,22,0,1,0,0,1,0,0,0,0,"- ","- ",,,ALAMEDA,OAKLAND,-122.21670532226562,37.779029846191406
9516709,2022,2023-01-12,0109,2022-11-29,1913,8077,1,2,5,7,0109,0,0,0,,0,09X,BROADWAY,"45TH ST",0.00,,Y,A,-,N,,,,,,,,,,N,4,0,1,2,A,-,12,21453,A,N,B,C,A,A,H,-,C,A,0,,,,,Y,,-,"- ",0,0,1,0,0,0,0,0,0,"- ","- ",,,ALAMEDA,OAKLAND,-122.25315093994141,37.833183288574219
9516897,2022,2022-12-27,0109,2022-04-10,0850,8483,2,7,5,7,0109,0,0,0,,0,30X,"BANCROFT AV","CHURCH ST",150.00,E,N,A,-,N,,,,,,,,,,Y,4,0,1,2,A,-,03,22350,,M,D,C,A,A,H,-,A,D,0,,,,,Y,,-,99,0,0,1,0,0,0,0,0,0,"- ","- ",,,ALAMEDA,OAKLAND,-122.17923736572266,37.767707824707031
9516900,2022,2022-12-16,0109,2022-04-08,1600,9634,1,5,5,7,0109,0,0,0,,0,03X,"12TH ST","FRANKLIN ST",0.00,,Y,A,-,N,,,,,,,,,,N,4,0,1,2,A,-,"- ",,,N,B,C,A,A,H,-,A,A,0,,,,,Y,,-,"- ",0,0,1,0,0,0,0,0,0,"- ","- ",,,ALAMEDA,OAKLAND,-122.27082061767578,37.802467346191406
9522806,2022,2023-01-17,0109,2022-11-19,0905,9951,1,6,5,7,0109,0,0,0,,0,06X,"MARTIN LUTHER KING JR WY","27TH ST",50.00,N,N,A,-,N,,,,,,,,,,N,4,0,1,2,A,-,08,22107,,N,B,C,A,A,H,-,A,A,0,,,,,Y,,A,01,0,0,1,0,0,0,0,0,0,"- ","- ",,,ALAMEDA,OAKLAND,-122.27159881591797,37.817134857177734
9522874,2022,2023-02-13,0109,2022-11-23,2216,8742,1,3,5,7,0109,0,0,0,,0,02X,"MARKET ST","6TH ST",0.00,,Y,A,-,N,,,,,,,,,,Y,4,0,1,2,A,-,12,21453,A,N,D,C,A,A,H,-,D,A,0,,,,Y,Y,,-,"- ",0,0,1,0,0,0,0,0,0,"- ","- ",,,ALAMEDA,OAKLAND,-122.28311157226562,37.802032470703125
9522965,2022,2023-01-03,0109,2022-11-13,1800,9821,1,7,5,7,0109,0,0,0,,0,07X,"34TH ST","PERALTA ST",0.00,,Y,A,-,N,,,,,,,,,,N,4,0,2,2,A,-,12,22450,A,N,D,C,A,A,H,-,B,A,0,,,,,Y,,A,01,0,0,2,0,0,0,0,0,0,"- ","- ",,,ALAMEDA,OAKLAND,-122.28226470947266,37.825939178466797
9523003,2022,2022-12-30,0109,2022-11-06,1800,10015,1,7,5,7,0109,0,0,0,,0,08X,"24TH ST","TELEGRAPH AV",0.00,,Y,A,-,N,,,,,,,,,,N,4,0,1,2,A,-,10,21950,A,N,G,B,B,A,H,-,C,D,0,Y,,,,Y,,A,01,0,0,1,0,1,0,0,0,0,"- ","- ",,,ALAMEDA,OAKLAND,-122.26859283447266,37.813438415527344
9523450,2022,2022-11-18,0109,2022-03-13,0054,9905,1,7,5,7,0109,0,0,0,,0,04X,"GRAND AV",BROADWAY,0.00,,Y,C,-,N,,,,,,,,,,Y,2,0,1,2,D,-,00,,,F,A,B,D,B,H,-,C,A,0,Y,,,,Y,,-,"- ",1,0,0,0,1,0,0,0,0,"- ","- ",,,ALAMEDA,OAKLAND,-122.26671600341797,37.811492919921875
9523544,2022,2022-12-01,0109,2022-10-06,2348,9796,1,4,5,7,0109,0,0,0,,0,19X,"E 10TH ST","8TH AV",0.00,,Y,A,-,N,,,,,,,,,,N,4,0,1,2,A,-,09,21802,A,N,D,C,A,A,H,-,B,D,0,,,,,Y,,A,01,0,0,1,0,0,0,0,0,0,"- ","- ",,,ALAMEDA,OAKLAND,-122.25414276123047,37.791538238525391
9523560,2022,2022-12-01,0109,2022-10-28,1951,8959,1,5,5,7,0109,0,0,0,,0,19X,"INTERNATIONAL BL","21ST AV",0.00,,Y,A,-,N,,,,,,,,,,Y,4,0,1,2,A,-,12,21453,A,M,D,C,A,A,H,-,C,A,0,,,,,Y,,A,01,0,0,1,0,0,0,0,0,0,"- ","- ",,,ALAMEDA,OAKLAND,-122.23890686035156,37.785186767578125
9523813,2022,2022-11-23,0109,2022-09-30,1543,9831,2,5,5,7,0109,0,0,0,,0,24X,"35TH AV","LYON AV",0.00,,Y,A,-,N,,,,,,,,,,N,3,0,1,2,A,-,09,21802,A,N,G,C,A,A,H,-,A,A,0,,Y,,,Y,,A,01,0,1,0,0,0,0,1,0,0,"- ","- ",,,ALAMEDA,OAKLAND,-122.21193695068359,37.78704833984375
9523830,2022,2022-11-22,0109,2022-09-12,0820,10042,2,1,5,7,0109,0,0,0,,0,30Y,"MACARTHUR BL","PARKER AV",6.00,E,N,B,-,N,,,,,,,,,,N,3,0,1,3,A,-,08,22107,,M,C,E,A,A,H,-,A,B,0,,,,,Y,,A,01,0,1,0,0,0,0,0,0,0,"- ","- ",,,ALAMEDA,OAKLAND,-122.16774749755859,37.765998840332031
9524127,2022,2022-12-05,0109,2022-09-15,1028,9999,2,4,5,7,0109,0,0,0,,0,34X,"BANCROFT AV","86TH AV",0.00,,Y,B,-,N,,,,,,,,,,N,3,0,1,2,A,-,03,22350,,N,D,C,A,A,H,-,A,B,0,,,,,Y,,A,01,0,1,0,0,0,0,0,0,0,"- ","- ",,,ALAMEDA,OAKLAND,-122.16825866699219,37.756855010986328
9524688,2022,2022-12-08,0109,2022-10-11,1550,9874,2,2,5,7,0109,0,0,0,,0,23X,"106TH AV","FOOTHILL BL",0.00,,Y,A,-,N,,,,,,,,,,N,4,0,1,1,A,-,08,22107,,N,A,I,A,A,H,-,A,A,0,,,,,Y,,A,01,0,0,1,0,0,0,0,0,0,"- ","- ",,,ALAMEDA,OAKLAND,-122.14952087402344,37.744651794433594
9525098,2022,2022-12-12,0109,2022-06-28,1854,9971,2,2,5,7,0109,0,0,0,,0,31Z,"SAN LEANDRO ST","51ST AV",0.00,,Y,A,-,N,,,,,,,,,,Y,3,0,1,2,A,-,05,21651,B,N,A,C,A,A,H,-,A,A,0,,,,,Y,,A,01,0,1,0,0,0,0,0,0,0,"- ","- ",,,ALAMEDA,OAKLAND,-122.21144866943359,37.765819549560547
9525099,2022,2022-12-12,0109,2022-09-24,1242,10042,2,6,5,7,0109,0,0,0,,0,23X,"SAN LEANDRO ST","38TH AV",55.00,W,N,A,-,N,,,,,,,,,,Y,4,0,1,2,A,-,08,22102,,N,D,C,A,A,H,-,A,D,0,,,,,Y,,D,22,0,0,1,0,0,0,0,0,0,"- ","- ",,,ALAMEDA,OAKLAND,-122.22166442871094,37.772785186767578
9525520,2022,2023-02-02,0109,2022-12-31,2027,9860,1,6,5,7,0109,0,0,0,,0,04X,"17TH ST","BRUSH ST",0.00,,Y,-,-,N,,,,,,,,,,N,4,0,1,2,A,-,08,22107,,N,B,G,A,B,-,-,C,A,0,,Y,,,Y,,A,01,0,0,1,0,0,0,1,0,0,"- ","- ",,,ALAMEDA,OAKLAND,-122.27710723876953,37.809169769287109
9528161,2022,2022-11-08,0109,2022-08-29,1133,9885,2,1,5,7,0109,0,0,0,,0,35Y,"LAWLOR ST","94TH AV",240.00,W,N,A,-,N,,,,,,,,,,Y,4,0,1,4,A,-,03,22350,,N,F,E,A,A,H,-,A,D,0,,,,,Y,,A,01,0,0,1,0,0,0,0,0,0,"- ","- ",,,ALAMEDA,OAKLAND,-122.15859985351562,37.754234313964844
9528464,2022,2022-11-16,0109,2022-10-24,0858,9597,2,1,5,7,0109,0,0,0,,0,26X,"INTERNATIONAL BL","71ST AV",0.00,,Y,A,-,N,,,,,,,,,,N,4,0,1,2,A,-,03,22350,,M,C,C,A,A,H,-,A,A,0,,,,,Y,,A,01,0,0,1,0,0,0,0,0,0,"- ","- ",,,ALAMEDA,OAKLAND,-122.18910980224609,37.760158538818359
9528472,2022,2022-11-16,0109,2022-10-25,0640,9381,2,2,5,7,0109,0,0,0,,0,28X,"FOOTHILL BL","55TH AV",0.00,,Y,A,-,N,,,,,,,,,,N,4,0,1,2,A,-,10,21950,A,F,G,B,B,A,H,-,C,A,0,Y,,,,Y,,A,01,0,0,1,0,1,0,0,0,0,"- ","- ",,,ALAMEDA,OAKLAND,-122.19591522216797,37.772567749023438
9528474,2022,2022-11-21,0109,2022-10-03,0853,9607,2,1,5,7,0109,0,0,0,,0,23X,"HIGH ST","E 12TH ST",0.00,,Y,A,-,N,,,,,,,,,,N,4,0,2,2,A,-,12,21453,A,N,D,-,A,A,-,-,A,A,0,,,,,Y,,-,"- ",0,0,2,0,0,0,0,0,0,"- ","- ",,,ALAMEDA,OAKLAND,-122.21617889404297,37.771389007568359
9529010,2022,2022-11-29,0109,2022-10-21,1000,10043,1,5,5,7,0109,0,0,0,,0,17X,"13TH ST","E 18TH ST",0.00,,Y,A,-,N,,,,,,,,,,N,4,0,2,2,A,-,12,22450,A,N,D,C,A,A,H,-,A,D,0,,,,,Y,,A,07,0,0,2,0,0,0,0,0,0,"- ","- ",,,ALAMEDA,OAKLAND,-122.24346923828125,37.792503356933594
9529011,2022,2022-11-29,0109,2022-10-09,0535,9927,2,7,5,7,0109,0,0,0,,0,25X,"SKYLINE BL","HANSOM DR",0.00,,Y,-,-,N,,,,,,,,,,Y,4,0,1,1,C,-,18,,,N,G,A,A,D,-,-,C,D,0,,,,,Y,,-,"- ",0,0,1,0,0,0,0,0,0,"- ","- ",,,ALAMEDA,OAKLAND,-122.14186859130859,37.781612396240234
9529013,2022,2022-11-29,0109,2022-10-18,1452,9958,1,2,5,7,0109,0,0,0,,0,12X,"TELEGRAPH AV","52ND ST",10.00,S,N,A,-,N,,,,,,,,,,N,4,0,1,4,A,-,08,22107,,N,H,C,A,A,H,-,A,A,0,,,,,Y,,A,01,0,0,1,0,0,0,0,0,0,"- ","- ",,,ALAMEDA,OAKLAND,-122.26222229003906,37.83795166015625
9529081,2022,2022-11-17,0109,2022-09-18,1929,9275,2,7,5,7,0109,0,0,0,,0,32X,"98TH AV","E ST",0.00,,Y,C,-,N,,,,,,,,,,N,4,0,1,2,A,-,03,22350,,M,A,C,A,B,H,-,C,A,0,,,,,Y,,A,01,0,0,1,0,0,0,0,0,0,"- ","- ",,,ALAMEDA,OAKLAND,-122.17694091796875,37.741329193115234
9529084,2022,2022-11-17,0109,2022-09-30,1320,9914,2,5,5,7,0109,0,0,0,,0,34X,"86TH AV","HOLLY ST",0.00,,Y,A,-,N,,,,,,,,,,Y,4,0,3,2,A,-,09,21802,A,N,D,C,A,-,H,-,A,A,0,,,,,Y,,A,01,0,0,3,0,0,0,0,0,0,"- ","- ",,,ALAMEDA,OAKLAND,-122.1751708984375,37.753612518310547
9529404,2022,2022-12-21,0109,2022-05-28,2121,9582,2,6,5,7,0109,0,0,0,,0,26X,"HAWLEY ST","71ST AV",0.00,,Y,A,-,N,,,,,,,,,,N,4,0,1,4,A,-,09,21802,A,N,D,C,F,A,H,-,C,A,0,Y,,,,Y,,A,01,0,0,1,0,1,0,0,0,0,"- ","- ",,,ALAMEDA,OAKLAND,-122.19538879394531,37.755657196044922
9529418,2022,2022-11-21,0109,2022-05-11,0919,9294,1,3,5,7,0109,0,0,0,,0,04X,"18TH ST","MARTIN LUTHER KING JR WY",0.00,,Y,A,-,N,,,,,,,,,,N,3,0,1,2,A,-,10,21950,A,N,G,B,B,A,H,-,A,A,0,Y,,,,Y,,A,01,0,1,0,0,1,0,0,0,0,"- ","- ",,,ALAMEDA,OAKLAND,-122.27442932128906,37.808639526367188
9530932,2022,2022-12-07,0109,2022-09-12,2236,9904,2,1,5,7,0109,0,0,0,,0,33X,"INTERNATIONAL BL","98TH AV",50.00,E,N,A,-,N,,,,,,,,,,Y,3,0,1,2,A,-,03,22350,,F,C,C,A,A,-,-,C,A,0,,,,,Y,,-,99,0,1,0,0,0,0,0,0,0,"- ","- ",,,ALAMEDA,OAKLAND,-122.17049407958984,37.744213104248047
9536747,2022,2022-12-27,0109,2022-02-21,0655,9974,1,1,5,7,0109,0,0,0,,0,07X,"34TH ST","SAN PABLO BL",0.00,,Y,B,-,N,,,,,,,,,,N,4,0,2,2,A,-,09,21802,A,N,D,C,A,A,H,-,A,A,0,,,,,Y,,A,01,0,0,2,0,0,0,0,0,0,"- ","- ",,,ALAMEDA,OAKLAND,-122.27803802490234,37.825145721435547
9536759,2022,2022-12-12,0109,2022-03-26,1833,9741,2,6,5,7,0109,0,0,0,,0,30X,"73RD AV","INTERNATIONAL BL",75.00,N,N,A,-,N,,,,,,,,,,Y,4,0,4,2,A,-,03,22350,,M,B,I,A,A,H,-,A,A,0,,,,,Y,,A,01,0,0,4,0,0,0,0,0,0,"- ","- ",,,ALAMEDA,OAKLAND,-122.18692016601562,37.759372711181641
9537870,2022,2022-12-22,0109,2022-09-27,1240,10043,1,2,5,7,0109,0,0,0,,0,,"27TH ST",BROADWAY,0.00,,Y,A,-,N,,,,,,,,,,N,4,0,1,2,A,-,08,22100,A,N,D,C,A,A,H,-,A,A,0,,,Y,,Y,,A,01,0,0,1,0,0,0,0,0,1,"- ","- ",,,ALAMEDA,OAKLAND,-122.26413726806641,37.815624237060547
9538360,2022,2023-02-02,0109,2022-12-09,0934,9949,1,5,5,7,0109,0,0,0,,0,13X,"BROADWAY TER","HARBORD DR",300.00,N,N,B,-,N,,,,,,,,,,Y,4,0,2,2,A,-,05,21650,,N,A,C,A,A,H,-,A,D,0,,,,,Y,,A,07,0,0,2,0,0,0,0,0,0,"- ","- ",,,ALAMEDA,OAKLAND,-122.23583221435547,37.841747283935547
9538744,2022,2023-01-17,0109,2022-11-27,1758,9985,1,7,5,7,0109,0,0,0,,0,05X,"16TH ST","WEST ST",10.00,S,N,A,-,N,,,,,,,,,,N,4,0,2,2,A,-,09,21802,A,N,D,C,A,A,H,-,C,D,0,,,,,Y,,-,,0,0,2,0,0,0,0,0,0,"- ","- ",,,ALAMEDA,OAKLAND,-122.27861022949219,37.808937072753906
9539307,2022,2023-02-04,0109,2022-12-24,1155,9510,2,6,5,7,0109,0,0,0,,0,27X,"INTERNATIONAL BL","44TH AV",10.00,E,N,A,-,N,,,,,,,,,,N,4,0,1,3,A,-,03,22350,,N,C,C,A,A,H,-,A,D,0,,,,,Y,,A,01,0,0,1,0,0,0,0,0,0,"- ","- ",,,ALAMEDA,OAKLAND,-122.21394348144531,37.771896362304688
9539312,2022,2023-02-04,0109,2022-12-12,1738,9845,1,1,5,7,0109,0,0,0,,0,02Y,"JACKSON ST","12TH ST",0.00,,Y,A,-,N,,,,,,,,,,N,4,0,1,2,A,-,10,21950,A,N,B,B,-,A,H,-,B,A,0,Y,,,,Y,,A,01,0,0,1,0,1,0,0,0,0,"- ","- ",,,ALAMEDA,OAKLAND,-122.26609039306641,37.800601959228516
9539581,2022,2023-01-20,0109,2022-06-05,0305,9942,1,7,5,7,0109,0,0,0,,0,08X,"W GRAND AV","MARITIME AV",0.00,,Y,C,-,N,,,,,,,,,,N,2,0,1,2,A,-,08,22107,,F,E,I,C,B,H,-,C,A,0,Y,,,,Y,,A,01,1,0,0,0,1,0,0,0,0,"- ","- ",,,ALAMEDA,OAKLAND,-122.30042266845703,37.822643280029297
9540177,2022,2023-02-06,0109,2022-12-25,0106,9988,1,7,5,7,0109,0,0,0,,0,18X,"22ND AV","E 19TH ST",120.00,S,N,A,-,N,,,,,,,,,,N,4,0,1,2,A,-,07,21658,A,N,B,C,A,A,H,-,C,D,0,,,,,Y,,A,01,0,0,1,0,0,0,0,0,0,"- ","- ",,,ALAMEDA,OAKLAND,-122.23497009277344,37.787635803222656
9541383,2022,2023-01-11,0109,2022-11-26,0314,9860,1,6,5,7,0109,0,0,0,,0,03X,"14TH ST","HARRISON ST",0.00,,Y,A,-,N,,,,,,,,,,N,4,0,1,2,A,-,12,21453,A,N,B,C,A,A,H,-,C,A,0,,,,,Y,,A,01,0,0,1,0,0,0,0,0,0,"- ","- ",,,ALAMEDA,OAKLAND,-122.26760101318359,37.802906036376953
9541501,2022,2023-02-06,0109,2022-12-09,1920,8077,1,5,5,7,0109,0,0,0,,0,18X,"E 19TH ST","16TH AV",0.00,,Y,A,-,N,,,,,,,,,,N,4,0,1,2,A,-,09,21800,A,N,D,C,A,A,H,-,C,A,0,,,,,Y,,A,01,0,0,1,0,0,0,0,0,0,"- ","- ",,,ALAMEDA,OAKLAND,-122.24100494384766,37.791702270507812
9541512,2022,2023-02-06,0109,2022-12-01,1819,9269,1,4,5,7,0109,0,0,0,,0,08X,"WEBSTER ST","29TH ST",0.00,,Y,A,-,N,,,,,,,,,,N,3,0,1,2,A,-,12,21453,A,N,A,C,A,A,H,-,C,A,0,,,,,Y,,A,07,0,1,0,0,0,0,0,0,0,"- ","- ",,,ALAMEDA,OAKLAND,-122.26375579833984,37.817550659179688
9541529,2022,2023-01-14,0109,2022-10-04,2041,9909,2,2,5,7,0109,0,0,0,,0,09X,"WEST MACARTHUR BL","PIEDMONT AV",0.00,,Y,A,-,N,,,,,,,,,,N,3,0,1,2,A,-,12,21453,A,N,D,C,A,A,-,-,C,A,0,,,,,Y,,A,01,0,1,0,0,0,0,0,0,0,"- ","- ",,,ALAMEDA,OAKLAND,-122.25663757324219,37.823200225830078
9553865,2022,2023-03-14,0109,2022-10-20,1640,8347,1,4,5,7,0109,0,0,0,,0,11X,"SHATTUCK AV","54TH ST",0.00,,Y,A,-,N,,,,,,,,,,N,3,0,1,2,A,-,09,21801,A,N,D,G,A,A,H,-,A,D,0,,Y,,,Y,,L,04,0,1,0,0,0,0,1,0,0,"- ","- ",,,ALAMEDA,OAKLAND,-122.264404296875,37.839500427246094
9560149,2022,2023-03-21,0109,2022-10-19,0810,9148,1,3,5,7,0109,0,0,0,,0,07X,"10TH ST","FALLON ST",0.00,,Y,A,-,N,,,,,,,,,,N,3,0,1,2,A,-,03,22350,,M,H,G,A,A,H,-,A,D,0,,Y,,,Y,,A,08,0,1,0,0,0,0,1,0,0,"- ","- ",,,ALAMEDA,OAKLAND,-122.26341247558594,37.797847747802734
9560152,2022,2023-03-21,0109,2022-10-25,2200,9682,2,2,5,7,0109,0,0,0,,0,29X,"68TH AV","FOOTHILL RD",0.00,,Y,-,-,N,,,,,,,,,,N,4,0,1,2,A,-,09,21801,A,N,A,C,A,A,H,-,C,A,0,,,,,Y,,A,01,0,0,1,0,0,0,0,0,0,"- ","- ",,,ALAMEDA,OAKLAND,-122.17848205566406,37.769966125488281
9561496,2022,2023-03-27,0109,2022-08-07,1850,9482,2,7,5,7,0109,0,0,0,,0,21Y,"COOLIDGE AV","SCHOOL ST",0.00,,Y,A,-,N,,,,,,,,,,N,4,0,1,3,A,-,12,21453,A,M,B,C,A,A,H,-,A,A,0,,,,,Y,,A,01,0,0,1,0,0,0,0,0,0,"- ","- ",,,ALAMEDA,OAKLAND,-122.2125244140625,37.794727325439453
9562619,2022,2023-04-06,0109,2022-08-29,1422,9610,1,1,5,7,0109,0,0,0,,0,03X,"5TH ST","WASHINGTON ST",0.00,,Y,A,-,N,,,,,,,,,,Y,4,0,3,3,A,-,12,21453,A,N,D,C,A,A,H,-,A,A,0,,,,,Y,,A,01,0,0,3,0,0,0,0,0,0,"- ","- ",,,ALAMEDA,OAKLAND,-122.27626037597656,37.798614501953125
9562636,2022,2023-04-11,0109,2022-12-13,2000,10028,2,2,5,7,0109,0,0,0,,0,27X,"HAVENSOURT BL","INTERNATIONAL BL",0.00,,Y,A,-,N,,,,,,,,,,N,4,0,1,2,A,-,10,21950,A,N,G,B,B,A,H,-,C,A,0,Y,,,,Y,Y,A,01,0,0,1,0,1,0,0,0,0,"- ","- ",,,ALAMEDA,OAKLAND,-122.19289398193359,37.761966705322266
9566124,2022,2023-04-24,0109,2022-11-30,1857,9953,2,3,5,7,0109,0,0,0,,0,32X,"MACARTHUR BL","106TH AV",0.00,,Y,A,-,N,,,,,,,,,,N,3,0,2,3,A,-,09,21800,A,N,D,C,A,A,-,-,E,B,0,,,,,Y,,-,"- ",0,1,1,0,0,0,0,0,0,"- ","- ",,,ALAMEDA,OAKLAND,-122.15248870849609,37.742965698242188
9566641,2022,2023-05-17,0109,2022-07-27,1422,9940,1,3,5,7,0109,0,0,0,,0,02X,"14TH ST","ADELINE ST",0.00,,Y,A,-,N,,,,,,,,,,N,3,0,1,2,A,-,10,21950,A,N,G,B,B,A,-,-,A,A,0,Y,,,,Y,,A,07,0,1,0,0,1,0,0,0,0,"- ","- ",,,ALAMEDA,OAKLAND,-122.28615570068359,37.809505462646484
9566643,2022,2023-05-17,0109,2022-10-10,2232,10016,2,1,5,7,0109,0,0,0,,0,30Y,"HEGENBERGER RD","COLLINS ST",0.00,,Y,A,-,N,,,,,,,,,,N,4,0,1,2,A,-,09,21804,A,F,B,C,A,A,H,-,C,D,0,,,,,Y,,A,01,0,0,1,0,0,0,0,0,0,"- ","- ",,,ALAMEDA,OAKLAND,-122.19618225097656,37.745513916015625
9566651,2022,2023-05-17,0109,2022-07-25,2331,9842,2,1,5,7,0109,0,0,0,,0,35X,"DOWLING ST","84TH AV",0.00,,Y,A,-,N,,,,,,,,,,Y,4,0,1,3,A,-,12,22450,A,M,B,C,A,A,H,-,C,A,0,,,,,Y,,A,01,0,0,1,0,0,0,0,0,0,"- ","- ",,,ALAMEDA,OAKLAND,-122.16752624511719,37.759258270263672
9570868,2022,2023-04-10,0109,2022-06-25,0655,9974,1,6,5,7,0109,0,0,0,,0,18X,"14TH AV","E 17TH ST",0.00,,Y,A,-,N,,,,,,,,,,N,4,0,1,2,A,-,09,21802,A,N,D,C,A,A,H,-,A,A,0,,,,,Y,,A,01,0,0,1,0,0,0,0,0,0,"- ","- ",,,ALAMEDA,OAKLAND,-122.24371337890625,37.791271209716797
9581942,2022,2023-05-24,0109,2022-11-13,1329,9510,2,7,5,7,0109,0,0,0,,0,24Y,"35TH AV","MANGELS AV",25.00,S,N,A,-,N,,,,,,,,,,Y,3,0,1,3,A,-,01,23152,A,N,B,E,A,A,H,-,A,D,0,,,,,Y,Y,D,22,0,1,0,0,0,0,0,0,0,"- ","- ",,,ALAMEDA,OAKLAND,-122.20510101318359,37.791069030761719
9586263,2022,2023-05-17,0109,2022-03-30,1358,9943,1,3,5,7,0109,0,0,0,,0,17Y,"7TH AV","E 22ND AV",0.00,,Y,A,-,N,,,,,,,,,,N,4,0,1,2,A,-,09,21802,A,N,D,C,A,A,H,-,A,D,0,,,,,Y,,A,07,0,0,1,0,0,0,0,0,0,"- ","- ",,,ALAMEDA,OAKLAND,-122.24475860595703,37.799549102783203
9586265,2022,2023-05-17,0109,2022-12-02,0207,10001,1,5,5,7,0109,0,0,0,,0,04X,"17TH ST","HARRISON ST",0.00,,Y,A,-,N,,,,,,,,,,N,4,0,1,3,A,-,12,21453,A,M,B,-,A,A,H,-,C,A,0,,,,,Y,,A,01,0,0,1,0,0,0,0,0,0,"- ","- ",,,ALAMEDA,OAKLAND,-122.26613616943359,37.805229187011719
9586269,2022,2023-05-17,0109,2022-08-20,1324,9588,1,6,5,7,0109,0,0,0,,0,10X,"54TH ST","GENOA ST",0.00,,Y,A,-,N,,,,,,,,,,N,4,0,1,2,A,-,09,21802,A,N,B,G,A,A,H,-,A,D,0,,Y,,,Y,,A,01,0,0,1,0,0,0,1,0,0,"- ","- ",,,ALAMEDA,OAKLAND,-122.27149963378906,37.838638305664062
9586350,2022,2023-05-25,0109,2022-12-30,0100,9954,1,5,5,7,0109,0,0,0,,0,13X,"MORAGA AV","HARBORD DR",300.00,S,N,C,-,N,,,,,,,,,,Y,3,0,1,1,A,-,08,22107,,N,E,J,A,B,H,-,C,D,0,,,,,Y,,A,01,0,1,0,0,0,0,0,0,0,"- ","- ",,,ALAMEDA,OAKLAND,-122.22201538085938,37.832275390625
9586486,2022,2023-06-06,0109,2022-11-13,1825,9962,2,7,5,7,0109,0,0,0,,0,23X,"42ND AV","INTERNATIONAL BL",0.00,,Y,A,-,N,,,,,,,,,,N,2,0,1,2,A,-,03,22350,,N,A,C,A,A,H,-,C,A,0,,,,,Y,Y,A,01,1,0,0,0,0,0,0,0,0,"- ","- ",,,ALAMEDA,OAKLAND,-122.21626281738281,37.77301025390625