CASE_ID,ACCIDENT_YEAR,PROC_DATE,JURIS,COLLISION_DATE,COLLISION_TIME,OFFICER_ID,REPORTING_DISTRICT,DAY_OF_WEEK,CHP_SHIFT,POPULATION,CNTY_CITY_LOC,SPECIAL_COND,BEAT_TYPE,CHP_BEAT_TYPE,CITY_DIVISION_LAPD,CHP_BEAT_CLASS,BEAT_NUMBER,PRIMARY_RD,SECONDARY_RD,DISTANCE,DIRECTION,INTERSECTION,WEATHER_1,WEATHER_2,STATE_HWY_IND,CALTRANS_COUNTY,CALTRANS_DISTRICT,STATE_ROUTE,ROUTE_SUFFIX,POSTMILE_PREFIX,POSTMILE,LOCATION_TYPE,RAMP_INTERSECTION,SIDE_OF_HWY,TOW_AWAY,COLLISION_SEVERITY,NUMBER_KILLED,NUMBER_INJURED,PARTY_COUNT,PRIMARY_COLL_FACTOR,PCF_CODE_OF_VIOL,PCF_VIOL_CATEGORY,PCF_VIOLATION,PCF_VIOL_SUBSECTION,HIT_AND_RUN,TYPE_OF_COLLISION,MVIW,PED_ACTION,ROAD_SURFACE,ROAD_COND_1,ROAD_COND_2,LIGHTING,CONTROL_DEVICE,CHP_ROAD_TYPE,PEDESTRIAN_ACCIDENT,BICYCLE_ACCIDENT,MOTORCYCLE_ACCIDENT,TRUCK_ACCIDENT,NOT_PRIVATE_PROPERTY,ALCOHOL_INVOLVED,STWD_VEHTYPE_AT_FAULT,CHP_VEHTYPE_AT_FAULT,COUNT_SEVERE_INJ,COUNT_VISIBLE_INJ,COUNT_COMPLAINT_PAIN,COUNT_PED_KILLED,COUNT_PED_INJURED,COUNT_BICYCLIST_KILLED,COUNT_BICYCLIST_INJURED,COUNT_MC_KILLED,COUNT_MC_INJURED,PRIMARY_RAMP,SECONDARY_RAMP,LATITUDE,LONGITUDE,COUNTY,CITY,POINT_X,POINT_Y
91770547,2022,2022-05-12,9335,2022-05-03,0825,022823,,2,1,7,0109,0,1,1,,1,082,"I-80 WB","YERBA BUENA ISLAND TUNNEL",2640.00,E,N,A,-,Y,,,,,,,,,,Y,4,0,2,2,A,-,03,22350,,N,C,C,A,A,H,-,A,D,0,,,,,Y,,A,01,0,0,2,0,0,0,0,0,0,"- ","- ",37.815330505371094,-122.35874176025391,ALAMEDA,OAKLAND,,
91771370,2022,2022-05-13,9370,2022-05-03,0710,022798,,2,1,7,0109,0,1,1,,2,176,"I-880 N/B","HEGENBERGER ROAD",1950.00,N,N,A,-,Y,,,880,,,,,,N,Y,4,0,1,2,A,-,03,22350,,N,C,C,A,A,H,-,A,D,0,,,,,Y,,A,01,0,0,1,0,0,0,0,0,0,"- ","- ",37.745338439941406,-122.20050048828125,ALAMEDA,OAKLAND,-122.200439453125,37.745395660400391
91772462,2022,2022-05-16,9370,2022-04-22,0732,022821,,5,1,7,0109,0,1,3,,2,025,"SR-24 E/B","34TH ST",700.00,E,N,C,-,Y,,,24,,,,,,E,Y,4,0,1,1,A,-,03,22350,,N,E,I,A,B,H,-,A,D,0,,,,,Y,,J,48,0,0,1,0,0,0,0,0,0,"- ","- ",37.824951171875,-122.26785278320312,ALAMEDA,OAKLAND,-122.267822265625,37.824939727783203
91772545,2022,2022-05-16,9370,2022-04-22,1039,022821,,5,1,7,0109,0,1,1,,2,176,"I-880 N/B","HIGH ST",2350.00,S,N,A,-,Y,,,880,,,,,,N,N,4,0,1,1,A,-,08,22107,,N,F,A,A,A,H,-,A,D,0,,,,,Y,,D,22,0,0,1,0,0,0,0,0,0,"- ","- ",37.762790679931641,-122.21573638916016,ALAMEDA,OAKLAND,-122.21568298339844,37.762840270996094
91774504,2022,2022-05-18,9370,2022-05-06,1525,022863,,5,2,7,0109,0,1,1,,2,055,"I-580 E/B","WEST STREET",680.00,W,N,A,-,Y,,,580,,,,,,E,Y,3,0,2,2,A,-,03,22350,,N,C,C,A,A,H,-,A,D,0,,,,,Y,,A,01,0,2,0,0,0,0,0,0,0,"- ","- ",37.825790405273438,-122.27471923828125,ALAMEDA,OAKLAND,-122.27473449707031,37.825721740722656
91774738,2022,2022-05-18,9370,2022-05-09,0750,022798,,1,1,7,0109,0,1,1,,2,053,"I-580 W/B","35TH AVE",500.00,E,N,A,-,Y,,,580,,,,,,W,Y,4,0,1,2,A,-,03,22350,,N,C,C,A,A,H,-,A,D,0,,,,,Y,,A,07,0,0,1,0,0,0,0,0,0,"- ","- ",37.791038513183594,-122.20216369628906,ALAMEDA,OAKLAND,-122.20214080810547,37.791057586669922
91774966,2022,2022-05-18,9370,2022-04-23,1140,022648,,6,1,7,0109,0,1,3,,2,025,"SR-24 W/B","42ND STREET",140.00,W,N,A,-,Y,,,24,,,,,,W,N,3,0,1,3,A,-,03,22350,,N,C,C,A,A,H,-,A,D,0,,,,,Y,,A,07,0,1,0,0,0,0,0,0,0,"- ","- ",37.833278656005859,-122.2666015625,ALAMEDA,OAKLAND,-122.26654052734375,37.833267211914062
91775205,2022,2022-05-18,9370,2022-04-30,1430,022529,,6,2,7,0109,0,1,3,,2,175,"SR-77 W/B","COLISEUM WAY",50.00,E,N,A,-,Y,,,,,,,,,,N,4,0,1,2,A,-,03,22350,,N,C,C,A,A,H,-,A,D,0,,,,,Y,,D,22,0,0,1,0,0,0,0,0,0,"- ","- ",37.76995849609375,-122.22068023681641,ALAMEDA,OAKLAND,-122.22059631347656,37.769779205322266
91775757,2022,2022-05-19,9370,2022-05-08,1130,022831,,7,1,7,0109,0,1,1,,2,176,"I-880 N/B","29TH AVE",636.00,N,N,A,-,Y,,,880,,,,,,N,Y,4,0,1,1,A,-,08,22107,,M,E,I,A,A,H,-,A,D,0,,,,,Y,,A,01,0,0,1,0,0,0,0,0,0,"- ","- ",37.776218414306641,-122.23520660400391,ALAMEDA,OAKLAND,-122.23528289794922,37.776119232177734
91775840,2022,2022-05-19,9335,2022-05-10,0605,018053,,2,1,7,0109,0,1,1,,1,082,"I-80 W/B","SAN FRANCISCO COUNTY LINE",3750.00,E,N,A,-,Y,,,80,,,,,,W,Y,4,0,1,4,A,-,03,22350,,N,C,C,A,A,H,-,A,D,0,,,,,Y,,A,01,0,0,1,0,0,0,0,0,0,"- ","- ",37.820960998535156,-122.33740234375,ALAMEDA,OAKLAND,-122.33740997314453,37.821029663085938
91776000,2022,2022-05-19,9370,2022-04-25,0445,022841,,1,3,7,0109,0,1,1,,2,178,"I-880 S/B","MARITIME ST",400.00,N,N,A,-,Y,,,,,,,,,,N,2,0,1,1,A,-,01,23152,F,N,E,I,A,A,H,-,D,D,0,,,,,Y,,A,01,1,0,0,0,0,0,0,0,0,"- ","- ",37.823249816894531,-122.30181884765625,ALAMEDA,OAKLAND,,
91777964,2022,2022-05-23,9370,2022-04-27,1045,021573,,3,1,7,0109,0,1,1,,2,177,"I-880 S/B","OAK ST",150.00,S,N,A,-,Y,,,880,,,,,,S,Y,4,0,1,2,B,-,22,,,N,B,C,A,A,H,-,A,D,0,,,,Y,Y,,G,25,0,0,1,0,0,0,0,0,0,"- ","- ",37.794830322265625,-122.26609802246094,ALAMEDA,OAKLAND,-122.26607513427734,37.794883728027344
91778030,2022,2022-05-23,9370,2022-05-14,1335,019059,,6,1,7,0109,0,1,3,,2,025,"SR-24 W/B TO I-580 W/B","MARKET STREET",335.00,E,N,A,-,Y,,,,,,,,,,Y,4,0,1,2,A,-,03,22350,,N,C,C,A,A,H,-,A,D,0,,,Y,,Y,,C,02,0,0,1,0,0,0,0,0,1,"- ","- ",37.825920104980469,-122.27433013916016,ALAMEDA,OAKLAND,-122.27809906005859,37.815929412841797
91778054,2022,2022-05-23,9370,2022-04-28,1615,022831,,4,2,7,0109,0,1,1,,2,054,"I-580 W/B","GRAND AVE",155.00,E,N,A,-,Y,,,580,,,,,,W,N,3,0,1,2,A,-,03,22350,,N,C,C,A,A,H,-,A,D,0,,,,,Y,,A,08,0,1,0,0,0,0,0,0,0,"- ","- ",37.810310363769531,-122.24788665771484,ALAMEDA,OAKLAND,-122.24791717529297,37.810234069824219
91780489,2022,2022-05-25,9370,2022-04-26,0220,022858,,2,3,7,0109,0,1,1,,2,052,"I-580 E/B","EDWARDS AVE",2130.00,W,N,A,-,Y,,,580,,,,,,E,Y,3,0,1,2,A,-,03,22350,,N,C,C,A,A,H,-,D,D,0,,,,,Y,,A,01,0,1,0,0,0,0,0,0,0,"- ","- ",37.778568267822266,-122.16921997070312,ALAMEDA,OAKLAND,-122.16920471191406,37.778602600097656
91783053,2022,2022-05-27,9370,2022-05-01,1310,022850,,7,1,7,0109,0,1,1,,2,176,"I-880 S/B","FRUITVALE AVE.",500.00,S,N,A,-,Y,,,880,,,,,,S,Y,4,0,4,2,A,-,03,22350,,N,C,C,A,A,H,-,A,D,0,,,,,Y,,A,08,0,0,4,0,0,0,0,0,0,"- ","- ",37.772609710693359,-122.22628784179688,ALAMEDA,OAKLAND,-122.22631072998047,37.772541046142578
91784240,2022,2022-05-30,9370,2022-05-18,1920,022826,,3,2,7,0109,0,1,1,,2,053,"I-580 E/B","PARK BLVD",250.00,E,N,A,-,Y,,,580,,,,,,E,N,4,0,1,4,A,-,01,23152,A,N,C,C,A,A,H,-,A,D,0,,,,,Y,Y,A,07,0,0,1,0,0,0,0,0,0,"- ","- ",37.803668975830078,-122.23272705078125,ALAMEDA,OAKLAND,-122.23276519775391,37.803623199462891
91790030,2022,2022-06-07,9370,2022-06-02,1425,021093,,4,2,7,0109,0,1,1,,2,098,"I-980 W/B","7TH STREET",340.00,E,N,A,-,Y,,,980,,,,,,W,Y,4,0,4,3,A,-,03,22350,,N,C,C,A,A,H,-,A,D,0,,,,,Y,,A,01,0,0,4,0,0,0,0,0,0,"- ","- ",37.803150177001953,-122.28019714355469,ALAMEDA,OAKLAND,-122.28028106689453,37.803176879882812
91790761,2022,2022-06-08,9370,2022-05-30,1127,022848,,1,1,7,0109,0,1,1,,2,178,"I-880 N/B","7TH STREET",2475.00,N,N,A,-,Y,,,880,,,,,,N,Y,4,0,2,2,A,-,08,22107,,N,B,C,A,A,H,-,A,D,0,,,,,Y,,A,01,0,0,2,0,0,0,0,0,0,"- ","- ",37.814079284667969,-122.30101776123047,ALAMEDA,OAKLAND,-122.30097198486328,37.814010620117188
91792703,2022,2022-06-10,9370,2022-05-13,1730,021093,,5,2,7,0109,0,1,3,,2,024,"SR-24 W/B","KAY AVENUE",540.00,W,N,A,-,Y,,,24,,,,,,W,Y,2,0,1,1,A,-,08,22107,,N,F,I,A,A,H,-,A,D,0,,,Y,,Y,,C,02,1,0,0,0,0,0,0,0,1,"- ","- ",37.849380493164062,-122.22428131103516,ALAMEDA,OAKLAND,-122.22432708740234,37.849441528320312
91795188,2022,2022-06-15,9335,2022-06-10,0720,019631,,5,1,7,0109,0,1,1,,2,084,"I-80 E/B","BAY BRIDGE SERVICE ROAD",1300.00,E,N,A,-,Y,,,80,,,,,,E,N,3,0,1,2,A,-,07,21658,A,N,C,C,A,A,H,-,A,D,0,,,,,Y,,A,01,0,1,0,0,0,0,0,0,0,"- ","- ",37.82196044921875,-122.32518005371094,ALAMEDA,OAKLAND,-122.32520294189453,37.822170257568359
91795884,2022,2022-06-15,9335,2022-06-10,1010,022032,,5,1,7,0109,0,1,1,,1,082,"I-80 W/B","SFOBB METERING LIGHTS WEST EDGE",780.00,W,N,A,-,Y,,,80,,,,,,W,Y,4,0,1,2,A,-,07,21658,A,N,B,C,A,A,H,-,A,D,0,,,,,Y,,A,01,0,0,1,0,0,0,0,0,0,"- ","- ",37.823230743408203,-122.31986999511719,ALAMEDA,OAKLAND,-122.31992340087891,37.823379516601562
91796726,2022,2022-06-16,9370,2022-06-05,1030,022830,,7,1,7,0109,0,1,1,,2,177,"I-880 NB TO MARKET STREET","MARKET STREET",350.00,S,N,C,-,Y,,,880,,,,R,,N,Y,3,0,1,1,A,-,03,22350,,N,E,I,A,B,F,-,A,D,0,,,,,Y,,A,07,0,1,0,0,0,0,0,0,0,"- ","- ",37.801429748535156,-122.28170013427734,ALAMEDA,OAKLAND,-122.28170013427734,37.801429748535156
91797533,2022,2022-06-17,9345,2022-06-01,1250,020911,,3,1,7,0109,0,1,S,,2,904,"I-880 S/B","MADISON STREET",326.00,N,N,A,-,Y,,,880,,,,,,S,N,3,0,1,1,A,-,07,21658,A,N,F,A,A,A,H,-,A,D,0,,,Y,,Y,,C,02,0,1,0,0,0,0,0,0,1,"- ","- ",37.795829772949219,-122.26822662353516,ALAMEDA,OAKLAND,-122.26824188232422,37.795803070068359
91798323,2022,2022-06-20,9370,2022-04-27,1442,022838,,3,2,7,0109,0,1,1,,2,052,"I-580 E/B","106TH AVENUE",550.00,W,N,A,-,Y,,,580,,,,,,E,N,3,0,1,3,A,-,03,22350,,F,C,C,A,A,H,-,A,D,0,,,,,Y,,-,99,0,1,0,0,0,0,0,0,0,"- ","- ",37.746471405029297,-122.14981842041016,ALAMEDA,OAKLAND,-122.14980316162109,37.746475219726562
91801984,2022,2022-06-23,9370,2022-06-11,1250,022077,,6,1,7,0109,0,1,1,,2,052,"I-580 E/B","HIGH STREET",1520.00,E,N,A,-,Y,,,580,,,,,,E,N,3,0,1,2,A,-,07,21658,A,N,B,C,A,A,H,-,A,D,0,,,,,Y,,A,01,0,1,0,0,0,0,0,0,0,"- ","- ",37.789188385009766,-122.20046234130859,ALAMEDA,OAKLAND,-122.20053100585938,37.789104461669922
91802046,2022,2022-06-23,9370,2022-06-12,0330,022856,,7,3,7,0109,0,1,1,,2,008,"I-80 E/B","POWELL ST",3200.00,W,N,A,-,Y,,,80,,,,,,E,N,3,0,1,1,A,-,08,22107,,N,E,I,A,A,H,-,C,D,0,,,,,Y,,A,01,0,1,0,0,0,0,0,0,0,"- ","- ",37.829360961914062,-122.29373168945312,ALAMEDA,OAKLAND,-122.29366302490234,37.829338073730469
91802843,2022,2022-06-24,9370,2022-06-14,1555,022358,,2,2,7,0109,0,1,1,,2,179,"I-880 N/B TO I-80 E/B","POWELL STREET",1500.00,S,N,A,-,Y,,,,,,,,,,Y,4,0,1,4,A,-,07,21658,A,N,B,C,A,A,H,-,A,D,0,,,,,Y,,A,01,0,0,1,0,0,0,0,0,0,"- ","- ",37.834129333496094,-122.29464721679688,ALAMEDA,OAKLAND,,
91804398,2022,2022-06-27,9370,2022-05-28,0314,022862,,6,3,7,0109,0,1,3,,2,024,"SR-24 E/B","CALDECOTT TUNNEL",2000.00,W,N,A,-,Y,,,24,,,,,,E,Y,2,0,2,1,A,-,08,22107,,N,E,8,A,A,H,-,D,D,0,,,,,Y,Y,A,01,1,1,0,0,0,0,0,0,0,"- ","- ",37.850078582763672,-122.22331237792969,ALAMEDA,OAKLAND,-122.22331237792969,37.850078582763672
91805779,2022,2022-06-29,9370,2022-06-18,0825,020986,,6,1,7,0109,0,1,1,,2,176,"I-880 N/B","66TH AVE",1645.00,N,N,A,-,Y,,,880,,,,,,N,Y,3,0,1,2,A,-,07,21658,A,N,C,C,A,A,H,-,A,D,0,,,Y,,Y,,C,02,0,1,0,0,0,0,0,0,1,"- ","- ",37.757789611816406,-122.21118927001953,ALAMEDA,OAKLAND,-122.21122741699219,37.757755279541016
91809717,2022,2022-07-04,9370,2022-06-09,1100,022854,,4,1,7,0109,0,1,1,,2,176,"I-880 S/B","HIGH ST",2138.00,N,N,A,-,Y,,,880,,,,,,S,N,3,0,1,2,A,-,07,21658,A,N,C,C,A,A,H,-,A,D,0,,,,Y,Y,,-,"- ",0,1,0,0,0,0,0,0,0,"- ","- ",37.772350311279297,-122.22580718994141,ALAMEDA,OAKLAND,-122.22580718994141,37.772369384765625
91809770,2022,2022-07-04,9370,2022-06-15,0905,022830,,3,1,7,0109,0,1,3,,2,013,"I-80 EB","W. GRAND AVE/MARITIME STREET O/C",1800.00,E,N,A,-,Y,,,80,,,,,,E,Y,4,0,1,1,A,-,01,23152,A,N,F,A,A,A,H,-,A,D,0,,,Y,,Y,Y,C,02,0,0,1,0,0,0,0,0,1,"- ","- ",37.825309753417969,-122.304443359375,ALAMEDA,OAKLAND,-122.30442810058594,37.825244903564453
91811947,2022,2022-07-07,9370,2022-06-04,1351,022821,,6,1,7,0109,0,1,1,,2,054,"I-580 W/B","GRAND AVE",200.00,E,N,A,-,Y,,,580,,,,,,W,Y,3,0,2,5,A,-,07,21658,A,N,C,C,A,A,H,-,A,D,0,,,,,Y,,A,07,0,1,1,0,0,0,0,0,0,"- ","- ",37.810199737548828,-122.24772644042969,ALAMEDA,OAKLAND,-122.24773406982422,37.8101806640625
91813567,2022,2022-07-11,9370,2022-06-15,1710,022826,,3,2,7,0109,0,1,1,,2,008,"I-80 E/B","I-880 N/B TO I-80 W/B",900.00,E,N,A,-,Y,,,80,,,,,,E,N,4,0,1,1,A,-,08,22107,,N,E,I,A,A,H,-,A,D,0,,,,,Y,,A,01,0,0,1,0,0,0,0,0,0,"- ","- ",37.825748443603516,-122.30225372314453,ALAMEDA,OAKLAND,-122.30225372314453,37.825752258300781
91813704,2022,2022-07-11,9370,2022-06-19,1605,022859,,7,2,7,0109,0,1,1,,2,176,"I-880 S/B","HIGH STREET",1680.00,N,N,A,-,Y,,,880,,,,,,S,N,4,0,1,3,A,-,03,22350,,N,C,C,A,A,H,-,A,D,0,,,,,Y,,A,01,0,0,1,0,0,0,0,0,0,"- ","- ",37.771820068359375,-122.22406005859375,ALAMEDA,OAKLAND,-122.22407531738281,37.771785736083984
91813880,2022,2022-07-11,9370,2022-07-10,1605,022529,,7,2,7,0109,0,1,3,,2,025,"SR-24 W/B FROM 52ND STREET","52ND ST",1330.00,W,N,A,-,Y,,,24,,,,R,,W,Y,3,0,2,2,A,-,03,22350,,N,C,C,A,A,H,-,A,D,0,,,,,Y,,A,01,0,1,1,0,0,0,0,0,0,"- ","- ",37.833961486816406,-122.26657867431641,ALAMEDA,OAKLAND,-122.26657867431641,37.833961486816406
91813968,2022,2022-07-11,9370,2022-06-17,0030,022850,,5,3,7,0109,0,1,1,,2,082,"I-80 E/B","SOLANO AVE",250.00,E,N,A,-,Y,,,,,,,,,,Y,4,0,1,1,A,-,08,22107,,N,E,I,A,A,H,-,C,D,0,,,,,Y,,A,01,0,0,1,0,0,0,0,0,0,"- ","- ",37.945178985595703,-122.32438659667969,ALAMEDA,OAKLAND,-122.32370758056641,37.943439483642578
91816209,2022,2022-07-13,9335,2022-07-12,0845,020658,,2,1,7,0109,0,1,1,,1,082,"I-80 W/B","SFOBB TOLL PLAZA",1954.00,W,N,A,-,Y,,,80,,,,,,W,Y,4,0,1,1,C,-,18,,,N,E,J,A,A,H,-,A,D,0,,,,,Y,,-,"- ",0,0,1,0,0,0,0,0,0,"- ","- ",37.823390960693359,-122.32038116455078,ALAMEDA,OAKLAND,-122.32032012939453,37.823230743408203
91818934,2022,2022-07-18,9370,2022-07-10,2354,022981,,7,3,7,0109,0,1,1,,2,053,"I-580 W/B","35TH AVE",547.00,W,N,A,-,Y,,,580,,,,,,W,Y,4,0,1,2,A,-,01,23152,A,N,B,E,A,A,H,-,D,D,0,,,,,Y,Y,A,01,0,0,1,0,0,0,0,0,0,"- ","- ",37.792301177978516,-122.20339965820312,ALAMEDA,OAKLAND,-122.20336151123047,37.792339324951172
91821037,2022,2022-07-20,9370,2022-07-08,1920,022989,,5,2,7,0109,0,1,1,,2,054,"I-580 W/B","GRAND AVENUE",1500.00,W,N,A,-,Y,,,580,,,,,,W,Y,3,0,1,2,A,-,03,22350,,N,C,C,A,A,H,-,A,D,0,,,,,Y,,A,01,0,1,0,0,0,0,0,0,0,"- ","- ",37.814571380615234,-122.25093078613281,ALAMEDA,OAKLAND,-122.25096893310547,37.814559936523438
91822014,2022,2022-07-21,9370,2022-07-06,1400,022964,,3,2,7,0109,0,1,1,,2,052,"I-580 W/B","EDWARDS AVE",830.00,E,N,A,-,Y,,,580,,,,,,W,Y,4,0,1,1,A,-,08,22107,,N,E,I,A,A,H,-,A,D,0,,,,,Y,,A,07,0,0,1,0,0,0,0,0,0,"- ","- ",37.775260925292969,-122.16145324707031,ALAMEDA,OAKLAND,-122.16151428222656,37.775135040283203
91822031,2022,2022-07-21,9370,2022-06-10,1625,022476,,5,2,7,0109,0,1,1,,2,053,"I-580 E/B","CHAMPION ST.",50.00,E,N,A,-,Y,,,580,,,,,,E,N,4,0,1,2,A,-,03,22350,,N,C,C,A,A,H,-,A,D,0,,,Y,,Y,,C,02,0,0,1,0,0,0,0,0,1,"- ","- ",37.797821044921875,-122.21537017822266,ALAMEDA,OAKLAND,-122.21537017822266,37.797809600830078
91822657,2022,2022-07-22,9335,2022-07-10,1515,021222,,7,2,7,0109,0,1,1,,2,084,"I-80 EASTBOUND","PHYSICAL GOREPOINT OF I-80 EASTBOUND TO SFOBB TOLL",1400.00,W,N,A,-,Y,,,80,,,,,,E,Y,2,0,1,3,A,-,08,22107,,N,B,C,A,A,H,-,A,D,0,,,Y,,Y,,C,02,1,0,0,0,0,0,0,0,1,"- ","- ",37.822319030761719,-122.32264709472656,ALAMEDA,OAKLAND,-122.32266998291016,37.822467803955078
91822917,2022,2022-07-22,9370,2022-06-05,1220,022858,,7,1,7,0109,0,1,1,,2,008,"I-80 E/B","POWELL ST",3645.00,W,N,B,-,Y,,,80,,,,,,E,Y,3,0,2,1,A,-,03,22350,,N,E,I,A,B,H,-,A,D,0,,,,,Y,,A,07,0,2,0,0,0,0,0,0,0,"- ","- ",37.827869415283203,-122.29470825195312,ALAMEDA,OAKLAND,-122.29466247558594,37.82781982421875
91823692,2022,2022-07-25,9370,2022-07-14,1344,022980,,4,1,7,0109,0,1,1,,2,176,"I-880 SOUTHBOUND","HIGH STREET",650.00,S,N,A,-,Y,,,880,,,,,,S,N,3,0,1,3,A,-,07,21658,A,N,B,2,A,A,H,-,A,D,0,,,,Y,Y,,A,01,0,1,0,0,0,0,0,0,0,"- ","- ",37.766471862792969,-122.21904754638672,ALAMEDA,OAKLAND,-122.21906280517578,37.766460418701172
91826543,2022,2022-07-27,9370,2022-06-24,1540,022841,,5,2,7,0109,0,1,1,,2,008,"I-80 E/B","SAN FRANCISO-OAKLAND BAY BRIDGE TOLL PLAZA",1070.00,E,N,A,-,Y,,,80,,,,,,E,N,4,0,2,4,A,-,03,22350,,N,C,C,A,A,H,-,A,D,0,,,,,Y,,A,07,0,0,2,0,0,0,0,0,0,"- ","- ",37.824459075927734,-122.30986022949219,ALAMEDA,OAKLAND,-122.30987548828125,37.824539184570312
91830994,2022,2022-08-02,9370,2022-06-28,1715,022798,,2,2,7,0109,0,1,1,,2,052,"I-580 E/B","EDWARDS AVE",845.00,W,N,A,-,Y,,,580,,,,,,E,Y,4,0,1,2,A,-,07,21658,A,N,C,C,A,A,H,-,A,D,0,,,,,Y,,A,07,0,0,1,0,0,0,0,0,0,"- ","- ",37.777439117431641,-122.16683197021484,ALAMEDA,OAKLAND,-122.16681671142578,37.777473449707031
91832438,2022,2022-08-03,9370,2022-07-03,1300,022199,,7,1,7,0109,0,1,1,,2,052,"I-580 E/B","FOOTHILL BLVD UNDERCROSSING",500.00,W,N,B,-,Y,,,580,,,,,,E,N,4,0,1,2,A,-,07,21658,A,M,B,C,A,A,H,-,A,D,0,,,,,Y,,-,99,0,0,1,0,0,0,0,0,0,"- ","- ",37.738880157470703,-122.14237976074219,ALAMEDA,OAKLAND,-122.14238739013672,37.738876342773438
91832505,2022,2022-08-03,9370,2022-07-19,2220,022981,,2,3,7,0109,0,1,3,,2,013,"SR-13 S/B FROM MONTEREY BLVD","MONTEREY BLVD",3.00,S,N,A,-,N,,,13,,,,R,,S,N,4,0,1,1,A,-,01,23152,A,N,E,I,A,A,H,-,C,D,0,,,,,Y,Y,A,08,0,0,1,0,0,0,0,0,0,"- ","- ",37.819839477539062,-122.20639801025391,ALAMEDA,OAKLAND,-122.20639801025391,37.819839477539062
91835194,2022,2022-08-08,9370,2022-07-16,1430,022831,,6,2,7,0109,0,1,1,,2,081,"I-80 E/B","GILMAN STREET",1130.00,E,N,A,-,Y,,,,,,,,,,N,3,0,1,3,A,-,03,22350,,N,C,C,A,A,H,-,A,D,0,,,,,Y,,A,01,0,1,0,0,0,0,0,0,0,"- ","- ",37.881580352783203,-122.30786895751953,ALAMEDA,OAKLAND,-122.30634307861328,37.875614166259766
91839061,2022,2022-08-12,9370,2022-07-10,0330,022813,,7,3,7,0109,0,1,1,,2,176,"I-880 SOUTHBOUND TO FRUITVALE AVENUE","DERBY AVENUE",204.00,N,N,A,-,Y,,,880,,,,R,,S,Y,2,0,2,2,A,-,08,22107,,F,B,C,A,A,H,-,C,D,0,,,,,Y,,-,99,1,0,1,0,0,0,0,0,0,"- ","- ",37.773899078369141,-122.23104858398438,ALAMEDA,OAKLAND,-122.23104858398438,37.773899078369141
91839370,2022,2022-08-12,9370,2022-08-04,2100,022941,,4,2,7,0109,0,1,1,,2,176,"I-880 N/B","66TH AVE",1131.00,S,N,A,-,Y,,,,,,,,,,N,3,0,2,2,A,-,07,21658,A,N,B,C,A,A,H,-,D,D,0,,,,,Y,,A,01,0,2,0,0,0,0,0,0,0,"- ","- ",37.450489044189453,-122.12204742431641,ALAMEDA,OAKLAND,-122.20789337158203,37.753829956054688
91840027,2022,2022-08-15,9370,2022-07-17,2044,022858,,7,2,7,0109,0,1,1,,2,176,"I-880 N/B","66TH AVE",2543.00,N,N,A,-,Y,,,880,,,,,,N,Y,3,0,1,1,A,-,01,23152,F,N,F,A,A,A,H,-,D,D,0,,,,,Y,,A,07,0,1,0,0,0,0,0,0,0,"- ","- ",37.759838104248047,-122.21304321289062,ALAMEDA,OAKLAND,-122.21305084228516,37.75982666015625