CASE_ID,ACCIDENT_YEAR,PROC_DATE,JURIS,COLLISION_DATE,COLLISION_TIME,OFFICER_ID,REPORTING_DISTRICT,DAY_OF_WEEK,CHP_SHIFT,POPULATION,CNTY_CITY_LOC,SPECIAL_COND,BEAT_TYPE,CHP_BEAT_TYPE,CITY_DIVISION_LAPD,CHP_BEAT_CLASS,BEAT_NUMBER,PRIMARY_RD,SECONDARY_RD,DISTANCE,DIRECTION,INTERSECTION,WEATHER_1,WEATHER_2,STATE_HWY_IND,CALTRANS_COUNTY,CALTRANS_DISTRICT,STATE_ROUTE,ROUTE_SUFFIX,POSTMILE_PREFIX,POSTMILE,LOCATION_TYPE,RAMP_INTERSECTION,SIDE_OF_HWY,TOW_AWAY,COLLISION_SEVERITY,NUMBER_KILLED,NUMBER_INJURED,PARTY_COUNT,PRIMARY_COLL_FACTOR,PCF_CODE_OF_VIOL,PCF_VIOL_CATEGORY,PCF_VIOLATION,PCF_VIOL_SUBSECTION,HIT_AND_RUN,TYPE_OF_COLLISION,MVIW,PED_ACTION,ROAD_SURFACE,ROAD_COND_1,ROAD_COND_2,LIGHTING,CONTROL_DEVICE,CHP_ROAD_TYPE,PEDESTRIAN_ACCIDENT,BICYCLE_ACCIDENT,MOTORCYCLE_ACCIDENT,TRUCK_ACCIDENT,NOT_PRIVATE_PROPERTY,ALCOHOL_INVOLVED,STWD_VEHTYPE_AT_FAULT,CHP_VEHTYPE_AT_FAULT,COUNT_SEVERE_INJ,COUNT_VISIBLE_INJ,COUNT_COMPLAINT_PAIN,COUNT_PED_KILLED,COUNT_PED_INJURED,COUNT_BICYCLIST_KILLED,COUNT_BICYCLIST_INJURED,COUNT_MC_KILLED,COUNT_MC_INJURED,PRIMARY_RAMP,SECONDARY_RAMP,LATITUDE,LONGITUDE,COUNTY,CITY,POINT_X,POINT_Y
91952179,2022,2022-12-26,9345,2022-12-17,1510,023079,,6,2,7,0109,0,1,S,,2,904,"I-880 SOUTHBOUND","HIGH STREET",2640.00,N,N,A,-,Y,,,880,,,,,,S,N,4,0,4,3,A,-,03,22350,,N,C,C,A,A,H,-,A,D,0,,,,,Y,,A,07,0,0,4,0,0,0,0,0,0,"- ","- ",37.772621154785156,-122.22634124755859,ALAMEDA,OAKLAND,-122.22636413574219,37.772556304931641
91952359,2022,2022-12-26,9370,2022-12-11,1608,022990,,7,2,7,0109,0,1,1,,2,052,"I-580 W/B","TWIN OAKS WAY",1605.00,W,N,C,-,Y,,,580,,,,,,W,Y,4,0,1,2,A,-,07,21658,A,M,B,C,A,B,H,-,A,D,0,,,,,Y,,-,99,0,0,1,0,0,0,0,0,0,"- ","- ",37.762969970703125,-122.14969635009766,ALAMEDA,OAKLAND,-122.14968872070312,37.762977600097656
91952721,2022,2022-12-27,9370,2022-11-28,0030,022800,,1,3,7,0109,0,1,1,,2,176,"I-880 S/B","HIGH ST",1796.00,S,N,A,-,Y,,,880,,,,,,S,Y,3,0,1,2,A,-,08,22107,,F,B,E,A,A,H,-,C,D,0,,,,,Y,,A,01,0,1,0,0,0,0,0,0,0,"- ","- ",37.763851165771484,-122.21708679199219,ALAMEDA,OAKLAND,-122.21706390380859,37.763874053955078
91952759,2022,2022-12-27,9370,2022-12-02,0105,022800,,5,3,7,0109,0,1,1,,2,055,"I-580 W/B","PERALTA ST",528.00,W,N,A,-,Y,,,580,,,,,,W,Y,2,0,2,2,A,-,07,21658,A,F,B,C,A,A,H,-,C,D,0,,,,,Y,,-,99,1,0,1,0,0,0,0,0,0,"- ","- ",37.827579498291016,-122.28314971923828,ALAMEDA,OAKLAND,-122.28314971923828,37.827583312988281
91952809,2022,2022-12-27,9370,2022-12-11,1020,022964,,7,1,7,0109,0,1,3,,2,013,"SR-13 N/B FROM JOAQUIN MILLER ROAD","JOAQUIN MILLER ROAD",119.00,N,N,A,-,Y,,,13,,,,R,,N,Y,4,0,1,1,C,-,18,,,N,H,H,A,B,H,-,A,D,0,,,,,Y,,-,"- ",0,0,1,0,0,0,0,0,0,"- ","- ",37.811050415039062,-122.19786071777344,ALAMEDA,OAKLAND,-122.19786071777344,37.811050415039062
91952888,2022,2022-12-27,9370,2022-12-09,1701,022990,,5,2,7,0109,0,1,1,,2,054,"I-580 E/B","GRAND AVE",1445.00,W,N,A,-,Y,,,580,,,,,,E,Y,4,0,1,4,A,-,03,22350,,M,C,C,A,B,H,-,C,D,0,,,Y,,Y,,A,07,0,0,1,0,0,0,0,0,0,"- ","- ",37.813980102539062,-122.25113677978516,ALAMEDA,OAKLAND,-122.25105285644531,37.814002990722656
91953985,2022,2022-12-28,9335,2022-12-18,1445,022897,,7,2,7,0109,0,1,1,,1,082,"I-80 W/B","SFOBB METERING LIGHTS",350.00,E,N,A,-,Y,,,80,,,,,,W,N,4,0,3,3,A,-,03,22350,,N,C,C,A,A,H,-,A,D,0,,,,,Y,,A,01,0,0,3,0,0,0,0,0,0,"- ","- ",37.824268341064453,-122.31613922119141,ALAMEDA,OAKLAND,-122.316162109375,37.824386596679688
91954026,2022,2023-10-04,9370,2022-12-17,0910,022974,,6,1,7,0109,0,1,1,,2,052,"I-580 E/B","DUTTON AVENUE",2045.00,W,N,A,-,Y,,,580,,,,,,E,Y,3,0,1,3,A,-,21,22106,,M,H,C,A,A,H,-,A,D,0,,,,,Y,,A,01,0,1,0,0,0,0,0,0,0,"- ","- ",37.748851776123047,-122.15101623535156,ALAMEDA,OAKLAND,-122.15096282958984,37.748878479003906
91956219,2022,2022-12-30,9370,2022-12-02,1040,022974,,5,1,7,0109,0,1,1,,2,052,"I-580 W/B","KELLER AVENUE",1100.00,E,N,A,-,Y,,,580,,,,,,W,Y,3,0,1,1,A,-,08,22107,,N,B,I,A,A,H,-,A,D,0,,,,,Y,,A,01,0,1,0,0,0,0,0,0,0,"- ","- ",37.769290924072266,-122.15408325195312,ALAMEDA,OAKLAND,-122.15409088134766,37.769283294677734
91960719,2022,2023-01-05,9370,2022-12-27,0550,018499,,2,3,7,0109,0,1,1,,2,053,"I-580 W/B","PARK BLVD",205.00,E,N,C,-,Y,,,580,,,,,,W,Y,4,0,4,5,A,-,03,22350,,N,D,C,A,B,H,-,C,D,0,,,,Y,Y,,A,01,0,0,4,0,0,0,0,0,0,"- ","- ",37.803901672363281,-122.23326110839844,ALAMEDA,OAKLAND,-122.23307800292969,37.804141998291016
91961176,2022,2023-01-05,9370,2022-12-04,1430,022863,,7,2,7,0109,0,1,3,,2,024,"SR-24 W/B","OLD TUNNEL RD",330.00,E,N,A,-,Y,,,24,,,,,,W,N,3,0,1,2,A,-,07,21658,A,F,C,C,A,A,H,-,C,D,0,,,,,Y,,-,99,0,1,0,0,0,0,0,0,0,"- ","- ",37.857040405273438,-122.21414947509766,ALAMEDA,OAKLAND,-122.21432495117188,37.857200622558594
91961551,2022,2023-01-06,9370,2022-12-04,1708,022863,,7,2,7,0109,0,1,3,,2,025,"SR-24 W/B","45TH ST",100.00,W,N,C,-,Y,,,24,,,,,,W,N,4,0,2,2,A,-,03,22350,,F,C,C,A,B,H,-,C,D,0,,,,,Y,,D,22,0,0,2,0,0,0,0,0,0,"- ","- ",37.833141326904297,-122.26663970947266,ALAMEDA,OAKLAND,-122.26657104492188,37.833126068115234
91962778,2022,2023-01-09,9370,2022-11-06,1446,022990,,7,2,7,0109,0,1,1,,2,054,"I-580 W/B","GRAND AVE",615.00,W,N,A,-,Y,,,580,,,,,,W,Y,3,0,1,2,A,-,01,23152,A,N,C,C,A,A,H,-,A,D,0,,,,,Y,Y,A,01,0,1,0,0,0,0,0,0,0,"- ","- ",37.811859130859375,-122.25009918212891,ALAMEDA,OAKLAND,-122.25011444091797,37.811851501464844
91965422,2022,2023-01-11,9370,2022-12-29,0952,022974,,4,1,7,0109,0,1,1,,2,052,"I-580 W/B","SEMINARY AVE",1340.00,E,N,B,-,Y,,,580,,,,,,W,Y,3,0,1,1,A,-,08,22107,,N,F,A,A,B,H,-,A,D,0,,,,,Y,,A,07,0,1,0,0,0,0,0,0,0,"- ","- ",37.779109954833984,-122.16976928710938,ALAMEDA,OAKLAND,-122.16978454589844,37.779087066650391
91969011,2022,2023-01-16,9370,2022-12-04,1645,022863,,7,2,7,0109,0,1,3,,2,024,"SR-24 E/B",BROADWAY,655.00,W,N,C,-,Y,,,24,,,,,,E,N,4,0,2,2,A,-,03,22350,,N,C,C,A,B,H,-,C,D,0,,,,,Y,,A,01,0,0,2,0,0,0,0,0,0,"- ","- ",37.846611022949219,-122.24642944335938,ALAMEDA,OAKLAND,-122.24644470214844,37.846637725830078
91973884,2022,2023-01-23,9370,2022-12-21,1500,022859,,3,2,7,0109,0,1,1,,2,177,"I-880 S/B","OAK STREET",1000.00,S,N,A,-,Y,,,880,,,,,,S,Y,2,0,1,3,A,-,07,21658,A,N,B,C,A,A,H,-,A,D,0,,,,Y,Y,,A,01,1,0,0,0,0,0,0,0,0,"- ","- ",37.793781280517578,-122.26444244384766,ALAMEDA,OAKLAND,-122.264404296875,37.793827056884766
91991562,2022,2023-02-10,9370,2022-05-26,2130,022611,,4,2,7,0109,0,1,1,,2,052,"I-580 W/B","EDWARDS AVE",935.00,W,N,B,-,Y,,,580,,,,,,W,N,1,1,0,2,A,-,11,21954,A,N,G,B,E,A,H,-,D,D,0,Y,,,,Y,Y,A,08,0,0,0,1,0,0,0,0,0,"- ","- ",37.777938842773438,-122.16713714599609,ALAMEDA,OAKLAND,-122.16719055175781,37.777824401855469
92042950,2022,2023-04-12,9370,2022-10-07,2249,022818,,5,3,7,0109,0,1,1,,2,177,"I-880 S/B","MARTIN LUTHER KING JR WAY",220.00,S,N,A,-,Y,,,880,,,,,,S,Y,4,0,1,1,A,-,08,22107,,N,E,I,A,A,H,-,B,D,0,,,,,Y,,A,01,0,0,1,0,0,0,0,0,0,"- ","- ",37.799331665039062,-122.27704620361328,ALAMEDA,OAKLAND,-122.27708435058594,37.799240112304688
92091134,2022,2023-06-12,9370,2022-10-10,2040,022856,,1,2,7,0109,0,1,1,,2,052,"I-580 W/B","KELLER AVE",2010.00,E,N,A,-,Y,,,580,,,,,,W,Y,3,0,1,4,C,-,18,,,F,B,C,A,A,H,-,D,D,0,,,,,Y,,-,"- ",0,1,0,0,0,0,0,0,0,"- ","- ",37.767250061035156,-122.15280914306641,ALAMEDA,OAKLAND,-122.15281677246094,37.767246246337891
92091714,2022,2023-06-12,9370,2022-09-03,2114,022854,,6,2,7,0109,0,1,1,,2,098,"I-980 E/B TO I-580 W/B","WEST STREET",300.00,W,N,A,-,Y,,,,,,,,,,Y,1,1,1,2,A,-,11,21954,A,N,G,B,E,A,H,-,D,D,0,Y,,,,Y,,N,60,0,1,0,1,0,0,0,0,0,"- ","- ",37.825168609619141,-122.27111053466797,ALAMEDA,OAKLAND,,
92091784,2022,2023-06-12,9370,2022-08-15,0258,022818,,1,3,7,0109,0,1,1,,2,176,"I-880 S/B","66TH AVE",662.00,S,N,A,-,Y,,,880,,,,,,S,Y,1,1,3,2,C,-,18,,,N,C,C,A,A,H,-,C,D,0,,,,,Y,Y,-,"- ",1,2,0,0,0,0,0,0,0,"- ","- ",37.75238037109375,-122.20684814453125,ALAMEDA,OAKLAND,-122.20691680908203,37.7523193359375
9212978,2022,2023-01-31,0109,2022-09-12,1049,9381,2,1,5,7,0109,0,0,0,,0,29X,"73RD AV","MACARTHUR BL",200.00,N,N,A,-,N,,,,,,,,,,N,4,0,2,2,A,-,03,22350,,N,C,C,A,A,H,-,A,A,0,,,,,Y,,D,22,0,0,2,0,0,0,0,0,0,"- ","- ",,,ALAMEDA,OAKLAND,-122.17146301269531,37.769443511962891
9321183,2022,2023-03-14,0109,2022-12-22,1334,9372,2,4,5,7,0109,0,0,0,,0,25X,"MACARTHUR BL","HIGH ST",307.00,E,N,A,-,N,,,,,,,,,,N,1,1,0,1,A,-,08,22107,,N,E,I,A,A,H,-,A,D,0,,,Y,,Y,,C,02,0,0,0,0,0,0,0,1,0,"- ","- ",,,ALAMEDA,OAKLAND,-122.19412994384766,37.786712646484375
9402955,2022,2022-02-10,0109,2022-01-04,1436,9149,1,2,5,7,0109,0,0,0,,0,08X,"WEST MACARTHUR BL","TELEGRAPH AV",30.00,W,N,A,-,N,,,,,,,,,,N,4,0,2,2,A,-,05,21460,A,N,D,C,A,A,H,-,A,D,0,,,,,Y,,A,01,0,0,2,0,0,0,0,0,0,"- ","- ",,,ALAMEDA,OAKLAND,-122.26530456542969,37.826377868652344
9407845,2022,2022-06-16,0109,2022-05-05,1122,9786,1,4,5,7,0109,0,0,0,,0,04X,"BRUSH ST","17TH ST",0.00,,Y,A,-,N,,,,,,,,,,N,4,0,1,2,A,-,12,21453,A,N,D,C,A,A,H,-,A,A,0,,,,,Y,,A,01,0,0,1,0,0,0,0,0,0,"- ","- ",,,ALAMEDA,OAKLAND,-122.27710723876953,37.809169769287109
9407848,2022,2022-06-16,0109,2022-05-10,1945,9614,1,2,5,7,0109,0,0,0,,0,03X,"11TH ST","WEBSTER ST",0.00,,Y,A,-,N,,,,,,,,,,N,4,0,1,2,A,-,12,21453,A,N,D,C,A,A,H,-,A,A,0,,,,,Y,,A,01,0,0,1,0,0,0,0,0,0,"- ","- ",,,ALAMEDA,OAKLAND,-122.27008056640625,37.801315307617188
9407852,2022,2022-11-01,0109,2022-05-05,2144,9614,2,4,5,7,0109,0,0,0,,0,22X,"LINCOLN AV","MACARTHUR BL",0.00,,Y,A,-,N,,,,,,,,,,N,4,0,1,3,A,-,08,22107,,N,C,E,A,A,-,-,C,D,0,,,,,Y,,A,01,0,0,1,0,0,0,0,0,0,"- ","- ",,,ALAMEDA,OAKLAND,-122.21406555175781,37.799839019775391
9407881,2022,2022-06-16,0109,2022-05-07,0200,9053,1,6,5,7,0109,0,0,0,,0,11X,"TELEGRAPH AV","ALCATRAZ AV",0.00,,Y,B,-,N,,,,,,,,,,N,4,0,1,2,A,-,12,21453,A,N,D,C,A,A,H,-,C,A,0,,,,,Y,,A,01,0,0,1,0,0,0,0,0,0,"- ","- ",,,ALAMEDA,OAKLAND,-122.26055908203125,37.850200653076172
9413660,2022,2022-03-16,0109,2022-01-26,1215,9372,1,3,5,7,0109,0,0,0,,0,02X,"MARITIME ST","7TH ST",218.00,N,N,A,-,N,,,,,,,,,,N,4,0,1,2,B,-,22,,,N,C,C,A,A,H,-,A,A,0,,,,,Y,,J,48,0,0,1,0,0,0,0,0,0,"- ","- ",,,ALAMEDA,OAKLAND,-122.31227874755859,37.809268951416016
9416438,2022,2022-03-15,0109,2022-01-08,2152,9802,1,6,5,7,0109,0,0,0,,0,06X,"27TH ST","NORTHGATE AV",0.00,,Y,A,-,N,,,,,,,,,,N,3,0,2,4,A,-,12,21453,A,N,D,C,A,A,H,-,D,A,0,,,,,Y,,A,01,0,2,0,0,0,0,0,0,0,"- ","- ",,,ALAMEDA,OAKLAND,-122.26984405517578,37.816471099853516
9419716,2022,2022-04-18,0109,2022-01-28,2259,9622,2,5,5,7,0109,0,0,0,,0,30Y,"76TH AV","HILLSIDE ST",0.00,,Y,A,-,N,,,,,,,,,,Y,3,0,2,3,A,-,12,22450,A,F,H,C,A,A,H,-,C,A,0,,,,,Y,,D,22,0,1,1,0,0,0,0,0,0,"- ","- ",,,ALAMEDA,OAKLAND,-122.17172241210938,37.766609191894531
9420947,2022,2022-05-06,0109,2022-03-23,2111,9781,2,3,5,7,0109,0,0,0,,0,30X,"BANCROFT AV","81ST AV",50.00,W,N,A,-,N,,,,,,,,,,Y,4,0,1,2,A,-,08,22107,,M,A,C,A,A,H,-,C,D,0,,,,,Y,,A,01,0,0,1,0,0,0,0,0,0,"- ","- ",,,ALAMEDA,OAKLAND,-122.17128753662109,37.760799407958984
9422409,2022,2022-05-10,0109,2022-03-24,1020,8606,1,4,5,7,0109,0,0,0,,0,04X,"14TH ST","JEFFERSON ST",0.00,,Y,A,-,N,,,,,,,,,,N,4,0,1,3,A,-,12,21453,A,N,D,C,A,A,H,-,A,A,0,,,,,Y,,A,01,0,0,1,0,0,0,0,0,0,"- ","- ",,,ALAMEDA,OAKLAND,-122.27479553222656,37.805740356445312
9422410,2022,2022-05-18,0109,2022-03-28,0826,9339,2,1,5,7,0109,0,0,0,,0,33X,"85TH AV","SAN LEANDRO ST",0.00,,Y,C,-,N,,,,,,,,,,N,4,0,1,2,A,-,12,21453,A,N,D,C,A,B,H,-,A,A,0,,,,,Y,,-,"- ",0,0,1,0,0,0,0,0,0,"- ","- ",,,ALAMEDA,OAKLAND,-122.18907928466797,37.746997833251953
9422412,2022,2022-05-18,0109,2022-03-23,1353,9461,2,3,5,7,0109,0,0,0,,0,31X,"HEGENBERGER RD","PARDEE DR",0.00,,Y,A,-,N,,,,,,,,,,N,4,0,1,2,A,-,12,21453,A,N,D,C,A,A,H,-,A,A,0,,,,,Y,,A,01,0,0,1,0,0,0,0,0,0,"- ","- ",,,ALAMEDA,OAKLAND,-122.20028686523438,37.729690551757812
9422414,2022,2022-05-10,0109,2022-03-22,1608,9582,2,2,5,7,0109,0,0,0,,0,23X,"FRUITVALE AV","E 13TH ST",0.00,,Y,A,-,N,,,,,,,,,,N,3,0,1,2,A,-,08,22107,,N,D,G,A,A,H,-,A,D,0,,Y,,,Y,,A,01,0,1,0,0,0,0,1,0,0,"- ","- ",,,ALAMEDA,OAKLAND,-122.22628021240234,37.776744842529297
9422415,2022,2022-05-18,0109,2022-03-29,1104,8557,1,2,5,7,0109,0,0,0,,0,02X,"ADELINE ST","10TH ST",0.00,,Y,A,-,N,,,,,,,,,,N,4,0,1,2,A,-,12,21453,A,N,A,C,A,A,H,-,A,A,0,,,,,Y,,-,"- ",0,0,1,0,0,0,0,0,0,"- ","- ",,,ALAMEDA,OAKLAND,-122.28719329833984,37.806625366210938
9422504,2022,2022-05-17,0109,2022-04-02,2023,9533,1,6,5,7,0109,0,0,0,,0,07X,"35TH ST","ADELINE ST",0.00,,Y,A,-,N,,,,,,,,,,N,4,0,1,2,A,-,12,22450,A,N,A,C,A,A,H,-,C,A,0,,,Y,,Y,,-,"- ",0,0,1,0,0,0,0,0,1,"- ","- ",,,ALAMEDA,OAKLAND,-122.27988433837891,37.826747894287109
9422507,2022,2022-05-17,0109,2022-04-07,1730,9400,1,4,5,7,0109,0,0,0,,0,03X,"9TH ST","HARRISON ST",0.00,,Y,A,-,N,,,,,,,,,,N,4,0,4,2,A,-,12,21453,A,N,D,C,A,A,H,-,A,A,0,,,,,Y,,A,01,0,0,4,0,0,0,0,0,0,"- ","- ",,,ALAMEDA,OAKLAND,-122.26975250244141,37.799468994140625
9422508,2022,2022-05-17,0109,2022-04-07,1342,9370,1,4,5,7,0109,0,0,0,,0,19X,"15TH AV","E 15TH ST",0.00,,Y,A,-,N,,,,,,,,,,N,4,0,1,2,A,-,12,22450,A,N,D,C,A,A,H,-,A,A,0,,,,,Y,,A,07,0,0,1,0,0,0,0,0,0,"- ","- ",,,ALAMEDA,OAKLAND,-122.24442291259766,37.789802551269531
9422513,2022,2022-05-17,0109,2022-03-08,1317,9142,2,2,5,7,0109,0,0,0,,0,22X,"MONTANA ST","COOLIDGE AV",0.00,,Y,A,-,N,,,,,,,,,,N,4,0,1,2,A,-,12,21453,A,M,D,C,A,A,H,-,A,A,0,,,,,Y,,A,01,0,0,1,0,0,0,0,0,0,"- ","- ",,,ALAMEDA,OAKLAND,-122.21028137207031,37.796993255615234
9422536,2022,2022-05-16,0109,2022-04-08,1032,9738,1,5,5,7,0109,0,0,0,,0,07X,"W GRAND AV","FILBERT ST",20.00,S,N,A,-,N,,,,,,,,,,N,4,0,1,2,A,-,09,21802,A,N,D,C,A,A,H,-,A,A,0,,,Y,,Y,,A,01,0,0,1,0,0,0,0,0,1,"- ","- ",,,ALAMEDA,OAKLAND,-122.28072357177734,37.814792633056641
9422537,2022,2022-05-23,0109,2022-04-16,0945,9732,1,6,5,7,0109,0,0,0,,0,31Z,"HEGENBERGER RD","RT 880",0.00,,Y,B,C,Y,ALA,4,880,-,-,25.678,R,4,S,Y,3,0,2,2,A,-,12,21453,A,N,A,C,A,B,H,-,A,A,0,,,,,Y,,A,01,0,1,1,0,0,0,0,0,0,"- ",SF,,,ALAMEDA,OAKLAND,-122.19849395751953,37.74267578125
9422538,2022,2022-05-16,0109,2022-04-14,1539,9169,1,4,5,7,0109,0,0,0,,0,09X,"OAKLAND AV","SANTA CLARA AV",0.00,,Y,B,-,N,,,,,,,,,,N,4,0,1,3,A,-,12,21453,A,N,D,C,A,A,H,-,B,A,0,,,,,Y,,A,01,0,0,1,0,0,0,0,0,0,"- ","- ",,,ALAMEDA,OAKLAND,-122.25344848632812,37.819141387939453
9422544,2022,2022-06-03,0109,2022-04-22,1455,8959,1,5,5,7,0109,0,0,0,,0,15X,"LAKESHORE AV","E 18TH ST",8.00,S,N,A,-,N,,,,,,,,,,Y,4,0,1,1,A,-,03,22350,,N,E,I,A,A,H,-,A,D,0,,,,,Y,,A,01,0,0,1,0,0,0,0,0,0,"- ","- ",,,ALAMEDA,OAKLAND,-122.25445556640625,37.800510406494141
9422545,2022,2022-06-03,0109,2022-04-09,2100,9832,1,6,5,7,0109,0,0,0,,0,19X,"E 12TH ST","17TH AV",15.00,E,N,A,-,N,,,,,,,,,,N,3,0,1,2,A,-,08,22107,,F,A,B,D,A,H,-,C,D,0,Y,,,,Y,,A,01,0,1,0,0,1,0,0,0,0,"- ","- ",,,ALAMEDA,OAKLAND,-122.24385070800781,37.786857604980469
9422548,2022,2022-06-03,0109,2022-04-02,1634,9933,2,6,5,7,0109,0,0,0,,0,26X,"47TH AV","E 12TH ST",0.00,,Y,A,-,N,,,,,,,,,,N,4,0,1,2,A,-,09,21802,A,M,D,C,A,A,H,-,A,D,0,,,,,Y,,-,,0,0,1,0,0,0,0,0,0,"- ","- ",,,ALAMEDA,OAKLAND,-122.21269226074219,37.769344329833984
9424302,2022,2022-03-29,0109,2022-02-15,1236,8658,1,2,5,7,0109,0,0,0,,0,04X,"W GRAND AV","TELEGRAPH AV",0.00,,Y,A,-,N,,,,,,,,,,Y,3,0,3,2,A,-,09,21801,A,N,D,C,A,A,H,-,A,A,0,,,,,Y,,A,07,0,1,2,0,0,0,0,0,0,"- ","- ",,,ALAMEDA,OAKLAND,-122.26901245117188,37.811817169189453
9424304,2022,2022-03-29,0109,2022-02-06,0900,8402,1,7,5,7,0109,0,0,0,,0,03X,"JACKSON ST","9TH ST",0.00,,Y,A,-,N,,,,,,,,,,N,4,0,1,2,A,-,12,21453,A,N,D,C,A,A,H,-,A,A,0,,,,,Y,,A,01,0,0,1,0,0,0,0,0,0,"- ","- ",,,ALAMEDA,OAKLAND,-122.26737213134766,37.798542022705078
9424611,2022,2022-04-07,0109,2022-01-19,1019,9939,1,3,5,7,0109,0,0,0,,0,07X,"MAGNOLIA ST","28TH ST",0.00,,Y,A,-,N,,,,,,,,,,N,4,0,3,2,A,-,12,22450,A,N,D,C,A,A,H,-,A,A,0,,,,,Y,,D,22,0,0,3,0,0,0,0,0,0,"- ","- ",,,ALAMEDA,OAKLAND,-122.2833251953125,37.820518493652344
9425060,2022,2022-04-07,0109,2022-02-03,1750,9196,2,4,5,7,0109,0,0,0,,0,35X,"84TH AV","BANCROFT AV",0.00,,Y,A,-,N,,,,,,,,,,Y,4,0,2,2,A,-,09,21802,A,N,D,C,A,A,-,-,B,A,0,,,,,Y,,A,07,0,0,2,0,0,0,0,0,0,"- ","- ",,,ALAMEDA,OAKLAND,-122.16940307617188,37.758403778076172
9428605,2022,2022-04-20,0109,2022-03-04,0444,9517,2,5,5,7,0109,0,0,0,,0,29X,"HAVENSCOURT BL","FOOTHILL BL",0.00,,Y,C,-,N,,,,,,,,,,N,4,0,1,2,A,-,12,21453,A,M,D,C,A,B,-,-,C,A,0,,,,,Y,Y,A,01,0,0,1,0,0,0,0,0,0,"- ","- ",,,ALAMEDA,OAKLAND,-122.18183135986328,37.770408630371094
9428606,2022,2022-04-20,0109,2022-03-03,1036,9786,1,4,5,7,0109,0,0,0,,0,09X,"40TH ST","HOWE ST",0.00,,Y,A,-,N,,,,,,,,,,N,3,0,1,2,A,-,10,21950,A,N,G,B,B,A,H,-,A,A,0,Y,,,,Y,,A,01,0,1,0,0,1,0,0,0,0,"- ","- ",,,ALAMEDA,OAKLAND,-122.25450897216797,37.826045989990234
9428608,2022,2022-04-20,0109,2022-03-04,1210,9607,2,5,5,7,0109,0,0,0,,0,25X,"SKYLINE BL","CATHY LN",1000.00,E,N,F,-,N,,,,,,,,,,N,3,0,1,1,A,-,08,22107,,N,E,I,A,B,-,-,A,D,0,,,,,Y,,A,01,0,1,0,0,0,0,0,0,0,"- ","- ",,,ALAMEDA,OAKLAND,-122.14226531982422,37.784751892089844
9428609,2022,2022-04-21,0109,2022-03-07,1815,9881,1,1,5,7,0109,0,0,0,,0,11X,"SHATTUCK AV","53RD ST",24.00,S,N,A,-,N,,,,,,,,,,Y,4,0,1,3,A,-,08,22107,,M,D,C,A,A,H,-,C,A,0,,,,,Y,,A,01,0,0,1,0,0,0,0,0,0,"- ","- ",,,ALAMEDA,OAKLAND,-122.26425170898438,37.838413238525391
9428711,2022,2022-04-21,0109,2022-02-24,1241,9966,1,4,5,7,0109,0,0,0,,0,19X,"E 15TH ST","12TH AV",0.00,,Y,A,-,N,,,,,,,,,,N,4,0,1,2,A,-,09,21802,A,N,D,C,A,A,H,-,A,A,0,,,,,Y,,A,01,0,0,1,0,0,0,0,0,0,"- ","- ",,,ALAMEDA,OAKLAND,-122.24710845947266,37.791252136230469
9428713,2022,2022-04-21,0109,2022-02-23,1617,9831,2,3,5,7,0109,0,0,0,,0,32X,"ROYAL ANN ST","103RD AV",0.00,,Y,A,-,N,,,,,,,,,,N,4,0,1,2,D,-,00,,,N,G,B,D,A,H,-,A,D,0,Y,,,,Y,,-,"- ",0,0,1,0,1,0,0,0,0,"- ","- ",,,ALAMEDA,OAKLAND,-122.17166900634766,37.738555908203125
9428716,2022,2022-04-21,0109,2022-02-27,1131,9522,2,7,5,7,0109,0,0,0,,0,33X,"85TH AV","A ST",100.00,S,N,A,-,N,,,,,,,,,,N,4,0,2,3,A,-,03,22350,,M,A,C,A,A,H,-,A,A,0,,,,,Y,,A,01,0,0,2,0,0,0,0,0,0,"- ","- ",,,ALAMEDA,OAKLAND,-122.17926788330078,37.752349853515625
9430601,2022,2022-04-05,0109,2022-01-16,1314,9522,2,7,5,7,0109,0,0,0,,0,33X,"91ST AV","B ST",0.00,,Y,A,-,N,,,,,,,,,,N,4,0,1,4,A,-,12,22450,A,M,D,C,A,A,H,-,A,A,0,,,,,Y,,A,01,0,0,1,0,0,0,0,0,0,"- ","- ",,,ALAMEDA,OAKLAND,-122.177490234375,37.747592926025391
9430845,2022,2022-04-19,0109,2022-03-15,1255,9126,1,2,5,7,0109,0,0,0,,0,07X,"MARKET ST","W GRAND AV",0.00,,Y,B,-,N,,,,,,,,,,Y,3,0,1,3,A,-,12,21453,A,M,D,C,A,A,H,-,A,A,0,,,,,Y,,A,01,0,1,0,0,0,0,0,0,0,"- ","- ",,,ALAMEDA,OAKLAND,-122.27867126464844,37.814453125