CASE_ID,ACCIDENT_YEAR,PROC_DATE,JURIS,COLLISION_DATE,COLLISION_TIME,OFFICER_ID,REPORTING_DISTRICT,DAY_OF_WEEK,CHP_SHIFT,POPULATION,CNTY_CITY_LOC,SPECIAL_COND,BEAT_TYPE,CHP_BEAT_TYPE,CITY_DIVISION_LAPD,CHP_BEAT_CLASS,BEAT_NUMBER,PRIMARY_RD,SECONDARY_RD,DISTANCE,DIRECTION,INTERSECTION,WEATHER_1,WEATHER_2,STATE_HWY_IND,CALTRANS_COUNTY,CALTRANS_DISTRICT,STATE_ROUTE,ROUTE_SUFFIX,POSTMILE_PREFIX,POSTMILE,LOCATION_TYPE,RAMP_INTERSECTION,SIDE_OF_HWY,TOW_AWAY,COLLISION_SEVERITY,NUMBER_KILLED,NUMBER_INJURED,PARTY_COUNT,PRIMARY_COLL_FACTOR,PCF_CODE_OF_VIOL,PCF_VIOL_CATEGORY,PCF_VIOLATION,PCF_VIOL_SUBSECTION,HIT_AND_RUN,TYPE_OF_COLLISION,MVIW,PED_ACTION,ROAD_SURFACE,ROAD_COND_1,ROAD_COND_2,LIGHTING,CONTROL_DEVICE,CHP_ROAD_TYPE,PEDESTRIAN_ACCIDENT,BICYCLE_ACCIDENT,MOTORCYCLE_ACCIDENT,TRUCK_ACCIDENT,NOT_PRIVATE_PROPERTY,ALCOHOL_INVOLVED,STWD_VEHTYPE_AT_FAULT,CHP_VEHTYPE_AT_FAULT,COUNT_SEVERE_INJ,COUNT_VISIBLE_INJ,COUNT_COMPLAINT_PAIN,COUNT_PED_KILLED,COUNT_PED_INJURED,COUNT_BICYCLIST_KILLED,COUNT_BICYCLIST_INJURED,COUNT_MC_KILLED,COUNT_MC_INJURED,PRIMARY_RAMP,SECONDARY_RAMP,LATITUDE,LONGITUDE,COUNTY,CITY,POINT_X,POINT_Y
9430850,2022,2022-04-11,0109,2022-03-22,0824,9142,2,2,5,7,0109,0,0,0,,0,21X,"COOLIDGE AV","SCHOOL ST",5.00,N,N,A,-,N,,,,,,,,,,N,3,0,1,2,A,-,10,21950,A,N,G,B,B,A,H,-,A,A,0,Y,,,,Y,,D,22,0,1,0,0,1,0,0,0,0,"- ","- ",,,ALAMEDA,OAKLAND,-122.21250915527344,37.794742584228516
9430900,2022,2022-04-08,0109,2022-02-11,1325,9142,2,5,5,7,0109,0,0,0,,0,,"INTERNATIONAL BL","DERBY AV",50.00,E,N,A,-,N,,,,,,,,,,N,4,0,1,2,A,-,12,21453,A,M,D,G,A,A,H,-,A,A,0,,Y,,,Y,,A,01,0,0,1,0,0,0,1,0,0,"- ","- ",,,ALAMEDA,OAKLAND,-122.22721099853516,37.778263092041016
9431020,2022,2022-04-18,0109,2022-03-16,1714,9259,2,3,5,7,0109,0,0,0,,0,25X,"MACARTHUR BL","LOMA VISTA AV",100.00,E,N,A,-,N,,,,,,,,,,N,4,0,1,2,A,-,21,22106,,N,C,-,A,A,H,-,A,D,0,,,,,Y,,A,01,0,0,1,0,0,0,0,0,0,"- ","- ",,,ALAMEDA,OAKLAND,-122.19919586181641,37.792198181152344
9431025,2022,2022-04-21,0109,2022-03-24,1634,8959,1,4,5,7,0109,0,0,0,,0,17X,"5TH AV","E 18TH ST",0.00,,Y,A,-,N,,,,,,,,,,N,4,0,2,2,A,-,12,21453,A,N,A,C,A,A,H,-,A,A,0,,,,,Y,,-,"- ",0,0,2,0,0,0,0,0,0,"- ","- ",,,ALAMEDA,OAKLAND,-122.25010681152344,37.798381805419922
9431961,2022,2022-04-29,0109,2022-01-01,0846,8900,2,6,5,7,0109,0,0,0,,0,28X,"MACARTHUR BL","RT 580",50.00,W,N,A,-,Y,ALA,4,580,-,R,39.651,R,4,W,Y,4,0,1,2,A,-,08,22107,,M,B,C,A,A,H,-,A,A,0,,,,,Y,,A,01,0,0,1,0,0,0,0,0,0,"- ",FR,,,ALAMEDA,OAKLAND,-122.18549346923828,37.784233093261719
9431963,2022,2022-04-19,0109,2022-01-23,1215,8402,1,7,5,7,0109,0,0,0,,0,03X,"WEBSTER ST","7TH ST",0.00,,Y,A,-,N,,,,,,,,,,N,3,0,1,2,A,-,10,21950,A,N,G,B,B,A,H,-,A,A,0,Y,,,,Y,,A,01,0,1,0,0,1,0,0,0,0,"- ","- ",,,ALAMEDA,OAKLAND,-122.27178955078125,37.798561096191406
9432904,2022,2022-09-01,0109,2022-05-17,2252,9622,2,2,5,7,0109,0,0,0,,0,31X,"HASSLER WY","OAKPORT ST",0.00,,Y,A,-,N,,,,,,,,,,N,4,0,1,2,B,-,22,,,N,D,C,A,A,H,-,C,A,0,,,,,Y,,J,48,0,0,1,0,0,0,0,0,0,"- ","- ",,,ALAMEDA,OAKLAND,-122.20362091064453,37.748188018798828
9433954,2022,2022-05-18,0109,2022-01-24,1112,9709,1,1,5,7,0109,0,0,0,,0,03X,"6TH ST","JEFFERSON ST",0.00,,Y,A,-,N,,,,,,,,,,Y,4,0,1,2,A,-,12,21453,A,N,D,C,A,A,H,-,A,A,0,,,,,Y,,A,01,0,0,1,0,0,0,0,0,0,"- ","- ",,,ALAMEDA,OAKLAND,-122.27819061279297,37.800216674804688
9435393,2022,2022-04-20,0109,2022-01-17,0749,9400,2,1,5,7,0109,0,0,0,,0,30X,"RT 880","66TH AV",0.00,,Y,A,-,Y,ALA,4,880,-,-,26.701,R,2,N,N,4,0,1,1,A,-,03,22350,,N,F,A,A,A,H,-,A,D,0,,,,,Y,,A,01,0,0,1,0,0,0,0,0,0,NO,"- ",,,ALAMEDA,OAKLAND,-122.20892333984375,37.755115509033203
9435516,2022,2022-05-02,0109,2022-02-11,1558,9394,2,5,5,7,0109,0,0,0,,0,22X,"REDWOOD RD","MOUNTAIN BL",0.00,,Y,A,-,N,,,,,,,,,,N,4,0,1,2,A,-,03,22350,,N,C,C,A,A,H,-,A,A,0,,,,Y,Y,,F,21,0,0,1,0,0,0,0,0,0,"- ","- ",,,ALAMEDA,OAKLAND,-122.18463897705078,37.798381805419922
9435701,2022,2022-04-25,0109,2022-02-15,1200,9381,2,2,5,7,0109,0,0,0,,0,27X,"SEMINARY AV","AVENEL AV",50.00,N,N,A,-,N,,,,,,,,,,N,4,0,2,2,A,-,08,22103,,N,D,C,A,A,H,-,A,D,0,,,,,Y,,A,01,0,0,2,0,0,0,0,0,0,"- ","- ",,,ALAMEDA,OAKLAND,-122.19203948974609,37.770389556884766
9435706,2022,2022-05-11,0109,2022-02-11,0945,9951,2,5,5,7,0109,0,0,0,,0,30X,"GREENLY DR","COLUMBIAN DR",394.00,E,N,A,-,N,,,,,,,,,,Y,4,0,1,4,A,-,21,22106,,N,B,C,A,A,H,-,A,D,0,,,,,Y,,A,01,0,0,1,0,0,0,0,0,0,"- ","- ",,,ALAMEDA,OAKLAND,-122.16336822509766,37.772407531738281
9435710,2022,2022-04-25,0109,2022-02-18,1554,9182,2,5,5,7,0109,0,0,0,,0,24X,"HIGH ST","YGNACIO AV",5.00,S,N,A,-,N,,,,,,,,,,N,2,0,2,3,A,-,03,22350,,F,G,B,C,A,H,-,A,A,0,Y,,,,Y,,A,01,1,0,1,0,2,0,0,0,0,"- ","- ",,,ALAMEDA,OAKLAND,-122.21076202392578,37.775558471679688
9435712,2022,2022-04-25,0109,2022-02-17,0800,9841,2,4,5,7,0109,0,0,0,,0,27X,"FOOTHILL BL","48TH AV",33.00,W,N,A,-,N,,,,,,,,,,N,4,0,1,2,A,-,11,21955,,F,G,B,C,A,H,-,A,D,0,Y,,,,Y,,N,60,0,0,1,0,1,0,0,0,0,"- ","- ",,,ALAMEDA,OAKLAND,-122.20774078369141,37.772785186767578
9435722,2022,2022-04-27,0109,2022-03-04,1507,9562,1,5,5,7,0109,0,0,0,,0,06X,"MARKET ST","35TH ST",0.00,,Y,A,-,N,,,,,,,,,,N,3,0,2,2,A,-,12,21453,A,N,A,C,A,A,H,-,A,A,0,,,,,Y,,A,01,0,1,1,0,0,0,0,0,0,"- ","- ",,,ALAMEDA,OAKLAND,-122.27519989013672,37.825550079345703
9435724,2022,2022-04-27,0109,2022-03-14,1433,9533,1,1,5,7,0109,0,0,0,,0,03X,"12TH ST","OAK ST",0.00,,Y,A,-,N,,,,,,,,,,N,3,0,1,2,A,-,12,21453,A,N,A,C,A,A,H,-,A,A,0,,,,,Y,,M,94,0,1,0,0,0,0,0,0,0,"- ","- ",,,ALAMEDA,OAKLAND,-122.26371002197266,37.799674987792969
9435726,2022,2022-04-27,0109,2022-03-03,1335,9949,1,4,5,7,0109,0,0,0,,0,08X,BROADWAY,"29TH ST",0.00,,Y,C,-,N,,,,,,,,,,N,4,0,1,2,A,-,12,21453,A,N,G,C,A,B,H,-,A,A,0,,,Y,,Y,,C,03,0,0,1,0,0,0,0,0,1,"- ","- ",,,ALAMEDA,OAKLAND,-122.26309204101562,37.817424774169922
9435727,2022,2022-04-27,0109,2022-03-07,0919,9522,2,1,5,7,0109,0,0,0,,0,33X,"89TH AV","A ST",0.00,,Y,A,-,N,,,,,,,,,,N,4,0,2,2,A,-,12,22450,A,M,D,C,A,A,H,-,A,A,0,,,,,Y,,-,99,0,0,2,0,0,0,0,0,0,"- ","- ",,,ALAMEDA,OAKLAND,-122.17685699462891,37.749652862548828
9435742,2022,2022-04-27,0109,2022-03-10,1505,9341,2,4,5,7,0109,0,0,0,,0,26X,"E 12TH ST","49TH AV",0.00,,Y,A,-,N,,,,,,,,,,N,4,0,1,2,A,-,08,22107,,M,B,C,A,A,H,-,A,D,0,,,,,Y,,A,01,0,0,1,0,0,0,0,0,0,"- ","- ",,,ALAMEDA,OAKLAND,-122.21134185791016,37.768230438232422
9435744,2022,2022-04-27,0109,2022-03-12,1831,9832,1,6,5,7,0109,0,0,0,,0,19X,"22ND AV","INTERNATIONAL BL",0.00,,Y,A,-,N,,,,,,,,,,N,4,0,1,2,A,-,08,22107,,M,D,C,A,A,H,-,C,A,0,,,,,Y,Y,-,99,0,0,1,0,0,0,0,0,0,"- ","- ",,,ALAMEDA,OAKLAND,-122.23787689208984,37.784591674804688
9435863,2022,2022-05-04,0109,2022-03-02,1124,9479,2,3,5,7,0109,0,0,0,,0,24X,"BROOKDALE AV","38TH AV",15.00,E,N,A,-,N,,,,,,,,,,N,4,0,1,2,A,-,05,21202,A,N,H,G,A,A,-,-,A,A,0,,Y,,,Y,,L,04,0,0,1,0,0,0,1,0,0,"- ","- ",,,ALAMEDA,OAKLAND,-122.20740509033203,37.785358428955078
9436214,2022,2022-05-02,0109,2022-01-28,0048,9614,2,5,5,7,0109,0,0,0,,0,22X,"MACARTHUR BL","COOLIDGE AV",0.00,,Y,A,-,N,,,,,,,,,,Y,4,0,1,1,A,-,08,22107,,N,F,J,A,A,H,-,C,A,0,,,,,Y,,A,01,0,0,1,0,0,0,0,0,0,"- ","- ",,,ALAMEDA,OAKLAND,-122.20874786376953,37.798507690429688
9437681,2022,2022-05-26,0109,2022-04-08,1817,9294,1,5,5,7,0109,0,0,0,,0,02X,"7TH ST","FRONTAGE RD",0.00,,Y,A,-,N,,,,,,,,,,Y,4,0,1,1,A,-,08,22107,,N,F,I,A,A,H,-,A,A,0,,,,Y,Y,,F,27,0,0,1,0,0,0,0,0,0,"- ","- ",,,ALAMEDA,OAKLAND,-122.30405426025391,37.807819366455078
9437707,2022,2022-05-24,0109,2022-04-10,0450,9851,2,7,5,7,0109,0,0,0,,0,26X,"COLISEUM WY","50TH AV",250.00,E,N,A,-,N,,,,,,,,,,Y,3,0,3,3,A,-,08,22107,,N,B,E,A,A,H,-,C,A,0,,,,,Y,,A,01,0,1,2,0,0,0,0,0,0,"- ","- ",,,ALAMEDA,OAKLAND,-122.21379089355469,37.763599395751953
9437916,2022,2022-05-17,0109,2022-04-11,2140,9969,1,1,5,7,0109,0,0,0,,0,05X,"W GRAND AV","SAN PABLO AV",0.00,,Y,A,-,N,,,,,,,,,,N,3,0,2,2,A,-,12,21453,A,N,D,C,A,A,H,-,C,A,0,,,,,Y,,A,01,0,1,1,0,0,0,0,0,0,"- ","- ",,,ALAMEDA,OAKLAND,-122.2740478515625,37.812816619873047
9437917,2022,2022-05-24,0109,2022-04-17,1840,9874,2,7,5,7,0109,0,0,0,,0,23X,"FOOTHILL BL","25TH AV",0.00,,Y,A,-,N,,,,,,,,,,Y,3,0,2,7,A,-,08,22107,,N,A,C,A,A,H,-,C,D,0,,,Y,,Y,Y,A,01,0,1,1,0,0,0,0,0,0,"- ","- ",,,ALAMEDA,OAKLAND,-122.23065948486328,37.784683227539062
9437923,2022,2022-05-19,0109,2022-04-17,1439,9565,1,7,5,7,0109,0,0,0,,0,18X,"14TH AV","E 21ST ST",0.00,,Y,A,-,N,,,,,,,,,,Y,4,0,1,2,A,-,09,21801,A,M,D,C,A,A,H,-,A,A,0,,,,,Y,,D,22,0,0,1,0,0,0,0,0,0,"- ","- ",,,ALAMEDA,OAKLAND,-122.24006652832031,37.793880462646484
9437931,2022,2022-05-19,0109,2022-04-13,1444,9350,2,3,5,7,0109,0,0,0,,0,33X,"81ST AV","SAN LEANDRO ST",1320.00,N,N,A,-,N,,,,,,,,,,N,4,0,1,2,A,-,08,22107,,N,B,E,A,A,H,-,A,D,0,,,,Y,Y,,F,27,0,0,1,0,0,0,0,0,0,"- ","- ",,,ALAMEDA,OAKLAND,-122.18846893310547,37.751655578613281
9438005,2022,2022-05-19,0109,2022-04-29,1258,9914,2,5,5,7,0109,0,0,0,,0,31X,"98TH AV","EDES AV",0.00,,Y,A,-,N,,,,,,,,,,N,4,0,2,2,A,-,12,21453,A,M,D,C,A,A,H,-,A,A,0,,,,,Y,,A,01,0,0,2,0,0,0,0,0,0,"- ","- ",,,ALAMEDA,OAKLAND,-122.18331146240234,37.736431121826172
9438009,2022,2022-05-17,0109,2022-04-15,0857,8824,2,5,5,7,0109,0,0,0,,0,30Y,"80TH AV","HILLSIDE ST",0.00,,Y,A,-,N,,,,,,,,,,N,4,0,1,2,A,-,09,21802,A,N,D,C,A,A,H,-,A,D,0,,,,,Y,,A,01,0,0,1,0,0,0,0,0,0,"- ","- ",,,ALAMEDA,OAKLAND,-122.16864776611328,37.762767791748047
9438955,2022,2022-05-17,0109,2022-02-11,0950,9501,1,5,5,7,0109,0,0,0,,0,13X,BROADWAY,"KEITH AV",0.00,,Y,A,-,N,,,,,,,,,,Y,4,0,1,2,A,-,12,21453,A,N,A,C,A,A,H,-,A,A,0,,,,,Y,,D,22,0,0,1,0,0,0,0,0,0,"- ","- ",,,ALAMEDA,OAKLAND,-122.24466705322266,37.846881866455078
9439237,2022,2022-05-31,0109,2022-05-02,0925,8557,1,1,5,7,0109,0,0,0,,0,01X,"5TH ST","MARTIN LUTHER KING JR WY",0.00,,Y,A,-,N,,,,,,,,,,N,4,0,2,2,A,-,12,21453,A,N,A,C,A,A,A,-,A,A,0,,,,,Y,,A,08,0,0,2,0,0,0,0,0,0,"- ","- ",,,ALAMEDA,OAKLAND,-122.27980804443359,37.800018310546875
9441178,2022,2022-05-17,0109,2022-03-10,0842,9224,2,4,5,7,0109,0,0,0,,0,23X,"SAN LEANDRO ST","37TH AV",0.00,,Y,A,-,N,,,,,,,,,,N,4,0,1,2,A,-,09,21801,A,N,A,C,A,A,H,-,A,A,0,,,,,Y,,A,01,0,0,1,0,0,0,0,0,0,"- ","- ",,,ALAMEDA,OAKLAND,-122.22242736816406,37.773151397705078
9441179,2022,2022-05-17,0109,2022-03-18,2037,9350,2,5,5,7,0109,0,0,0,,0,33X,"81ST AV","INTERNATIONAL BL",0.00,,Y,A,-,N,,,,,,,,,,Y,4,0,1,2,A,-,12,21453,A,N,D,C,A,A,H,-,C,A,0,,,,,Y,,A,01,0,0,1,0,0,0,0,0,0,"- ","- ",,,ALAMEDA,OAKLAND,-122.18064880371094,37.756114959716797
9441309,2022,2022-05-19,0109,2022-04-22,1350,8483,2,5,5,7,0109,0,0,0,,0,31X,"HEGENBERGER RD","COLLINS DR",0.00,,Y,-,-,N,,,,,,,,,,N,4,0,1,2,A,-,09,21801,A,F,-,C,A,-,H,-,-,-,0,,,,,Y,,A,07,0,0,1,0,0,0,0,0,0,"- ","- ",,,ALAMEDA,OAKLAND,-122.19618225097656,37.745513916015625
9441311,2022,2022-05-19,0109,2022-04-09,0855,9350,2,6,5,7,0109,0,0,0,,0,31X,"HEGENBERGER RD","EDES AV",0.00,,Y,A,-,N,,,,,,,,,,Y,4,0,1,2,A,-,12,21453,A,N,D,C,A,A,H,-,A,A,0,,,,,Y,,-,"- ",0,0,1,0,0,0,0,0,0,"- ","- ",,,ALAMEDA,OAKLAND,-122.19596099853516,37.744739532470703
9441497,2022,2022-05-19,0109,2022-04-22,1950,9173,1,5,5,7,0109,0,0,0,,0,10Y,"MARKET ST","55TH ST",0.00,,Y,A,-,N,,,,,,,,,,Y,4,0,2,3,A,-,12,21453,A,N,D,C,A,A,H,-,B,A,0,,,,,Y,,A,01,0,0,2,0,0,0,0,0,0,"- ","- ",,,ALAMEDA,OAKLAND,-122.27390289306641,37.839248657226562
9441498,2022,2022-05-19,0109,2022-04-13,1222,9224,2,3,5,7,0109,0,0,0,,0,30Y,"73RD AV","GARFIELD AV",0.00,,Y,A,-,N,,,,,,,,,,Y,3,0,2,2,D,-,00,,,N,C,C,A,A,H,-,A,A,0,,,,,Y,,-,"- ",0,1,1,0,0,0,0,0,0,"- ","- ",,,ALAMEDA,OAKLAND,-122.17566680908203,37.766944885253906
9441765,2022,2022-05-13,0109,2022-03-27,2145,9893,2,7,5,7,0109,0,0,0,,0,30X,"73RD AV","ARTHUR ST",0.00,,Y,C,-,N,,,,,,,,,,N,4,0,2,2,A,-,12,21457,A,N,D,C,A,B,H,-,C,A,0,,,,,Y,,A,01,0,0,2,0,0,0,0,0,0,"- ","- ",,,ALAMEDA,OAKLAND,-122.18038177490234,37.763694763183594
9441801,2022,2022-05-10,0109,2022-03-26,2500,9811,2,6,5,7,0109,0,0,0,,0,33X,"A ST","98TH AV",75.00,W,N,A,-,N,,,,,,,,,,N,4,0,1,2,A,-,03,22350,,M,G,B,E,A,H,-,C,D,0,Y,,,,Y,,A,01,0,0,1,0,1,0,0,0,0,"- ","- ",,,ALAMEDA,OAKLAND,-122.17298889160156,37.743198394775391
9441809,2022,2022-05-10,0109,2022-03-12,0006,9350,2,6,5,7,0109,0,0,0,,0,34X,"BANCROFT AV","88TH AV",0.00,,Y,A,-,N,,,,,,,,,,Y,4,0,1,2,A,-,09,21802,A,N,D,C,A,A,H,-,C,D,0,,,,,Y,,A,01,0,0,1,0,0,0,0,0,0,"- ","- ",,,ALAMEDA,OAKLAND,-122.16688537597656,37.754989624023438
9441811,2022,2022-05-11,0109,2022-03-07,0739,9867,2,1,5,7,0109,0,0,0,,0,21Y,"FRUITVALE AV","HAROLD ST",0.00,,Y,A,-,N,,,,,,,,,,N,4,0,1,3,A,-,12,21453,A,N,D,C,A,A,H,-,A,A,0,,,,,Y,Y,A,01,0,0,1,0,0,0,0,0,0,"- ","- ",,,ALAMEDA,OAKLAND,-122.21713256835938,37.797931671142578
9441812,2022,2022-05-10,0109,2022-03-08,1433,9614,1,2,5,7,0109,0,0,0,,0,03X,"HARRISON ST","11TH ST",0.00,,Y,A,-,N,,,,,,,,,,N,4,0,1,2,A,-,09,21801,A,N,A,G,A,A,H,-,A,A,0,,Y,,,Y,,A,01,0,0,1,0,0,0,1,0,0,"- ","- ",,,ALAMEDA,OAKLAND,-122.26889038085938,37.800846099853516
9441814,2022,2022-05-11,0109,2022-03-04,1701,9831,2,5,5,7,0109,0,0,0,,0,32X,"100TH AV","WALNUT ST",0.00,,Y,A,-,N,,,,,,,,,,N,4,0,2,2,A,-,12,22450,A,N,F,C,A,A,H,-,A,D,0,,,,,Y,,A,01,0,0,2,0,0,0,0,0,0,"- ","- ",,,ALAMEDA,OAKLAND,-122.16693878173828,37.743362426757812
9441839,2022,2022-05-11,0109,2022-03-26,1749,9881,1,6,5,7,0109,0,0,0,,0,10X,"STANFORD AV","LOS ANGELES ST",0.00,,Y,A,-,N,,,,,,,,,,N,3,0,1,2,A,-,09,21801,A,N,C,C,A,-,H,-,A,A,0,,,Y,,Y,,C,02,0,1,0,0,0,0,0,0,1,"- ","- ",,,ALAMEDA,OAKLAND,-122.27883911132812,37.842605590820312
9441840,2022,2022-05-11,0109,2022-03-27,1419,9738,1,7,5,7,0109,0,0,0,,0,03X,"MADISON ST","7TH ST",0.00,,Y,A,-,N,,,,,,,,,,N,4,0,1,2,A,-,12,21457,A,N,D,C,A,A,H,-,A,B,0,,,,,Y,,A,01,0,0,1,0,0,0,0,0,0,"- ","- ",,,ALAMEDA,OAKLAND,-122.26705169677734,37.796707153320312
9441937,2022,2022-05-12,0109,2022-01-25,0825,9222,1,2,5,7,0109,0,0,0,,0,14X,"PERKINS ST","GRAND AV",0.00,,Y,A,-,N,,,,,,,,,,N,4,0,1,2,A,-,12,21453,A,F,G,B,B,A,H,-,C,A,0,Y,,,,Y,,A,01,0,0,1,0,1,0,0,0,0,"- ","- ",,,ALAMEDA,OAKLAND,-122.25611877441406,37.808944702148438
9441938,2022,2022-05-12,0109,2022-01-12,1524,8815,1,3,5,7,0109,0,0,0,,0,19X,"9TH AV","EAST 11TH",0.00,,Y,A,-,N,,,,,,,,,,N,4,0,1,4,A,-,03,22350,,N,C,C,A,A,H,-,A,B,0,,,,,Y,,A,01,0,0,1,0,0,0,0,0,0,"- ","- ",,,ALAMEDA,OAKLAND,-122.25241851806641,37.79144287109375
9442410,2022,2022-04-29,0109,2022-03-27,0732,9349,1,7,5,7,0109,0,0,0,,0,17X,"12TH AV","E 28TH ST",100.00,S,N,A,-,N,,,,,,,,,,N,3,0,1,1,A,-,08,22107,,N,A,I,A,A,H,-,A,A,0,,,,,Y,,A,01,0,1,0,0,0,0,0,0,0,"- ","- ",,,ALAMEDA,OAKLAND,-122.23628997802734,37.799243927001953
9442470,2022,2022-05-02,0109,2022-02-10,0009,9940,2,4,5,7,0109,0,0,0,,0,33X,"85TH AV","SAN LEANDRO ST",0.00,,Y,A,-,N,,,,,,,,,,Y,2,0,1,3,A,-,12,21453,A,F,H,C,A,A,H,-,C,A,0,,,,,Y,,A,01,1,0,0,0,0,0,0,0,0,"- ","- ",,,ALAMEDA,OAKLAND,-122.18907928466797,37.746997833251953
9442471,2022,2022-05-02,0109,2022-02-17,1110,8611,2,4,5,7,0109,0,0,0,,0,26X,"HEGENBERGER RD","HAMILTON ST",0.00,,Y,A,-,N,,,,,,,,,,Y,4,0,1,2,A,-,08,22100,B,N,D,C,A,A,H,-,A,A,0,,,,,Y,,A,01,0,0,1,0,0,0,0,0,0,"- ","- ",,,ALAMEDA,OAKLAND,-122.19038391113281,37.756450653076172
9442754,2022,2022-05-18,0109,2022-03-19,0522,9903,1,6,5,7,0109,0,0,0,,0,03X,"8TH ST","WEBSTER ST",12.00,S,N,A,-,N,,,,,,,,,,N,3,0,1,2,A,-,17,21657,,N,B,C,A,A,H,-,C,A,0,,,,,Y,,A,01,0,1,0,0,0,0,0,0,0,"- ","- ",,,ALAMEDA,OAKLAND,-122.27131652832031,37.799236297607422
9444189,2022,2022-05-31,0109,2022-02-09,1350,9963,2,3,5,7,0109,0,0,0,,0,31X,"98TH AV","BANCROFT AV",0.00,,Y,A,-,N,,,,,,,,,,Y,4,0,2,2,A,-,12,21453,A,N,B,C,A,A,H,-,A,A,0,,,Y,,Y,,-,"- ",0,0,2,0,0,0,0,0,2,"- ","- ",,,ALAMEDA,OAKLAND,-122.1619873046875,37.748420715332031
9444191,2022,2022-05-17,0109,2022-02-13,2044,9675,1,7,5,7,0109,0,0,0,,0,14X,"GRAND AV","EUCLID AV",6.00,W,N,A,-,N,,,,,,,,,,Y,3,0,1,1,A,-,08,22107,,N,E,I,A,A,H,-,C,A,0,,,,,Y,,A,01,0,1,0,0,0,0,0,0,0,"- ","- ",,,ALAMEDA,OAKLAND,-122.251708984375,37.808570861816406
9444196,2022,2022-05-17,0109,2022-02-07,0748,9921,1,1,5,7,0109,0,0,0,,0,19X,"E 12TH ST","16TH AV",0.00,,Y,A,-,N,,,,,,,,,,N,4,0,1,2,A,-,12,21453,A,M,D,C,A,A,H,-,A,A,0,,,,,Y,,A,01,0,0,1,0,0,0,0,0,0,"- ","- ",,,ALAMEDA,OAKLAND,-122.24494171142578,37.787506103515625
9444717,2022,2022-05-31,0109,2022-03-19,1732,9821,1,6,5,7,0109,0,0,0,,0,06X,"27TH ST","MARTIN LUTHER KING JR WY",243.00,W,N,A,-,N,,,,,,,,,,N,4,0,3,2,A,-,03,22350,,N,C,E,A,A,H,-,A,D,0,,,,,Y,,D,22,0,0,3,0,0,0,0,0,0,"- ","- ",,,ALAMEDA,OAKLAND,-122.27245330810547,37.817146301269531
9444823,2022,2022-05-31,0109,2022-04-29,1523,9689,1,5,5,7,0109,0,0,0,,0,13X,"PROCTOR AV","ALTA RD",50.00,E,N,A,-,N,,,,,,,,,,N,3,0,1,2,A,-,09,21801,A,N,B,G,A,A,H,-,A,B,0,,Y,,,Y,,A,01,0,1,0,0,0,0,1,0,0,"- ","- ",,,ALAMEDA,OAKLAND,-122.22797393798828,37.841449737548828
9444825,2022,2022-05-31,0109,2022-04-25,2144,9933,2,1,5,7,0109,0,0,0,,0,30X,"BANCROFT AV","73RD AV",600.00,W,N,A,-,N,,,,,,,,,,N,4,0,1,2,A,-,09,21804,A,M,B,C,A,A,H,-,C,D,0,,,,,Y,,A,01,0,0,1,0,0,0,0,0,0,"- ","- ",,,ALAMEDA,OAKLAND,-122.17857360839844,37.767059326171875
9444827,2022,2022-05-31,0109,2022-04-26,1530,9821,1,2,5,7,0109,0,0,0,,0,05X,"17TH ST","CAMPBELL ST",0.00,,Y,A,-,N,,,,,,,,,,N,4,0,1,2,A,-,12,22450,A,N,D,C,A,A,H,-,A,A,0,,,,,Y,,A,01,0,0,1,0,0,0,0,0,0,"- ","- ",,,ALAMEDA,OAKLAND,-122.29364013671875,37.814029693603516
9444891,2022,2022-05-31,0109,2022-03-31,1901,9929,1,4,5,7,0109,0,0,0,,0,04X,"16TH ST","JEFFERSON ST",0.00,,Y,A,-,N,,,,,,,,,,Y,4,0,2,2,A,-,12,21453,A,N,D,C,A,A,H,-,B,A,0,,,,,Y,,-,"- ",0,0,2,0,0,0,0,0,0,"- ","- ",,,ALAMEDA,OAKLAND,-122.27394866943359,37.807075500488281
9444894,2022,2022-06-27,0109,2022-03-25,1925,9929,1,5,5,7,0109,0,0,0,,0,02X,"10TH ST","ADELINE ST",0.00,,Y,A,-,N,,,,,,,,,,N,3,0,1,4,A,-,12,21453,A,N,D,C,A,A,H,-,C,A,0,,,,,Y,,-,"- ",0,1,0,0,0,0,0,0,0,"- ","- ",,,ALAMEDA,OAKLAND,-122.28719329833984,37.806625366210938
9444896,2022,2022-05-26,0109,2022-03-19,0838,9510,2,6,5,7,0109,0,0,0,,0,24X,"BARTLETT ST","PENNIMAN AV",0.00,,Y,C,-,N,,,,,,,,,,N,4,0,1,2,A,-,09,21802,A,N,D,C,A,B,H,-,A,D,0,,,,,Y,,A,01,0,0,1,0,0,0,0,0,0,"- ","- ",,,ALAMEDA,OAKLAND,-122.20806884765625,37.790386199951172
9444914,2022,2022-06-17,0109,2022-05-03,0735,8681,2,2,5,7,0109,0,0,0,,0,32X,"102ND AV","PLYMOUTH ST",0.00,,Y,A,-,N,,,,,,,,,,N,4,0,1,2,A,-,12,22450,A,M,D,C,A,A,H,-,A,A,0,,,,,Y,,A,01,0,0,1,0,0,0,0,0,0,"- ","- ",,,ALAMEDA,OAKLAND,-122.16506958007812,37.742336273193359