CASE_ID,ACCIDENT_YEAR,PROC_DATE,JURIS,COLLISION_DATE,COLLISION_TIME,OFFICER_ID,REPORTING_DISTRICT,DAY_OF_WEEK,CHP_SHIFT,POPULATION,CNTY_CITY_LOC,SPECIAL_COND,BEAT_TYPE,CHP_BEAT_TYPE,CITY_DIVISION_LAPD,CHP_BEAT_CLASS,BEAT_NUMBER,PRIMARY_RD,SECONDARY_RD,DISTANCE,DIRECTION,INTERSECTION,WEATHER_1,WEATHER_2,STATE_HWY_IND,CALTRANS_COUNTY,CALTRANS_DISTRICT,STATE_ROUTE,ROUTE_SUFFIX,POSTMILE_PREFIX,POSTMILE,LOCATION_TYPE,RAMP_INTERSECTION,SIDE_OF_HWY,TOW_AWAY,COLLISION_SEVERITY,NUMBER_KILLED,NUMBER_INJURED,PARTY_COUNT,PRIMARY_COLL_FACTOR,PCF_CODE_OF_VIOL,PCF_VIOL_CATEGORY,PCF_VIOLATION,PCF_VIOL_SUBSECTION,HIT_AND_RUN,TYPE_OF_COLLISION,MVIW,PED_ACTION,ROAD_SURFACE,ROAD_COND_1,ROAD_COND_2,LIGHTING,CONTROL_DEVICE,CHP_ROAD_TYPE,PEDESTRIAN_ACCIDENT,BICYCLE_ACCIDENT,MOTORCYCLE_ACCIDENT,TRUCK_ACCIDENT,NOT_PRIVATE_PROPERTY,ALCOHOL_INVOLVED,STWD_VEHTYPE_AT_FAULT,CHP_VEHTYPE_AT_FAULT,COUNT_SEVERE_INJ,COUNT_VISIBLE_INJ,COUNT_COMPLAINT_PAIN,COUNT_PED_KILLED,COUNT_PED_INJURED,COUNT_BICYCLIST_KILLED,COUNT_BICYCLIST_INJURED,COUNT_MC_KILLED,COUNT_MC_INJURED,PRIMARY_RAMP,SECONDARY_RAMP,LATITUDE,LONGITUDE,COUNTY,CITY,POINT_X,POINT_Y
9446217,2022,2022-05-27,0109,2022-02-02,0900,9562,1,3,5,7,0109,0,0,0,,0,05X,"GRAND AV","ADELINE ST",0.00,,Y,A,-,N,,,,,,,,,,N,3,0,2,2,A,-,12,21453,A,N,B,C,A,A,-,-,A,A,0,,,,,Y,,A,01,0,1,1,0,0,0,0,0,0,"- ","- ",,,ALAMEDA,OAKLAND,-122.28397369384766,37.815505981445312
9446221,2022,2022-05-27,0109,2022-02-26,0808,9951,2,6,5,7,0109,0,0,0,,0,29X,"73RD AV","INTERNATIONAL BL",5.00,N,N,A,-,N,,,,,,,,,,Y,3,0,2,2,A,-,03,22350,,N,C,C,A,A,H,-,A,A,0,,,,,Y,,A,01,0,1,1,0,0,0,0,0,0,"- ","- ",,,ALAMEDA,OAKLAND,-122.18707275390625,37.759220123291016
9446225,2022,2022-06-01,0109,2022-02-17,0955,9501,1,4,5,7,0109,0,0,0,,0,19X,"KENNEDY ST","E 7TH ST",0.00,,Y,A,-,N,,,,,,,,,,Y,4,0,1,2,A,-,09,21801,A,N,A,C,A,A,H,-,A,A,0,,,,,Y,,A,01,0,0,1,0,0,0,0,0,0,"- ","- ",,,ALAMEDA,OAKLAND,-122.23741149902344,37.775447845458984
9446231,2022,2022-06-01,0109,2022-01-08,1828,9363,2,6,5,7,0109,0,0,0,,0,28X,"HIGH ST","CULVER ST",0.00,,Y,A,-,N,,,,,,,,,,N,4,0,1,2,A,-,10,21950,A,M,G,B,B,A,H,-,C,D,0,Y,,,,Y,,A,01,0,0,1,0,1,0,0,0,0,"- ","- ",,,ALAMEDA,OAKLAND,-122.19931793212891,37.785022735595703
9446232,2022,2022-06-01,0109,2022-01-07,0652,9400,2,5,5,7,0109,0,0,0,,0,26X,"SPENCE ST","75TH AV",0.00,,Y,B,-,N,,,,,,,,,,N,4,0,1,1,A,-,21,22106,,N,E,I,A,A,H,-,A,D,0,,,,,Y,,A,01,0,0,1,0,0,0,0,0,0,"- ","- ",,,ALAMEDA,OAKLAND,-122.19148254394531,37.754695892333984
9446256,2022,2022-06-06,0109,2022-01-12,2320,9804,2,3,5,7,0109,0,0,0,,0,34X,"INTERNATIONAL BL","86TH AV",100.00,W,N,A,-,N,,,,,,,,,,Y,4,0,1,2,A,-,08,22107,,M,C,E,A,A,H,-,C,D,0,,,,,Y,,D,23,0,0,1,0,0,0,0,0,0,"- ","- ",,,ALAMEDA,OAKLAND,-122.17681884765625,37.752788543701172
9446260,2022,2022-06-06,0109,2022-01-23,1400,9678,2,7,5,7,0109,0,0,0,,0,34X,"INTERNATIONAL BL","85TH AV",0.00,,Y,A,-,N,,,,,,,,,,Y,4,0,1,2,A,-,03,22350,,M,D,C,A,A,H,-,A,A,0,,,,,Y,,D,22,0,0,1,0,0,0,0,0,0,"- ","- ",,,ALAMEDA,OAKLAND,-122.17720031738281,37.753299713134766
9446272,2022,2022-06-06,0109,2022-01-03,0215,9833,2,1,5,7,0109,0,0,0,,0,32X,"FRAZIER AV","SHAW ST",0.00,,Y,A,-,N,,,,,,,,,,N,4,0,1,2,A,-,08,22107,,M,D,C,A,A,-,-,C,D,0,,,,Y,Y,Y,F,26,0,0,1,0,0,0,0,0,0,"- ","- ",,,ALAMEDA,OAKLAND,-122.15222930908203,37.745857238769531
9447842,2022,2022-09-16,0109,2022-08-01,1155,8198,1,1,5,7,0109,0,0,0,,0,11X,"SHATTUCK AV","62ND ST",156.00,S,N,B,-,N,,,,,,,,,,N,4,0,1,2,A,-,10,21952,,N,G,B,F,A,H,-,A,A,0,Y,,,,Y,,-,,0,0,1,0,1,0,0,0,0,"- ","- ",,,ALAMEDA,OAKLAND,-122.26547241210938,37.84759521484375
9447845,2022,2022-09-16,0109,2022-08-01,2136,9814,2,1,5,7,0109,0,0,0,,0,31Z,"105TH AV","SAN LEANDRO ST",0.00,,Y,A,-,N,,,,,,,,,,N,4,0,1,2,A,-,12,22450,A,M,B,C,A,A,H,-,C,D,0,,,,,Y,,A,07,0,0,1,0,0,0,0,0,0,"- ","- ",,,ALAMEDA,OAKLAND,-122.17514801025391,37.735309600830078
9447861,2022,2022-09-16,0109,2022-08-20,0846,8077,1,6,5,7,0109,0,0,0,,0,03X,"FRANKLIN ST","8TH ST",25.00,N,N,A,-,N,,,,,,,,,,N,3,0,1,2,D,-,00,,,N,B,B,D,A,G,-,A,A,0,Y,,,,Y,,-,"- ",0,1,0,0,1,0,0,0,0,"- ","- ",,,ALAMEDA,OAKLAND,-122.27248382568359,37.799770355224609
9447869,2022,2022-10-04,0109,2022-08-13,1704,9912,1,6,5,7,0109,0,0,0,,0,03X,"JACKSON ST","6TH ST",0.00,,Y,A,-,N,,,,,,,,,,N,3,0,2,2,A,-,12,21453,A,N,D,C,A,A,H,-,A,A,0,,,,,Y,,-,"- ",0,2,0,0,0,0,0,0,0,"- ","- ",,,ALAMEDA,OAKLAND,-122.26872253417969,37.796417236328125
9447871,2022,2022-09-15,0109,2022-08-11,1105,9501,1,4,5,7,0109,0,0,0,,0,17X,"PARK BL","E 33RD ST",40.00,S,N,A,-,N,,,,,,,,,,N,4,0,1,2,A,-,03,22350,,N,A,C,A,A,H,-,A,A,0,,,,,Y,,A,01,0,0,1,0,0,0,0,0,0,"- ","- ",,,ALAMEDA,OAKLAND,-122.23542022705078,37.803276062011719
9447879,2022,2022-09-15,0109,2022-08-01,0730,9854,1,1,5,7,0109,0,0,0,,0,03X,"7TH ST","OAK ST",30.00,S,N,A,-,N,,,,,,,,,,N,4,0,1,2,A,-,12,21453,A,N,D,C,A,A,H,-,A,A,0,,,,,Y,,A,01,0,0,1,0,0,0,0,0,0,"- ","- ",,,ALAMEDA,OAKLAND,-122.26580047607422,37.79620361328125
9449015,2022,2022-06-15,0109,2022-01-05,1250,9910,2,3,5,7,0109,0,0,0,,0,25X,"REDWOOD RD","MONTEREY BL",0.00,,Y,A,-,N,,,,,,,,,,N,4,0,1,2,A,-,12,21453,A,N,F,C,A,A,H,-,A,A,0,,,,,Y,,A,01,0,0,1,0,0,0,0,0,0,"- ","- ",,,ALAMEDA,OAKLAND,-122.18997192382812,37.798912048339844
9449694,2022,2022-06-07,0109,2022-02-18,2000,9372,1,5,5,7,0109,0,0,0,,0,04X,TELEGRAPH,"21ST ST",0.00,,Y,A,-,N,,,,,,,,,,N,4,0,1,2,A,-,10,21950,A,M,G,B,B,A,H,-,C,A,0,Y,,,,Y,,A,07,0,0,1,0,1,0,0,0,0,"- ","- ",,,ALAMEDA,OAKLAND,-122.26937866210938,37.810321807861328
9449702,2022,2022-06-07,0109,2022-02-06,1101,9374,1,7,5,7,0109,0,0,0,,0,16X,"WOODRUFF AV","MIAMI CT",0.00,,Y,A,-,N,,,,,,,,,,N,4,0,1,2,A,-,08,22100,B,N,B,C,A,A,H,-,A,D,0,,,,,Y,,A,01,0,0,1,0,0,0,0,0,0,"- ","- ",,,ALAMEDA,OAKLAND,-122.22264862060547,37.801052093505859
9449709,2022,2022-06-03,0109,2022-03-02,1946,9167,2,3,5,7,0109,0,0,0,,0,24X,"HIGH ST","BROOKDALE AV",0.00,,Y,A,-,N,,,,,,,,,,N,3,0,2,2,A,-,09,21801,A,N,D,C,A,A,H,-,C,A,0,,,,,Y,,A,01,0,1,1,0,0,0,0,0,0,"- ","- ",,,ALAMEDA,OAKLAND,-122.20416259765625,37.782539367675781
9449711,2022,2022-06-03,0109,2022-03-13,1600,9963,1,7,5,7,0109,0,0,0,,0,18X,"E 19TH ST","21ST AV",0.00,,Y,A,-,N,,,,,,,,,,N,4,0,1,2,A,-,12,22450,A,M,D,C,A,A,H,-,A,D,0,,,,,Y,,A,01,0,0,1,0,0,0,0,0,0,"- ","- ",,,ALAMEDA,OAKLAND,-122.23575592041016,37.788532257080078
9449775,2022,2022-05-31,0109,2022-03-15,1538,9975,1,2,5,7,0109,0,0,0,,0,08X,BROADWAY,"41ST ST",0.00,,Y,A,-,N,,,,,,,,,,N,4,0,1,3,A,-,03,22350,,N,C,-,A,A,H,-,A,A,0,,,,,Y,,A,01,0,0,1,0,0,0,0,0,0,"- ","- ",,,ALAMEDA,OAKLAND,-122.25611114501953,37.828475952148438
9449839,2022,2022-06-03,0109,2022-02-21,0308,9691,1,1,5,7,0109,0,0,0,,0,19X,"E 12TH ST","14TH AV",200.00,W,N,A,-,N,,,,,,,,,,Y,3,0,1,1,A,-,08,22107,,N,B,I,A,A,H,-,C,D,0,,,,,Y,,A,01,0,1,0,0,0,0,0,0,0,"- ","- ",,,ALAMEDA,OAKLAND,-122.24765014648438,37.788700103759766
9449883,2022,2022-06-03,0109,2022-03-02,1643,9944,1,3,5,7,0109,0,0,0,,0,30X,"INTERNATIONAL BL","81ST AV",0.00,,Y,A,-,N,,,,,,,,,,N,4,0,1,2,A,-,12,21453,A,M,G,C,B,A,H,-,A,A,0,Y,,,,Y,,A,01,0,0,1,0,1,0,0,0,0,"- ","- ",,,ALAMEDA,OAKLAND,-122.18064880371094,37.756114959716797
9449885,2022,2022-06-03,0109,2022-03-08,2354,9644,1,2,5,7,0109,0,0,0,,0,07X,"7TH ST","FRANKLIN ST",0.00,,Y,A,-,N,,,,,,,,,,Y,4,0,2,2,A,-,01,23152,A,N,A,C,A,A,H,-,C,A,0,,,,,Y,Y,A,07,0,0,2,0,0,0,0,0,0,"- ","- ",,,ALAMEDA,OAKLAND,-122.27297973632812,37.799018859863281
9449887,2022,2022-06-03,0109,2022-03-30,0845,9400,2,3,5,7,0109,0,0,0,,0,31X,"EDES AV","ENTERPRISE WY",150.00,E,N,B,-,N,,,,,,,,,,N,4,0,2,2,A,-,05,21460,A,N,A,C,A,A,H,-,A,B,0,,,,,Y,,A,01,0,0,2,0,0,0,0,0,0,"- ","- ",,,ALAMEDA,OAKLAND,-122.1951904296875,37.744098663330078
9449890,2022,2022-06-27,0109,2022-03-17,2119,9921,2,4,5,7,0109,0,0,0,,0,26Y,"INTERNATIONAL BL","81ST AV",15.00,W,N,A,-,N,,,,,,,,,,N,3,0,1,2,A,-,05,21202,A,N,H,G,A,A,H,-,C,D,0,,Y,,,Y,Y,L,04,0,1,0,0,0,0,1,0,0,"- ","- ",,,ALAMEDA,OAKLAND,-122.18069458007812,37.756141662597656
9449902,2022,2022-06-07,0109,2022-04-15,1624,9940,2,5,5,7,0109,0,0,0,,0,22Y,"35TH AV","WILLIS CT",35.00,N,N,A,-,N,,,,,,,,,,N,3,0,1,2,A,-,08,22107,,N,B,G,A,A,H,-,A,D,0,,Y,,,Y,,-,,0,1,0,0,0,0,1,0,0,"- ","- ",,,ALAMEDA,OAKLAND,-122.19236755371094,37.798709869384766
9449903,2022,2022-06-07,0109,2022-04-17,0054,9517,2,7,5,7,0109,0,0,0,,0,26X,"OAKPORT ST","ZHONE WY",200.00,W,N,A,-,N,,,,,,,,,,N,2,0,1,1,A,-,03,22350,,N,F,J,A,A,H,-,D,D,0,,,,,Y,,A,01,1,0,0,0,0,0,0,0,0,"- ","- ",,,ALAMEDA,OAKLAND,-122.21074676513672,37.753387451171875
9449904,2022,2022-06-07,0109,2022-04-22,0401,9851,2,5,5,7,0109,0,0,0,,0,29X,"BRANN ST","64TH AV",50.00,E,N,B,-,N,,,,,,,,,,N,3,0,1,3,A,-,03,22350,,N,C,E,A,A,H,-,C,D,0,,,,,Y,,A,01,0,1,0,0,0,0,0,0,0,"- ","- ",,,ALAMEDA,OAKLAND,-122.18313598632812,37.771495819091797
9449907,2022,2022-06-07,0109,2022-04-01,0830,9192,1,5,5,7,0109,0,0,0,,0,18X,"14TH AV","E 21ST ST",0.00,,Y,A,-,N,,,,,,,,,,N,4,0,2,2,A,-,09,21801,A,N,A,C,A,A,H,-,A,A,0,,,,,Y,,A,01,0,0,2,0,0,0,0,0,0,"- ","- ",,,ALAMEDA,OAKLAND,-122.24006652832031,37.793880462646484
9449908,2022,2022-06-07,0109,2022-04-21,0729,9786,1,4,5,7,0109,0,0,0,,0,10Y,"MARTIN LUTHER KING JR WY","42ND ST",0.00,,Y,A,C,N,,,,,,,,,,N,4,0,2,3,A,-,09,21801,A,N,D,C,A,B,H,-,A,A,0,,,,,Y,,A,01,0,0,2,0,0,0,0,0,0,"- ","- ",,,ALAMEDA,OAKLAND,-122.26798248291016,37.831489562988281
9449941,2022,2022-06-06,0109,2022-04-17,1543,9919,2,7,5,7,0109,0,0,0,,0,26X,"73RD AV","SAN LEANDRO ST",0.00,,Y,A,-,N,,,,,,,,,,N,2,0,1,3,B,-,22,,,F,E,B,B,A,H,-,A,A,0,Y,,,,Y,,D,22,1,0,0,0,1,0,0,0,0,"- ","- ",,,ALAMEDA,OAKLAND,-122.19659423828125,37.753128051757812
9449953,2022,2022-06-13,0109,2022-03-24,1051,9142,2,4,5,7,0109,0,0,0,,0,23X,"35TH AV","E 15TH ST",100.00,N,N,A,-,N,,,,,,,,,,N,3,0,1,2,A,-,11,21950,B,N,G,B,D,A,H,-,A,D,0,Y,,,,Y,Y,N,60,0,1,0,0,1,0,0,0,0,"- ","- ",,,ALAMEDA,OAKLAND,-122.22199249267578,37.777606964111328
9450017,2022,2022-06-16,0109,2022-05-07,1729,9892,1,6,5,7,0109,0,0,0,,0,19X,"1ST AV","INTERNATIONAL BL",30.00,S,N,A,-,N,,,,,,,,,,Y,4,0,4,2,A,-,08,22107,,M,B,C,A,A,H,-,A,A,0,,,,,Y,,A,01,0,0,4,0,0,0,0,0,0,"- ","- ",,,ALAMEDA,OAKLAND,-122.25729370117188,37.798660278320312
9450025,2022,2022-06-06,0109,2022-04-29,1030,9501,1,5,5,7,0109,0,0,0,,0,11X,"MARTIN LUTHER KING JR WY","53RD ST",0.00,,Y,A,-,N,,,,,,,,,,N,4,0,2,2,A,-,12,21453,A,N,A,C,A,A,H,-,A,A,0,,,,,Y,,A,08,0,0,2,0,0,0,0,0,0,"- ","- ",,,ALAMEDA,OAKLAND,-122.26924133300781,37.838016510009766
9450245,2022,2022-06-18,0109,2022-03-22,2250,9963,1,2,5,7,0109,0,0,0,,0,19X,"9TH AV","INTERNATIONAL BL",0.00,,Y,A,-,N,,,,,,,,,,N,4,0,1,2,A,-,09,21802,A,N,D,C,A,A,H,-,C,A,0,,,,,Y,,A,01,0,0,1,0,0,0,0,0,0,"- ","- ",,,ALAMEDA,OAKLAND,-122.25047302246094,37.792774200439453
9450246,2022,2022-06-18,0109,2022-03-11,1622,9466,2,5,5,7,0109,0,0,0,,0,30X,"INTERNATIONAL BL","80TH AV",0.00,,Y,A,-,N,,,,,,,,,,N,4,0,2,5,A,-,09,21802,A,N,D,C,A,A,H,-,A,A,0,,,,,Y,,A,01,0,0,2,0,0,0,0,0,0,"- ","- ",,,ALAMEDA,OAKLAND,-122.18166351318359,37.756610870361328
9450417,2022,2022-06-03,0109,2022-04-28,1550,9576,1,4,5,7,0109,0,0,0,,0,02X,"8TH ST","FILBERT ST",186.00,E,N,A,-,N,,,,,,,,,,N,4,0,4,2,A,-,09,21801,A,N,A,C,A,-,H,-,A,A,0,,,,,Y,,A,01,0,0,4,0,0,0,0,0,0,"- ","- ",,,ALAMEDA,OAKLAND,-122.28404998779297,37.803977966308594
9450643,2022,2022-06-06,0109,2022-01-24,1500,9833,2,1,5,7,0109,0,0,0,,0,22X,"REDWOOD RD","VIA RIALTO",0.00,,Y,A,-,N,,,,,,,,,,N,3,0,1,1,A,-,08,22107,,N,A,I,A,A,H,-,A,D,0,,,,,Y,,A,01,0,1,0,0,0,0,0,0,0,"- ","- ",,,ALAMEDA,OAKLAND,-122.17353820800781,37.797245025634766
9450649,2022,2022-06-06,0109,2022-01-14,1025,9671,2,5,5,7,0109,0,0,0,,0,26Y,"66TH AV","INTERNATIONAL BL",0.00,,Y,A,-,N,,,,,,,,,,N,2,0,3,4,A,-,12,21453,A,N,D,C,A,A,H,-,A,A,0,,,,,Y,,A,01,1,2,0,0,0,0,0,0,0,"- ","- ",,,ALAMEDA,OAKLAND,-122.19374084472656,37.762371063232422
9450651,2022,2022-07-15,0109,2022-01-30,1527,9597,2,7,5,7,0109,0,0,0,,0,23X,"36TH AV","16TH ST",0.00,,Y,A,-,N,,,,,,,,,,N,4,0,1,2,A,-,12,22450,A,N,D,C,A,A,H,-,A,D,0,,,,,Y,,-,"- ",0,0,1,0,0,0,0,0,0,"- ","- ",,,ALAMEDA,OAKLAND,-122.22052001953125,37.778003692626953
9450653,2022,2022-06-06,0109,2022-01-27,2337,8425,1,4,5,7,0109,0,0,0,,0,06X,"32ND ST","WEST ST",0.00,,Y,A,-,N,,,,,,,,,,N,4,0,1,2,A,-,08,22107,,N,D,C,A,A,H,-,C,A,0,,,,,Y,Y,A,01,0,0,1,0,0,0,0,0,0,"- ","- ",,,ALAMEDA,OAKLAND,-122.2730712890625,37.821933746337891
9450672,2022,2022-06-07,0109,2022-03-30,0634,9958,2,3,5,7,0109,0,0,0,,0,26X,"HIGH ST","WATTLING ST",0.00,,Y,A,-,N,,,,,,,,,,N,2,0,2,3,A,-,10,21950,A,N,G,B,B,A,H,-,B,D,0,Y,,,,Y,,A,01,2,0,0,0,2,0,0,0,0,"- ","- ",,,ALAMEDA,OAKLAND,-122.21812438964844,37.769866943359375
9450677,2022,2022-06-27,0109,2022-03-31,0712,9909,1,4,5,7,0109,0,0,0,,0,19X,"E 7TH ST","KENNEDY ST",0.00,,Y,B,-,N,,,,,,,,,,Y,4,0,1,2,A,-,12,21453,A,N,D,C,A,A,H,-,A,A,0,,,,,Y,,-,"- ",0,0,1,0,0,0,0,0,0,"- ","- ",,,ALAMEDA,OAKLAND,-122.23741149902344,37.775447845458984
9451012,2022,2022-11-02,0109,2022-05-09,1426,9893,2,1,5,7,0109,0,0,0,,0,26X,"SPENCER ST","70TH AV",60.00,E,N,A,-,N,,,,,,,,,,N,4,0,2,4,A,-,03,22350,,N,B,C,A,A,H,-,A,D,0,,,,,Y,,A,01,0,0,2,0,0,0,0,0,0,"- ","- ",,,ALAMEDA,OAKLAND,-122.19402313232422,37.757183074951172
9451036,2022,2022-06-24,0109,2022-02-17,1425,8347,1,4,5,7,0109,0,0,0,,0,09X,"MACARTHUR BL","HARRISON ST",0.00,,Y,A,-,N,,,,,,,,,,Y,3,0,2,3,A,-,12,21453,A,N,D,C,A,-,H,-,A,A,0,,,,,Y,,A,07,0,1,1,0,0,0,0,0,0,"- ","- ",,,ALAMEDA,OAKLAND,-122.25412750244141,37.819854736328125
9451040,2022,2022-07-05,0109,2022-03-02,0355,8390,2,3,5,7,0109,0,0,0,,0,33X,"85TH AV","SAN LEANDRO ST",0.00,,Y,A,-,N,,,,,,,,,,N,4,0,1,2,A,-,12,21453,A,N,D,C,A,A,H,-,C,A,0,,,,,Y,,A,07,0,0,1,0,0,0,0,0,0,"- ","- ",,,ALAMEDA,OAKLAND,-122.18907928466797,37.746997833251953
9451053,2022,2022-06-24,0109,2022-02-25,0957,9510,2,5,5,7,0109,0,0,0,,0,26X,"INDEPENDENT RD","COLISEUM RD",300.00,S,N,A,-,N,,,,,,,,,,N,4,0,1,1,A,-,08,22107,,M,E,J,A,A,H,-,A,D,0,,,,,Y,,D,23,0,0,1,0,0,0,0,0,0,"- ","- ",,,ALAMEDA,OAKLAND,-122.20674896240234,37.756488800048828
9451057,2022,2022-06-27,0109,2022-02-28,1131,9914,2,1,5,7,0109,0,0,0,,0,33X,"85TH AV","B ST",200.00,N,N,A,-,N,,,,,,,,,,N,4,0,1,2,A,-,08,22107,,M,B,C,A,A,H,-,A,D,0,,,,,Y,,A,07,0,0,1,0,0,0,0,0,0,"- ","- ",,,ALAMEDA,OAKLAND,-122.17998504638672,37.752017974853516
9451168,2022,2022-06-21,0109,2022-01-15,2142,9622,2,6,5,7,0109,0,0,0,,0,34X,"90TH AV","SUNNYSIDE ST",50.00,N,N,A,-,N,,,,,,,,,,N,4,0,1,2,A,-,21,22106,,M,G,B,-,A,H,-,C,D,0,Y,,,,Y,,D,22,0,0,1,0,1,0,0,0,0,"- ","- ",,,ALAMEDA,OAKLAND,-122.16664123535156,37.753170013427734
9451356,2022,2022-06-24,0109,2022-05-16,1428,9958,1,1,5,7,0109,0,0,0,,0,14X,"GRAND AV","EL EMBARCADERO",0.00,,Y,A,-,N,,,,,,,,,,N,4,0,1,2,A,-,21,22106,,N,B,C,A,A,H,-,A,A,0,,,,,Y,,A,01,0,0,1,0,0,0,0,0,0,"- ","- ",,,ALAMEDA,OAKLAND,-122.24967193603516,37.809333801269531
9451358,2022,2022-06-23,0109,2022-05-18,1824,9173,1,3,5,7,0109,0,0,0,,0,13Y,"FLORENCE TER","CAPRICORN AV",50.00,S,N,A,-,N,,,,,,,,,,Y,4,0,1,1,A,-,03,22350,,N,E,I,A,A,A,-,B,D,0,,,,,Y,,A,01,0,0,1,0,0,0,0,0,0,"- ","- ",,,ALAMEDA,OAKLAND,-122.21592712402344,37.836116790771484
9451360,2022,2022-06-24,0109,2022-05-22,1656,8198,1,7,5,7,0109,0,0,0,,0,11X,"55TH ST","MARTIN LUTHER KING JR WY",309.00,E,N,A,-,N,,,,,,,,,,N,4,0,1,2,A,-,11,21950,B,N,G,B,D,A,H,-,A,A,0,Y,,,,Y,,N,60,0,0,1,0,1,0,0,0,0,"- ","- ",,,ALAMEDA,OAKLAND,-122.26877593994141,37.839908599853516
9451367,2022,2022-06-24,0109,2022-05-21,1920,9933,2,6,5,7,0109,0,0,0,,0,30X,"BANCROFT AV","77TH AV",20.00,E,N,A,-,N,,,,,,,,,,N,4,0,1,2,A,-,03,22350,,M,C,C,A,A,H,-,A,D,0,,,,,Y,,A,01,0,0,1,0,0,0,0,0,0,"- ","- ",,,ALAMEDA,OAKLAND,-122.17451477050781,37.763866424560547
9451370,2022,2022-09-26,0109,2022-05-06,2030,9658,2,5,5,7,0109,0,0,0,,0,22X,"FRUITVALE AV","MONTANA ST",0.00,,Y,A,-,N,,,,,,,,,,N,4,0,2,2,A,-,08,22107,,M,B,C,A,A,H,-,C,A,0,,,,,Y,,A,01,0,0,2,0,0,0,0,0,0,"- ","- ",,,ALAMEDA,OAKLAND,-122.21686553955078,37.798641204833984
9453298,2022,2022-06-24,0109,2022-02-10,0733,8606,1,4,5,7,0109,0,0,0,,0,04X,"FRANKLIN ST","17TH ST",150.00,S,N,A,-,N,,,,,,,,,,N,4,0,1,3,A,-,03,22350,,N,G,B,E,A,H,-,A,A,0,Y,,,Y,Y,,A,08,0,0,1,0,1,0,0,0,0,"- ","- ",,,ALAMEDA,OAKLAND,-122.26873016357422,37.805820465087891
9453306,2022,2022-07-01,0109,2022-04-15,1612,9582,2,5,5,7,0109,0,0,0,,0,26X,"SPENCER ST","72ND AV",36.00,E,N,A,-,N,,,,,,,,,,Y,3,0,3,2,A,-,08,22107,,N,A,C,A,A,H,-,A,D,0,,,,,Y,,A,01,0,1,2,0,0,0,0,0,0,"- ","- ",,,ALAMEDA,OAKLAND,-122.19298553466797,37.756191253662109
9453307,2022,2022-11-02,0109,2022-04-12,1530,9904,2,2,5,7,0109,0,0,0,,0,31X,"RUSSET ST","105TH AV",0.00,,Y,A,-,N,,,,,,,,,,N,4,0,2,3,A,-,10,21950,A,N,G,B,B,A,H,-,A,A,0,Y,,,,Y,,A,01,0,0,2,0,2,0,0,0,0,"- ","- ",,,ALAMEDA,OAKLAND,-122.17514801025391,37.735309600830078
9453497,2022,2022-06-22,0109,2022-04-29,2041,9750,1,5,5,7,0109,0,0,0,,0,18Y,"5TH AV","FOOTHILL BL",0.00,,Y,A,-,N,,,,,,,,,,N,4,0,1,4,A,-,05,21460,A,M,D,C,A,A,H,-,C,A,0,,,,,Y,,A,07,0,0,1,0,0,0,0,0,0,"- ","- ",,,ALAMEDA,OAKLAND,-122.25199890136719,37.797065734863281
9453619,2022,2022-06-21,0109,2022-05-03,1054,9052,1,2,5,7,0109,0,0,0,,0,08X,"TELEGRAPH AV","34TH ST",0.00,,Y,A,-,N,,,,,,,,,,N,4,0,1,3,A,-,12,21453,A,N,D,C,B,A,H,-,A,A,0,Y,,,,Y,,A,01,0,0,1,0,1,0,0,0,0,"- ","- ",,,ALAMEDA,OAKLAND,-122.26625061035156,37.822471618652344
9453836,2022,2022-09-12,0109,2022-01-16,0101,9879,2,7,5,7,0109,0,0,0,,0,30X,"77TH AV","BANCROFT AV",30.00,W,N,A,-,N,,,,,,,,,,Y,4,0,1,2,A,-,03,22350,,M,C,C,A,A,H,-,C,A,0,,,,,Y,,A,01,0,0,1,0,0,0,0,0,0,"- ","- ",,,ALAMEDA,OAKLAND,-122.17463684082031,37.76385498046875
9454570,2022,2022-07-06,0109,2022-04-21,1605,9909,2,4,5,7,0109,0,0,0,,0,34X,"INTERNATIONAL BL","82ND AV",92.00,W,N,A,-,N,,,,,,,,,,N,4,0,1,2,A,-,11,21954,A,N,G,B,D,A,H,-,A,A,0,Y,,,,Y,,N,60,0,0,1,0,1,0,0,0,0,"- ","- ",,,ALAMEDA,OAKLAND,-122.17980194091797,37.755691528320312
9454571,2022,2022-07-06,0109,2022-04-12,0858,9401,1,2,5,7,0109,0,0,0,,0,08X,"29TH ST",BROADWAY,0.00,,Y,A,-,N,,,,,,,,,,Y,4,0,1,2,A,-,12,21453,A,N,D,C,A,A,H,-,A,A,0,,,,,Y,,A,01,0,0,1,0,0,0,0,0,0,"- ","- ",,,ALAMEDA,OAKLAND,-122.26309204101562,37.817424774169922
9454573,2022,2022-07-06,0109,2022-04-24,1558,9904,2,7,5,7,0109,0,0,0,,0,31X,"EDES AV","98TH AV",0.00,,Y,A,-,N,,,,,,,,,,N,4,0,2,2,A,-,12,21453,A,N,B,C,A,A,H,-,A,A,0,,,,,Y,Y,A,01,0,0,2,0,0,0,0,0,0,"- ","- ",,,ALAMEDA,OAKLAND,-122.18331146240234,37.736431121826172