CASE_ID,ACCIDENT_YEAR,PROC_DATE,JURIS,COLLISION_DATE,COLLISION_TIME,OFFICER_ID,REPORTING_DISTRICT,DAY_OF_WEEK,CHP_SHIFT,POPULATION,CNTY_CITY_LOC,SPECIAL_COND,BEAT_TYPE,CHP_BEAT_TYPE,CITY_DIVISION_LAPD,CHP_BEAT_CLASS,BEAT_NUMBER,PRIMARY_RD,SECONDARY_RD,DISTANCE,DIRECTION,INTERSECTION,WEATHER_1,WEATHER_2,STATE_HWY_IND,CALTRANS_COUNTY,CALTRANS_DISTRICT,STATE_ROUTE,ROUTE_SUFFIX,POSTMILE_PREFIX,POSTMILE,LOCATION_TYPE,RAMP_INTERSECTION,SIDE_OF_HWY,TOW_AWAY,COLLISION_SEVERITY,NUMBER_KILLED,NUMBER_INJURED,PARTY_COUNT,PRIMARY_COLL_FACTOR,PCF_CODE_OF_VIOL,PCF_VIOL_CATEGORY,PCF_VIOLATION,PCF_VIOL_SUBSECTION,HIT_AND_RUN,TYPE_OF_COLLISION,MVIW,PED_ACTION,ROAD_SURFACE,ROAD_COND_1,ROAD_COND_2,LIGHTING,CONTROL_DEVICE,CHP_ROAD_TYPE,PEDESTRIAN_ACCIDENT,BICYCLE_ACCIDENT,MOTORCYCLE_ACCIDENT,TRUCK_ACCIDENT,NOT_PRIVATE_PROPERTY,ALCOHOL_INVOLVED,STWD_VEHTYPE_AT_FAULT,CHP_VEHTYPE_AT_FAULT,COUNT_SEVERE_INJ,COUNT_VISIBLE_INJ,COUNT_COMPLAINT_PAIN,COUNT_PED_KILLED,COUNT_PED_INJURED,COUNT_BICYCLIST_KILLED,COUNT_BICYCLIST_INJURED,COUNT_MC_KILLED,COUNT_MC_INJURED,PRIMARY_RAMP,SECONDARY_RAMP,LATITUDE,LONGITUDE,COUNTY,CITY,POINT_X,POINT_Y
9455074,2022,2022-06-30,0109,2022-05-19,0802,9224,2,4,5,7,0109,0,0,0,,0,23X,"INTERNATIONAL BL","34TH AV",0.00,,Y,A,-,N,,,,,,,,,,N,4,0,2,2,D,-,00,,,N,G,B,B,A,H,-,A,A,0,Y,,,,Y,,-,"- ",0,0,2,0,1,0,0,0,0,"- ","- ",,,ALAMEDA,OAKLAND,-122.22383117675781,37.776664733886719
9455078,2022,2022-06-30,0109,2022-06-08,0619,8257,1,3,5,7,0109,0,0,0,,0,15X,"LAKESHORE AV","FOOTHILL BL",15.00,N,N,A,-,N,,,,,,,,,,N,3,0,1,2,A,-,03,22350,,N,C,C,A,A,H,-,B,A,0,,,,,Y,,A,01,0,1,0,0,0,0,0,0,0,"- ","- ",,,ALAMEDA,OAKLAND,-122.25505828857422,37.800041198730469
9455458,2022,2022-07-12,0109,2022-05-31,1702,9516,1,2,5,7,0109,0,0,0,,0,07X,"WOOD ST","34TH ST",10.00,N,N,A,-,N,,,,,,,,,,N,3,0,2,2,A,-,08,22107,,N,D,E,A,A,-,-,A,B,0,,,,,Y,,A,01,0,2,0,0,0,0,0,0,0,"- ","- ",,,ALAMEDA,OAKLAND,-122.2906494140625,37.824596405029297
9455462,2022,2022-07-13,0109,2022-05-24,1133,8557,1,2,5,7,0109,0,0,0,,0,01X,"5TH ST",BROADWAY,36.00,N,N,A,-,N,,,,,,,,,,N,3,0,1,3,A,-,03,22350,,N,A,C,F,A,H,-,A,A,0,Y,,,,Y,,D,22,0,1,0,0,1,0,0,0,0,"- ","- ",,,ALAMEDA,OAKLAND,-122.27516174316406,37.798187255859375
9455474,2022,2022-07-13,0109,2022-05-24,0621,9903,2,2,5,7,0109,0,0,0,,0,23X,"INTERNATIONAL BL","FRUITVALE AV",0.00,,Y,A,-,N,,,,,,,,,,N,4,0,1,2,A,-,00,21655,1,N,B,C,A,A,H,-,A,A,0,,,,,Y,,A,01,0,0,1,0,0,0,0,0,0,"- ","- ",,,ALAMEDA,OAKLAND,-122.225830078125,37.777606964111328
9455478,2022,2022-07-12,0109,2022-04-11,1609,9727,1,1,5,7,0109,0,0,0,,0,10Y,"40TH ST","MARKET ST",0.00,,Y,A,-,N,,,,,,,,,,N,4,0,2,3,A,-,12,21453,A,M,D,C,A,A,H,-,A,A,0,,,,,Y,,D,22,0,0,2,0,0,0,0,0,0,"- ","- ",,,ALAMEDA,OAKLAND,-122.27392578125,37.830635070800781
9456864,2022,2022-06-24,0109,2022-02-14,0641,9381,2,1,5,7,0109,0,0,0,,0,27X,"FOOTHILL BL","48TH AV",5.00,E,N,A,-,N,,,,,,,,,,N,4,0,2,1,A,-,08,22107,,N,E,I,A,A,H,-,A,A,0,,,,,Y,,A,01,0,0,2,0,0,0,0,0,0,"- ","- ",,,ALAMEDA,OAKLAND,-122.20762634277344,37.772731781005859
9457643,2022,2022-07-05,0109,2022-03-01,2105,8198,1,2,5,7,0109,0,0,0,,0,12Y,"TELEGRAPH AV","57TH ST",0.00,,Y,A,-,N,,,,,,,,,,Y,4,0,3,2,A,-,09,21801,A,N,D,C,A,A,H,-,C,A,0,,,,,Y,,A,07,0,0,3,0,0,0,0,0,0,"- ","- ",,,ALAMEDA,OAKLAND,-122.26150512695312,37.843048095703125
9457685,2022,2022-06-09,0109,2022-01-06,1219,9874,1,4,5,7,0109,0,0,0,,0,09X,"WHITMORE ST","GILBERT ST",5.00,S,N,B,-,N,,,,,,,,,,N,4,0,3,2,A,-,08,22107,,N,B,E,A,A,H,-,A,D,0,,,,,Y,,A,01,0,0,3,0,0,0,0,0,0,"- ","- ",,,ALAMEDA,OAKLAND,-122.25086975097656,37.832931518554688
9457690,2022,2022-06-09,0109,2022-01-31,0140,9889,1,1,5,7,0109,0,0,0,,0,03X,"13TH ST","FRANKLIN ST",48.00,E,N,A,-,N,,,,,,,,,,N,4,0,1,2,A,-,08,22107,,F,B,G,A,A,H,-,C,A,0,,Y,,,Y,Y,A,01,0,0,1,0,0,0,1,0,0,"- ","- ",,,ALAMEDA,OAKLAND,-122.27024841308594,37.803081512451172
9457692,2022,2022-06-09,0109,2022-01-16,0434,9517,2,7,5,7,0109,0,0,0,,0,26X,"SAN LEANDRO ST","54TH AV",200.00,E,N,A,-,N,,,,,,,,,,Y,4,0,2,1,A,-,08,22107,,N,E,I,A,A,H,-,C,D,0,,,,,Y,,A,07,0,0,2,0,0,0,0,0,0,"- ","- ",,,ALAMEDA,OAKLAND,-122.20915222167969,37.763893127441406
9457697,2022,2022-06-08,0109,2022-01-17,1040,9349,1,1,5,7,0109,0,0,0,,0,17X,"22ND AV","INTERNATIONAL BL",0.00,,Y,A,-,N,,,,,,,,,,N,4,0,2,2,A,-,12,21453,A,N,C,A,A,A,A,-,A,D,0,,,,,Y,,-,"- ",0,0,2,0,0,0,0,0,0,"- ","- ",,,ALAMEDA,OAKLAND,-122.23787689208984,37.784591674804688
9457729,2022,2022-06-09,0109,2022-02-15,1536,9533,1,2,5,7,0109,0,0,0,,0,05X,"MARKET ST","21ST ST",0.00,,Y,A,-,N,,,,,,,,,,N,3,0,1,2,A,-,17,21209,A,M,C,G,A,A,H,-,A,D,0,,Y,,,Y,,A,01,0,1,0,0,0,0,1,0,0,"- ","- ",,,ALAMEDA,OAKLAND,-122.27913665771484,37.813129425048828
9457730,2022,2022-06-09,0109,2022-02-17,1617,9872,2,4,5,7,0109,0,0,0,,0,30Y,"BANCROFT AV","CHURCH ST",0.00,,Y,A,-,N,,,,,,,,,,N,3,0,1,3,A,-,12,21453,A,N,D,C,A,A,H,-,A,A,0,,,,,Y,,A,01,0,1,0,0,0,0,0,0,0,"- ","- ",,,ALAMEDA,OAKLAND,-122.17955780029297,37.768032073974609
9457734,2022,2022-07-19,0109,2022-02-05,1452,9821,1,6,5,7,0109,0,0,0,,0,02X,"12TH ST","BRUSH ST",0.00,,Y,A,-,N,,,,,,,,,,N,4,0,1,2,A,-,12,21453,A,N,D,C,A,A,H,-,A,A,0,,,,,Y,,A,01,0,0,1,0,0,0,0,0,0,"- ","- ",,,ALAMEDA,OAKLAND,-122.27947235107422,37.805877685546875
9458255,2022,2022-06-14,0109,2022-05-07,1859,8077,1,6,5,7,0109,0,0,0,,0,09X,"GILBERT ST","PLEASANT VALLEY AV",40.00,N,N,A,-,N,,,,,,,,,,N,4,0,1,1,A,-,08,22107,,N,E,I,A,A,H,-,A,A,0,,,,,Y,,A,01,0,0,1,0,0,0,0,0,0,"- ","- ",,,ALAMEDA,OAKLAND,-122.25051879882812,37.833641052246094
9458256,2022,2022-06-14,0109,2022-05-10,2210,8459,1,2,5,7,0109,0,0,0,,0,04X,TELEGRAPH,"16TH ST",140.00,N,N,A,-,N,,,,,,,,,,N,4,0,1,2,A,-,08,22107,,N,D,C,A,A,H,-,C,A,0,,,Y,,Y,,C,06,0,0,1,0,0,0,0,0,1,"- ","- ",,,ALAMEDA,OAKLAND,-122.27035522460938,37.806468963623047
9458411,2022,2022-06-14,0109,2022-05-12,1028,9501,1,4,5,7,0109,0,0,0,,0,11X,"SHATTUCK AV","55TH ST",0.00,,Y,B,-,N,,,,,,,,,,N,4,0,1,2,A,-,12,21453,A,N,A,C,A,A,H,-,A,A,0,,,,,Y,,A,01,0,0,1,0,0,0,0,0,0,"- ","- ",,,ALAMEDA,OAKLAND,-122.26451873779297,37.840427398681641
9459917,2022,2022-06-24,0109,2022-01-28,1555,9831,2,5,5,7,0109,0,0,0,,0,26X,"HIGH ST","SAN LEANDRO ST",0.00,,Y,A,-,N,,,,,,,,,,N,4,0,1,2,A,-,09,21801,A,N,D,C,A,A,H,-,A,A,0,,,,,Y,,A,01,0,0,1,0,0,0,0,0,0,"- ","- ",,,ALAMEDA,OAKLAND,-122.21713256835938,37.770622253417969
9460085,2022,2023-01-12,0109,2022-01-30,0337,9851,2,7,5,7,0109,0,0,0,,0,30X,"INTERNATIONAL BL","69TH AV",30.00,E,N,A,-,N,,,,,,,,,,N,4,0,1,2,A,-,03,22350,,M,D,C,A,A,H,-,C,A,0,,,,,Y,,A,01,0,0,1,0,0,0,0,0,0,"- ","- ",,,ALAMEDA,OAKLAND,-122.19020843505859,37.760688781738281
9460088,2022,2022-06-24,0109,2022-01-06,1724,9912,2,4,5,7,0109,0,0,0,,0,32X,"98TH AV","BIRCH ST",0.00,,Y,A,-,N,,,,,,,,,,N,4,0,1,2,A,-,08,22107,,M,D,C,A,A,H,-,C,A,0,,,,,Y,,A,01,0,0,1,0,0,0,0,0,0,"- ","- ",,,ALAMEDA,OAKLAND,-122.16508483886719,37.746917724609375
9460090,2022,2022-06-24,0109,2022-01-07,0855,9339,2,5,5,7,0109,0,0,0,,0,26X,"SAN LEANDRO ST","HEGENBERGER RD",0.00,,Y,C,-,N,,,,,,,,,,Y,4,0,1,2,A,-,12,21453,A,M,A,C,A,B,H,-,A,A,0,,,,,Y,,-,99,0,0,1,0,0,0,0,0,0,"- ","- ",,,ALAMEDA,OAKLAND,-122.19580078125,37.752532958984375
9462092,2022,2022-07-22,0109,2022-04-24,1945,9657,2,7,5,7,0109,0,0,0,,0,25X,"MOUNTAIN BL","REDWOOD RD",50.00,E,N,A,-,N,,,,,,,,,,N,4,0,2,2,C,-,18,,,N,A,C,A,A,H,-,A,D,0,,,,,Y,,-,"- ",0,0,2,0,0,0,0,0,0,"- ","- ",,,ALAMEDA,OAKLAND,-122.18463897705078,37.798381805419922
9462093,2022,2022-07-05,0109,2022-04-20,2022,8459,1,3,5,7,0109,0,0,0,,0,06X,"29TH ST","MARTIN LUTHER KING JR WY",0.00,,Y,C,-,N,,,,,,,,,,N,4,0,1,2,A,-,08,22107,,N,D,G,A,B,H,-,C,D,0,,Y,,,Y,,L,04,0,0,1,0,0,0,1,0,0,"- ","- ",,,ALAMEDA,OAKLAND,-122.27119445800781,37.818729400634766
9464234,2022,2023-04-07,0109,2022-08-17,1810,9644,1,3,5,7,0109,0,0,0,,0,02X,"POPLAR ST","14TH ST",0.00,,Y,A,-,N,,,,,,,,,,Y,1,1,0,2,A,-,09,21801,B,F,D,C,A,A,H,-,A,D,0,,,,,Y,,A,01,0,0,0,0,0,0,0,0,0,"- ","- ",,,ALAMEDA,OAKLAND,-122.28929138183594,37.810222625732422
9464585,2022,2022-07-18,0109,2022-04-26,0536,8226,1,2,5,7,0109,0,0,0,,0,09X,"GILBERT ST","PLEASANT VALLEY AV",0.00,,Y,A,-,N,,,,,,,,,,Y,4,0,1,2,A,-,12,21453,A,N,D,C,A,A,H,-,C,A,0,,,,,Y,,D,22,0,0,1,0,0,0,0,0,0,"- ","- ",,,ALAMEDA,OAKLAND,-122.25055694580078,37.833560943603516
9465380,2022,2022-12-21,0109,2022-10-11,0829,9394,2,2,5,7,0109,0,0,0,,0,24X,"FOOTHILL BL","41ST AV",100.00,W,N,B,-,N,,,,,,,,,,N,4,0,2,3,A,-,08,22100,A,N,A,C,A,A,H,-,A,D,0,,,,,Y,,A,01,0,0,2,0,0,0,0,0,0,"- ","- ",,,ALAMEDA,OAKLAND,-122.21408843994141,37.776695251464844
9465381,2022,2022-12-21,0109,2022-10-06,1318,10021,2,4,5,7,0109,0,0,0,,0,30X,"98TH AV","INTERNATIONAL BL",0.00,,Y,A,-,N,,,,,,,,,,Y,2,0,2,2,A,-,12,21453,A,N,B,C,A,A,H,-,A,A,0,,,Y,,Y,,C,06,1,0,1,0,0,0,0,0,1,"- ","- ",,,ALAMEDA,OAKLAND,-122.17057800292969,37.744327545166016
9465713,2022,2023-01-04,0109,2022-11-25,1153,9949,1,5,5,7,0109,0,0,0,,0,08X,"26TH ST",BROADWAY,5.00,W,N,A,-,N,,,,,,,,,,N,4,0,1,2,A,-,08,22107,,M,D,G,A,A,H,-,A,A,0,,Y,,,Y,,A,01,0,0,1,0,0,0,1,0,0,"- ","- ",,,ALAMEDA,OAKLAND,-122.26462554931641,37.814842224121094
9465716,2022,2023-01-04,0109,2022-11-25,1723,8959,1,5,5,7,0109,0,0,0,,0,17X,"MACARTHUR BL","13TH AV",0.00,,Y,A,-,N,,,,,,,,,,N,4,0,1,3,A,-,08,22107,,N,B,C,A,A,H,-,B,A,0,,,,,Y,,A,01,0,0,1,0,0,0,0,0,0,"- ","- ",,,ALAMEDA,OAKLAND,-122.2315673828125,37.802257537841797
9465721,2022,2023-01-04,0109,2022-11-04,2118,10026,2,5,5,7,0109,0,0,0,,0,23X,"42ND AV","INTERNATIONAL BL",200.00,S,N,A,-,N,,,,,,,,,,N,4,0,1,2,A,-,11,21954,A,N,G,B,E,A,H,-,C,D,0,Y,,,,Y,,N,60,0,0,1,0,1,0,0,0,0,"- ","- ",,,ALAMEDA,OAKLAND,-122.21676635742188,37.772632598876953
9465989,2022,2022-12-23,0109,2022-11-07,1535,10016,1,1,5,7,0109,0,0,0,,0,03X,"10TH ST","FALLON ST",1056.00,E,N,B,-,N,,,,,,,,,,N,4,0,1,2,A,-,21,22106,,N,C,E,A,A,H,-,A,C,0,,,,,Y,,A,01,0,0,1,0,0,0,0,0,0,"- ","- ",,,ALAMEDA,OAKLAND,-122.26014709472656,37.796550750732422
9465990,2022,2022-12-16,0109,2022-11-13,1229,9510,2,7,5,7,0109,0,0,0,,0,22Y,"DELAWARE ST","COOLIDGE AV",25.00,E,N,A,-,N,,,,,,,,,,N,4,0,1,1,A,-,08,22107,,N,E,I,A,A,H,-,A,D,0,,,,,Y,,A,01,0,0,1,0,0,0,0,0,0,"- ","- ",,,ALAMEDA,OAKLAND,-122.20967102050781,37.7974853515625
9466822,2022,2023-02-10,0109,2022-12-08,2150,9555,2,4,5,7,0109,0,0,0,,0,26X,"HEGENBERGER AV","EDGEWATER RD",300.00,N,N,C,-,N,,,,,,,,,,N,4,0,1,2,A,-,03,22350,,N,C,C,A,B,H,-,C,A,0,,,,Y,Y,,F,21,0,0,1,0,0,0,0,0,0,"- ","- ",,,ALAMEDA,OAKLAND,-122.19686889648438,37.737770080566406
9466823,2022,2023-01-31,0109,2022-05-05,2124,8881,1,4,5,7,0109,0,0,0,,0,04X,BROADWAY,"20TH ST",0.00,,Y,A,-,N,,,,,,,,,,N,3,0,1,3,A,-,08,22107,,M,G,-,E,A,H,-,C,A,0,Y,,,,Y,,A,01,0,1,0,0,1,0,0,0,0,"- ","- ",,,ALAMEDA,OAKLAND,-122.26823425292969,37.809055328369141
9468102,2022,2023-02-22,0109,2022-10-20,1438,9142,2,4,5,7,0109,0,0,0,,0,26Y,"INTERNATIONAL BL","46TH AV",100.00,W,N,A,-,N,,,,,,,,,,N,4,0,1,2,B,-,22,,,N,C,C,A,A,H,-,A,A,0,,,,,Y,,J,49,0,0,1,0,0,0,0,0,0,"- ","- ",,,ALAMEDA,OAKLAND,-122.21205902099609,37.770950317382812
9468183,2022,2023-01-18,0109,2022-11-27,1050,10014,1,7,5,7,0109,0,0,0,,0,15X,"MACARTHUR BL","PARK BL",0.00,,Y,A,-,N,,,,,,,,,,Y,4,0,2,2,A,-,12,21453,A,N,D,C,A,A,H,-,A,A,0,,,,,Y,,-,"- ",0,0,2,0,0,0,0,0,0,"- ","- ",,,ALAMEDA,OAKLAND,-122.23374938964844,37.803958892822266
9472263,2022,2022-07-20,0109,2022-03-17,0547,9869,1,4,5,7,0109,0,0,0,,0,19X,"22ND AV","E 12TH ST",0.00,,Y,A,-,N,,,,,,,,,,N,3,0,1,2,A,-,11,21954,A,N,G,B,E,A,H,-,B,D,0,Y,,,,Y,,N,60,0,1,0,0,1,0,0,0,0,"- ","- ",,,ALAMEDA,OAKLAND,-122.23863220214844,37.783737182617188
9472561,2022,2022-07-22,0109,2022-02-18,1236,9689,1,5,5,7,0109,0,0,0,,0,08X,"27TH ST","TELEGRAPH AV",0.00,,Y,A,-,N,,,,,,,,,,N,4,0,1,2,A,-,10,21950,A,M,G,B,B,A,H,-,A,A,0,Y,,,,Y,,A,01,0,0,1,0,1,0,0,0,0,"- ","- ",,,ALAMEDA,OAKLAND,-122.26792144775391,37.816173553466797
9472566,2022,2022-07-21,0109,2022-02-24,1339,9949,1,4,5,7,0109,0,0,0,,0,08X,"34TH ST","34TH ST 327",0.00,,Y,A,-,N,,,,,,,,,,N,4,0,1,2,C,-,18,,,N,G,B,E,A,H,-,A,C,0,Y,,,,Y,,-,"- ",0,0,1,0,1,0,0,0,0,"- ","- ",,,ALAMEDA,OAKLAND,-122.28955841064453,37.824775695800781
9472571,2022,2022-07-22,0109,2022-02-14,1909,8198,1,1,5,7,0109,0,0,0,,0,11X,"SHATTUCK AV","AILEEN ST",0.00,,Y,A,-,N,,,,,,,,,,Y,4,0,1,2,A,-,09,21802,A,N,D,C,A,A,H,-,C,A,0,,,,,Y,,A,01,0,0,1,0,0,0,0,0,0,"- ","- ",,,ALAMEDA,OAKLAND,-122.26473236083984,37.842010498046875
9473872,2022,2022-08-29,0109,2022-07-07,1759,10010,1,4,5,7,0109,0,0,0,,0,16X,"PARK BL","LEIMERT BL",0.00,,Y,A,-,N,,,,,,,,,,N,2,0,1,2,A,-,10,21950,A,N,A,B,B,A,H,-,A,A,0,Y,,,,Y,,A,08,1,0,0,0,1,0,0,0,0,"- ","- ",,,ALAMEDA,OAKLAND,-122.21468353271484,37.812698364257812
9473873,2022,2022-08-22,0109,2022-07-13,1832,9582,2,3,5,7,0109,0,0,0,,0,26X,"INTERNATIONAL BL","SEMINARY AV",60.00,E,N,A,-,N,,,,,,,,,,N,4,0,3,2,A,-,08,22107,,N,D,C,A,A,H,-,A,D,0,,,,,Y,,A,01,0,0,3,0,0,0,0,0,0,"- ","- ",,,ALAMEDA,OAKLAND,-122.19937896728516,37.765010833740234
9473874,2022,2022-08-29,0109,2022-07-21,2317,9614,2,4,5,7,0109,0,0,0,,0,20X,"29TH AV","RT 880",0.00,,Y,A,-,Y,ALA,4,880,-,-,28.603,R,4,N,Y,3,0,3,2,A,-,12,21453,A,N,D,C,A,A,H,-,C,A,0,,,,,Y,,A,01,0,1,2,0,0,0,0,0,0,"- ",NF,,,ALAMEDA,OAKLAND,-122.23225402832031,37.774745941162109
9473879,2022,2022-08-22,0109,2022-07-15,0057,9765,1,5,5,7,0109,0,0,0,,0,19X,"INTERNATIONAL BL","18TH AV",0.00,,Y,A,-,N,,,,,,,,,,Y,4,0,5,4,A,-,08,22107,,N,D,C,A,A,H,-,C,A,0,,,,,Y,,D,22,0,0,5,0,0,0,0,0,0,"- ","- ",,,ALAMEDA,OAKLAND,-122.24205780029297,37.787075042724609
9473970,2022,2022-08-24,0109,2022-06-03,0951,9410,2,5,5,7,0109,0,0,0,,0,31X,"98TH AV","MADDUX AV",0.00,,Y,E,-,N,,,,,,,,,,N,4,0,1,2,A,-,12,21453,A,M,A,C,A,A,H,-,A,A,0,,,,,Y,,A,01,0,0,1,0,0,0,0,0,0,"- ","- ",,,ALAMEDA,OAKLAND,-122.18408203125,37.735000610351562
9473972,2022,2022-08-24,0109,2022-06-25,0815,9525,1,6,5,7,0109,0,0,0,,0,17X,"PARK BL","E 34TH ST",0.00,,Y,A,-,N,,,,,,,,,,Y,4,0,1,2,A,-,09,21802,A,N,D,C,A,A,H,-,A,A,0,,,,,Y,,A,01,0,0,1,0,0,0,0,0,0,"- ","- ",,,ALAMEDA,OAKLAND,-122.23458862304688,37.803382873535156
9473983,2022,2022-09-02,0109,2022-06-21,1627,9933,2,2,5,7,0109,0,0,0,,0,26X,"COLISEUM WY","RT 880",0.00,,Y,A,-,Y,ALA,4,77,-,-,0.144,I,5,N,N,4,0,1,2,A,-,12,22450,A,M,D,C,A,A,H,-,A,A,0,,,,,Y,,A,01,0,0,1,0,0,0,0,0,0,"- ",NF,,,ALAMEDA,OAKLAND,-122.22046661376953,37.769920349121094
9473986,2022,2022-08-25,0109,2022-06-28,2010,9325,2,2,5,7,0109,0,0,0,,0,30X,"OLIVE ST","81ST AV",0.00,,Y,A,-,N,,,,,,,,,,N,4,0,1,2,A,-,12,22450,A,N,D,C,A,A,H,-,A,A,0,,,,,Y,,A,01,0,0,1,0,0,0,0,0,0,"- ","- ",,,ALAMEDA,OAKLAND,-122.17272186279297,37.759914398193359
9473988,2022,2022-08-25,0109,2022-06-19,0212,9942,1,7,5,7,0109,0,0,0,,0,07X,"W GRAND AV","MARKET AV",0.00,,Y,A,-,N,,,,,,,,,,N,4,0,1,2,A,-,12,21453,A,N,C,C,A,A,H,-,C,A,0,,,Y,,Y,,A,01,0,0,1,0,0,0,0,0,1,"- ","- ",,,ALAMEDA,OAKLAND,-122.27867126464844,37.814453125
9474040,2022,2022-08-25,0109,2022-07-04,1542,9968,2,1,5,7,0109,0,0,0,,0,31Z,"105TH AV","RUSSET ST",0.00,,Y,A,-,N,,,,,,,,,,N,3,0,1,2,A,-,12,22450,A,N,D,C,A,A,H,-,A,A,0,,,Y,,Y,,C,03,0,1,0,0,0,0,0,0,1,"- ","- ",,,ALAMEDA,OAKLAND,-122.17514801025391,37.735309600830078
9474286,2022,2022-07-01,0109,2022-03-25,2100,8867,2,5,5,7,0109,0,0,0,,0,27X,"INTERNATIONAL BL","45TH AV",198.00,E,N,A,-,N,,,,,,,,,,N,4,0,1,5,A,-,08,22107,,M,D,C,A,A,H,-,C,D,0,,,,,Y,,A,01,0,0,1,0,0,0,0,0,0,"- ","- ",,,ALAMEDA,OAKLAND,-122.21241760253906,37.7711181640625
9474645,2022,2022-07-06,0109,2022-01-02,1826,9661,1,7,5,7,0109,0,0,0,,0,17X,"13TH AV","E 24TH ST",0.00,,Y,A,-,N,,,,,,,,,,N,4,0,2,2,A,-,08,22107,,M,D,C,A,A,H,-,C,A,0,,,,,Y,,A,01,0,0,2,0,0,0,0,0,0,"- ","- ",,,ALAMEDA,OAKLAND,-122.23796081542969,37.796455383300781
9474648,2022,2022-07-06,0109,2022-01-18,1800,8704,2,2,5,7,0109,0,0,0,,0,26X,"E 12TH ST","50TH AV",0.00,,Y,A,-,N,,,,,,,,,,N,4,0,1,2,A,-,08,22107,,M,B,C,A,A,H,-,C,D,0,,,,,Y,,-,,0,0,1,0,0,0,0,0,0,"- ","- ",,,ALAMEDA,OAKLAND,-122.21063232421875,37.767673492431641
9474665,2022,2022-07-06,0109,2022-05-24,1851,9814,2,2,5,7,0109,0,0,0,,0,26X,"HIGH ST","OAKPORT ST",30.00,S,N,A,-,N,,,,,,,,,,N,4,0,1,2,A,-,11,21955,,N,A,B,D,A,H,-,A,A,0,Y,,,,Y,,N,60,0,0,1,0,1,0,0,0,0,"- ","- ",,,ALAMEDA,OAKLAND,-122.22071838378906,37.767917633056641
9474714,2022,2022-08-26,0109,2022-05-26,1832,9259,2,4,5,7,0109,0,0,0,,0,20X,"FOOTHILL BL","27TH AV",0.00,,Y,A,-,N,,,,,,,,,,N,4,0,1,2,A,-,12,22450,A,N,D,C,A,A,H,-,A,A,0,,,,,Y,,-,"- ",0,0,1,0,0,0,0,0,0,"- ","- ",,,ALAMEDA,OAKLAND,-122.22791290283203,37.784530639648438
9475479,2022,2022-07-21,0109,2022-05-06,2030,9968,1,5,5,7,0109,0,0,0,,0,14Y,"ADAMS ST","PERKINS ST",100.00,S,N,A,-,N,,,,,,,,,,N,3,0,1,2,D,-,00,,,N,H,G,A,A,H,-,B,D,0,,Y,,,Y,,-,"- ",0,1,0,0,0,0,1,0,0,"- ","- ",,,ALAMEDA,OAKLAND,-122.25570678710938,37.814464569091797
9475480,2022,2022-07-19,0109,2022-05-13,0613,9809,1,5,5,7,0109,0,0,0,,0,02X,"13TH ST","WEST ST",15.00,E,N,A,-,N,,,,,,,,,,N,4,0,1,1,A,-,08,22107,,N,A,I,A,A,H,-,A,D,0,,,,,Y,,A,01,0,0,1,0,0,0,0,0,0,"- ","- ",,,ALAMEDA,OAKLAND,-122.27992248535156,37.806880950927734
9475753,2022,2022-07-15,0109,2022-02-01,1126,9481,1,2,5,7,0109,0,0,0,,0,04X,"JEFFERSON ST","14TH ST",0.00,,Y,A,-,N,,,,,,,,,,N,3,0,1,2,A,-,12,21453,A,M,D,-,A,A,H,-,A,A,0,,,,,Y,,-,99,0,1,0,0,0,0,0,0,0,"- ","- ",,,ALAMEDA,OAKLAND,-122.27479553222656,37.805740356445312
9475755,2022,2022-07-15,0109,2022-02-01,0810,8862,2,2,5,7,0109,0,0,0,,0,22X,"LAGUNA AV","CHARLESTON ST",0.00,,Y,A,-,N,,,,,,,,,,N,3,0,1,2,A,-,12,22450,A,N,D,G,A,A,H,-,A,A,0,,Y,,,Y,,A,01,0,1,0,0,0,0,1,0,0,"- ","- ",,,ALAMEDA,OAKLAND,-122.20225524902344,37.806667327880859
9475756,2022,2022-07-15,0109,2022-02-19,1055,9709,1,6,5,7,0109,0,0,0,,0,03X,"7TH ST","MARTIN LUTHER KING JR",0.00,,Y,A,-,N,,,,,,,,,,Y,4,0,1,3,A,-,12,21453,A,M,D,C,A,A,H,-,A,A,0,,,,,Y,,A,01,0,0,1,0,0,0,0,0,0,"- ","- ",,,ALAMEDA,OAKLAND,-122.27899169921875,37.801349639892578
9475867,2022,2022-09-07,0109,2022-05-23,0550,9903,2,1,5,7,0109,0,0,0,,0,27X,"HIGH ST","BROOKDALE AV",50.00,S,N,A,-,N,,,,,,,,,,N,4,0,1,3,A,-,03,22350,,N,C,C,A,A,E,-,A,D,0,,,,,Y,,D,23,0,0,1,0,0,0,0,0,0,"- ","- ",,,ALAMEDA,OAKLAND,-122.20426940917969,37.782432556152344
9475874,2022,2022-07-21,0109,2022-05-17,0740,8551,2,2,5,7,0109,0,0,0,,0,34X,"BANCROFT AV","96TH AV",5.00,E,N,A,-,N,,,,,,,,,,N,4,0,2,2,A,-,09,21802,A,M,D,C,A,A,H,-,A,B,0,,,,,Y,,A,01,0,0,2,0,0,0,0,0,0,"- ","- ",,,ALAMEDA,OAKLAND,-122.16300201416016,37.749759674072266