CASE_ID,ACCIDENT_YEAR,PROC_DATE,JURIS,COLLISION_DATE,COLLISION_TIME,OFFICER_ID,REPORTING_DISTRICT,DAY_OF_WEEK,CHP_SHIFT,POPULATION,CNTY_CITY_LOC,SPECIAL_COND,BEAT_TYPE,CHP_BEAT_TYPE,CITY_DIVISION_LAPD,CHP_BEAT_CLASS,BEAT_NUMBER,PRIMARY_RD,SECONDARY_RD,DISTANCE,DIRECTION,INTERSECTION,WEATHER_1,WEATHER_2,STATE_HWY_IND,CALTRANS_COUNTY,CALTRANS_DISTRICT,STATE_ROUTE,ROUTE_SUFFIX,POSTMILE_PREFIX,POSTMILE,LOCATION_TYPE,RAMP_INTERSECTION,SIDE_OF_HWY,TOW_AWAY,COLLISION_SEVERITY,NUMBER_KILLED,NUMBER_INJURED,PARTY_COUNT,PRIMARY_COLL_FACTOR,PCF_CODE_OF_VIOL,PCF_VIOL_CATEGORY,PCF_VIOLATION,PCF_VIOL_SUBSECTION,HIT_AND_RUN,TYPE_OF_COLLISION,MVIW,PED_ACTION,ROAD_SURFACE,ROAD_COND_1,ROAD_COND_2,LIGHTING,CONTROL_DEVICE,CHP_ROAD_TYPE,PEDESTRIAN_ACCIDENT,BICYCLE_ACCIDENT,MOTORCYCLE_ACCIDENT,TRUCK_ACCIDENT,NOT_PRIVATE_PROPERTY,ALCOHOL_INVOLVED,STWD_VEHTYPE_AT_FAULT,CHP_VEHTYPE_AT_FAULT,COUNT_SEVERE_INJ,COUNT_VISIBLE_INJ,COUNT_COMPLAINT_PAIN,COUNT_PED_KILLED,COUNT_PED_INJURED,COUNT_BICYCLIST_KILLED,COUNT_BICYCLIST_INJURED,COUNT_MC_KILLED,COUNT_MC_INJURED,PRIMARY_RAMP,SECONDARY_RAMP,LATITUDE,LONGITUDE,COUNTY,CITY,POINT_X,POINT_Y
9476837,2022,2022-07-19,0109,2022-06-02,2102,9960,1,4,5,7,0109,0,0,0,,0,06X,"SAN PABLO AV","MARKET ST",0.00,,Y,A,-,N,,,,,,,,,,N,4,0,1,2,D,-,00,,,M,D,-,A,A,H,-,C,A,0,,,,,Y,,-,"- ",0,0,1,0,0,0,0,0,0,"- ","- ",,,ALAMEDA,OAKLAND,-122.27652740478516,37.820457458496094
9477158,2022,2022-07-22,0109,2022-02-12,0149,9903,2,6,5,7,0109,0,0,0,,0,20X,"INTERNATIONAL BL","25TH AV",0.00,,Y,A,-,N,,,,,,,,,,Y,4,0,1,2,A,-,12,21453,A,M,C,C,A,A,H,-,C,A,0,,,,,Y,,A,01,0,0,1,0,0,0,0,0,0,"- ","- ",,,ALAMEDA,OAKLAND,-122.23384857177734,37.782154083251953
9477160,2022,2022-07-22,0109,2022-02-06,1230,8711,1,7,5,7,0109,0,0,0,,0,10X,"54TH ST","LOWELL ST",0.00,,Y,A,-,N,,,,,,,,,,N,4,0,1,2,A,-,12,22450,A,F,G,G,A,A,H,-,A,D,0,,Y,,,Y,,A,08,0,0,1,0,0,0,1,0,0,"- ","- ",,,ALAMEDA,OAKLAND,-122.276123046875,37.838592529296875
9477162,2022,2022-07-22,0109,2022-02-19,1532,9786,1,6,5,7,0109,0,0,0,,0,09X,"PLEASANT VALLEY AV","HOWE ST",0.00,,Y,A,-,N,,,,,,,,,,N,4,0,1,2,A,-,03,22350,,M,C,C,A,A,H,-,A,A,0,,,,,Y,,A,01,0,0,1,0,0,0,0,0,0,"- ","- ",,,ALAMEDA,OAKLAND,-122.24810028076172,37.83087158203125
9477283,2022,2022-07-25,0109,2022-05-10,0041,8389,1,2,5,7,0109,0,0,0,,0,05X,"MARKET ST","W GRAND AV",0.00,,Y,A,-,N,,,,,,,,,,N,4,0,1,2,A,-,09,21801,A,N,D,C,A,A,H,-,C,A,0,,,Y,,Y,,A,01,0,0,1,0,0,0,0,0,1,"- ","- ",,,ALAMEDA,OAKLAND,-122.27867126464844,37.814453125
9477302,2022,2022-07-22,0109,2022-04-12,2130,9960,1,2,5,7,0109,0,0,0,,0,15X,"E 18TH ST","3RD AV",0.00,,Y,A,-,N,,,,,,,,,,N,2,0,1,2,A,-,10,21950,A,F,G,B,B,A,H,-,C,A,0,Y,,,,Y,,A,01,1,0,0,0,1,0,0,0,0,"- ","- ",,,ALAMEDA,OAKLAND,-122.251953125,37.799701690673828
9477365,2022,2022-07-22,0109,2022-06-26,1233,9974,1,7,5,7,0109,0,0,0,,0,15X,"MACARTHUR BL","PARK BL",0.00,,Y,A,-,N,,,,,,,,,,N,4,0,1,2,A,-,09,21800,D,N,D,C,A,A,H,-,A,A,0,,,,,Y,,A,01,0,0,1,0,0,0,0,0,0,"- ","- ",,,ALAMEDA,OAKLAND,-122.23374938964844,37.803958892822266
9477369,2022,2022-12-05,0109,2022-06-07,1234,9657,1,2,5,7,0109,0,0,0,,0,06X,"MARTIN LUTHER KING JR WY","27TH ST",0.00,,Y,A,-,N,,,,,,,,,,N,4,0,2,3,A,-,12,21453,A,N,B,C,A,A,H,-,A,A,0,,,,,Y,,A,01,0,0,2,0,0,0,0,0,0,"- ","- ",,,ALAMEDA,OAKLAND,-122.27162933349609,37.817001342773438
9482523,2022,2022-07-28,0109,2022-06-09,0831,9982,2,4,5,7,0109,0,0,0,,0,30X,"FRESNO ST","73RD AV",0.00,,Y,A,-,N,,,,,,,,,,N,4,0,1,2,A,-,17,21663,,N,G,C,A,A,H,-,A,D,0,,,Y,,Y,,O,05,0,0,1,0,0,0,0,0,1,"- ","- ",,,ALAMEDA,OAKLAND,-122.17942810058594,37.764297485351562
9482524,2022,2022-07-28,0109,2022-06-06,2238,9876,2,1,5,7,0109,0,0,0,,0,31X,"HEGENBERGER RD","EDES AV",0.00,,Y,A,-,N,,,,,,,,,,Y,4,0,1,2,A,-,12,21453,A,N,D,C,A,A,H,-,C,A,0,,,,,Y,,A,01,0,0,1,0,0,0,0,0,0,"- ","- ",,,ALAMEDA,OAKLAND,-122.19596099853516,37.744739532470703
9482526,2022,2022-07-28,0109,2022-06-04,0156,9812,1,6,5,7,0109,0,0,0,,0,08X,"W GRAND AV","NORTHGATE AV",100.00,E,N,A,-,N,,,,,,,,,,N,4,0,2,3,A,-,10,21950,A,F,G,B,D,A,H,-,C,D,0,Y,,,,Y,Y,A,01,0,0,2,0,2,0,0,0,0,"- ","- ",,,ALAMEDA,OAKLAND,-122.27110290527344,37.812187194824219
9482527,2022,2022-07-28,0109,2022-06-21,1346,9461,2,2,5,7,0109,0,0,0,,0,32X,"INTERNATIONAL BL","102ND AV",0.00,,Y,A,-,N,,,,,,,,,,N,4,0,1,2,A,-,08,22107,,M,D,G,A,A,H,-,A,D,0,,Y,,,Y,,A,01,0,0,1,0,0,0,1,0,0,"- ","- ",,,ALAMEDA,OAKLAND,-122.16838073730469,37.74151611328125
9482532,2022,2022-07-28,0109,2022-06-04,1806,9933,2,6,5,7,0109,0,0,0,,0,33X,"98TH AV","INTERNATIONAL BL",0.00,,Y,B,-,N,,,,,,,,,,N,4,0,1,2,A,-,03,22350,,M,C,C,A,A,H,-,A,A,0,,,,,Y,,A,01,0,0,1,0,0,0,0,0,0,"- ","- ",,,ALAMEDA,OAKLAND,-122.17057800292969,37.744327545166016
9483961,2022,2022-08-01,0109,2022-06-23,1338,9912,2,4,5,7,0109,0,0,0,,0,30X,"73RD AV","INTERNATIONAL BL",10.00,N,N,A,-,N,,,,,,,,,,N,4,0,1,2,A,-,03,22350,,N,C,C,A,A,H,-,A,A,0,,,,,Y,,A,01,0,0,1,0,0,0,0,0,0,"- ","- ",,,ALAMEDA,OAKLAND,-122.18705749511719,37.759231567382812
9483963,2022,2022-08-01,0109,2022-06-17,1341,9914,2,5,5,7,0109,0,0,0,,0,32X,"105TH AV","ROYAL ANN AV",0.00,,Y,A,-,N,,,,,,,,,,Y,3,0,1,1,A,-,03,22350,,N,H,I,A,A,H,-,A,D,0,,,Y,,Y,,C,02,0,1,0,0,0,0,0,0,1,"- ","- ",,,ALAMEDA,OAKLAND,-122.17079162597656,37.737350463867188
9483965,2022,2022-08-01,0109,2022-06-08,1512,9480,1,3,5,7,0109,0,0,0,,0,02X,"BRUSH ST","11TH ST",0.00,,Y,A,-,N,,,,,,,,,,N,4,0,2,2,A,-,12,21453,A,N,D,C,A,A,H,-,A,A,0,,,,,Y,,A,01,0,0,2,0,0,0,0,0,0,"- ","- ",,,ALAMEDA,OAKLAND,-122.27992248535156,37.805210113525391
9486163,2022,2022-09-15,0109,2022-07-04,2127,9876,2,1,5,7,0109,0,0,0,,0,31X,"EARHART DR","HARBOR BAY PKWY",1320.00,E,N,B,-,N,,,,,,,,,,N,3,0,1,2,A,-,05,21460,A,N,D,C,A,A,H,-,C,D,0,,,,,Y,,A,07,0,1,0,0,0,0,0,0,0,"- ","- ",,,ALAMEDA,OAKLAND,,
9490171,2022,2022-08-23,0109,2022-07-03,2324,9903,2,7,5,7,0109,0,0,0,,0,17X,"5TH AV","E 18TH ST",0.00,,Y,A,-,N,,,,,,,,,,Y,4,0,1,2,A,-,09,21801,A,N,D,C,A,A,H,-,C,A,0,,,,,Y,,D,23,0,0,1,0,0,0,0,0,0,"- ","- ",,,ALAMEDA,OAKLAND,-122.25010681152344,37.798381805419922
9490175,2022,2022-09-01,0109,2022-06-11,2115,9832,1,6,5,7,0109,0,0,0,,0,19X,"16TH AV","INTERNATIONAL BL",0.00,,Y,A,-,N,,,,,,,,,,N,4,0,3,2,A,-,17,21461,A,N,A,C,A,A,H,-,C,A,0,,,,Y,Y,,F,26,0,0,3,0,0,0,0,0,0,"- ","- ",,,ALAMEDA,OAKLAND,-122.24417114257812,37.788337707519531
9490218,2022,2022-10-05,0109,2022-04-02,1839,9855,2,6,5,7,0109,0,0,0,,0,20X,"29TH AV","INTERNATIONAL BL",0.00,,Y,A,-,N,,,,,,,,,,Y,3,0,2,2,A,-,17,21655,,N,D,C,A,A,H,-,A,D,0,,,,,Y,,A,01,0,1,1,0,0,0,0,0,0,"- ","- ",,,ALAMEDA,OAKLAND,-122.22911071777344,37.779300689697266
9490219,2022,2022-08-23,0109,2022-06-10,0904,10010,2,5,5,7,0109,0,0,0,,0,32X,"105TH AV","ROYAL ANN ST",55.00,N,N,A,-,N,,,,,,,,,,Y,4,0,1,2,A,-,08,22107,,N,C,E,A,A,H,-,A,D,0,,,,Y,Y,,A,01,0,0,1,0,0,0,0,0,0,"- ","- ",,,ALAMEDA,OAKLAND,-122.17062377929688,37.7374267578125
9490223,2022,2022-08-24,0109,2022-06-07,1544,9678,2,2,5,7,0109,0,0,0,,0,31Z,"ACALANES DR","105TH AV",0.00,,Y,A,-,N,,,,,,,,,,N,4,0,1,2,A,-,10,21950,A,M,C,B,B,A,H,-,A,A,0,Y,,,,Y,,D,23,0,0,1,0,1,0,0,0,0,"- ","- ",,,ALAMEDA,OAKLAND,-122.17852783203125,37.733139038085938
9491000,2022,2022-09-02,0109,2022-07-03,1405,9971,1,7,5,7,0109,0,0,0,,0,02Y,"7TH ST","CHESTER ST",0.00,,Y,A,-,N,,,,,,,,,,Y,4,0,1,2,A,-,09,21801,A,N,D,C,A,A,H,-,A,A,0,,,,,Y,,A,01,0,0,1,0,0,0,0,0,0,"- ","- ",,,ALAMEDA,OAKLAND,-122.2962646484375,37.804851531982422
9491135,2022,2022-08-30,0109,2022-04-27,0809,9963,2,3,5,7,0109,0,0,0,,0,26X,"INTERNATIONAL BL","71ST AV",0.00,,Y,A,-,N,,,,,,,,,,N,4,0,1,2,D,-,00,,,N,F,G,A,A,H,-,A,C,0,,Y,,,Y,,-,"- ",0,0,1,0,0,0,1,0,0,"- ","- ",,,ALAMEDA,OAKLAND,-122.18910980224609,37.760158538818359
9491186,2022,2022-09-01,0109,2022-06-04,1510,9377,1,6,5,7,0109,0,0,0,,0,16Y,"10TH AV","E 23RD ST",0.00,,Y,B,-,N,,,,,,,,,,N,4,0,2,2,A,-,12,22450,A,N,D,C,A,A,H,-,A,D,0,,,,,Y,,A,01,0,0,2,0,0,0,0,0,0,"- ","- ",,,ALAMEDA,OAKLAND,-122.24136352539062,37.798000335693359
9491213,2022,2022-09-02,0109,2022-06-19,2020,9377,1,7,5,7,0109,0,0,0,,0,14X,"GRAND AV","PERKINS ST",45.00,E,N,A,-,N,,,,,,,,,,Y,3,0,1,3,A,-,03,22350,,N,C,C,A,A,H,-,B,A,0,,,,,Y,Y,A,01,0,1,0,0,0,0,0,0,0,"- ","- ",,,ALAMEDA,OAKLAND,-122.25596618652344,37.808933258056641
9491359,2022,2022-09-08,0109,2022-07-28,1615,9350,2,4,5,7,0109,0,0,0,,0,31X,"RAILROAD AV","TYLER ST",0.00,,Y,A,-,N,,,,,,,,,,Y,3,0,1,1,A,-,08,22107,,N,F,J,A,A,H,-,A,A,0,,,,,Y,,A,07,0,1,0,0,0,0,0,0,0,"- ","- ",,,ALAMEDA,OAKLAND,-122.18320465087891,37.738880157470703
9491393,2022,2022-09-08,0109,2022-07-11,1727,9590,1,1,5,7,0109,0,0,0,,0,12X,"51ST ST","LAWTON AV",0.00,,Y,A,-,N,,,,,,,,,,N,3,0,2,2,A,-,09,21802,A,N,A,C,A,A,H,-,A,A,0,,,,,Y,,A,01,0,2,0,0,0,0,0,0,0,"- ","- ",,,ALAMEDA,OAKLAND,-122.25653076171875,37.836235046386719
9491570,2022,2022-09-14,0109,2022-08-18,2006,8914,1,4,5,7,0109,0,0,0,,0,13Y,"MOUNTAIN BL","PINEWOOD RD",45.00,E,N,A,-,N,,,,,,,,,,N,4,0,1,2,A,-,08,22107,,M,B,B,E,A,H,-,B,A,0,Y,,,,Y,,A,01,0,0,1,0,1,0,0,0,0,"- ","- ",,,ALAMEDA,OAKLAND,-122.22115325927734,37.843425750732422
9491571,2022,2022-09-14,0109,2022-08-16,0821,9930,1,2,5,7,0109,0,0,0,,0,16X,"MACARTHUR BL","ARDLEY AV",0.00,,Y,A,-,N,,,,,,,,,,N,4,0,1,2,A,-,12,21453,A,N,D,C,A,A,H,-,A,A,0,,,,,Y,,A,01,0,0,1,0,0,0,0,0,0,"- ","- ",,,ALAMEDA,OAKLAND,-122.22386169433594,37.800621032714844
9491573,2022,2022-09-14,0109,2022-08-14,1105,9525,1,7,5,7,0109,0,0,0,,0,19X,"E 8TH ST","7TH AV",0.00,,Y,A,-,N,,,,,,,,,,N,4,0,3,2,A,-,03,22350,,N,D,C,A,A,H,-,A,A,0,,,,,Y,,A,01,0,0,3,0,0,0,0,0,0,"- ","- ",,,ALAMEDA,OAKLAND,-122.25598907470703,37.791538238525391
9491574,2022,2022-09-14,0109,2022-08-10,1336,9381,2,3,5,7,0109,0,0,0,,0,30X,"73RD AV","KRAUSE AV",0.00,,Y,A,-,N,,,,,,,,,,N,4,0,1,2,A,-,12,21453,A,M,D,C,A,A,H,-,A,A,0,,,,,Y,,A,01,0,0,1,0,0,0,0,0,0,"- ","- ",,,ALAMEDA,OAKLAND,-122.17848968505859,37.764907836914062
9491575,2022,2022-09-14,0109,2022-08-01,2040,9874,2,1,5,7,0109,0,0,0,,0,23X,"INTERNATIONAL BL","HIGH ST",0.00,,Y,A,-,N,,,,,,,,,,N,3,0,2,2,A,-,12,21453,A,N,D,C,A,A,H,-,C,A,0,,,,,Y,,A,01,0,1,1,0,0,0,0,0,0,"- ","- ",,,ALAMEDA,OAKLAND,-122.21482849121094,37.772350311279297
9491604,2022,2022-09-02,0109,2022-07-08,2048,10000,2,5,5,7,0109,0,0,0,,0,27Y,"BANCROFT AV","64TH AV",0.00,,Y,A,-,N,,,,,,,,,,N,4,0,2,2,A,-,12,22450,A,N,D,C,A,A,H,-,C,D,0,,,,,Y,,A,01,0,0,2,0,0,0,0,0,0,"- ","- ",,,ALAMEDA,OAKLAND,-122.18539428710938,37.770057678222656
9491622,2022,2022-09-02,0109,2022-04-30,1353,9885,2,6,5,7,0109,0,0,0,,0,34X,"84TH AV","BIRCH ST",0.00,,Y,A,-,N,,,,,,,,,,N,4,0,3,2,A,-,12,22450,A,N,D,C,A,A,H,-,A,A,0,,,,,Y,,A,01,0,0,3,0,0,0,0,0,0,"- ","- ",,,ALAMEDA,OAKLAND,-122.17283630371094,37.75677490234375
9491624,2022,2022-09-02,0109,2022-04-14,0450,9953,1,4,5,7,0109,0,0,0,,0,19X,"INTERNATIONAL BL","17TH AV",100.00,W,N,B,C,N,,,,,,,,,,Y,3,0,1,2,A,-,08,22102,,N,B,C,A,B,H,-,A,D,0,,,,,Y,,A,01,0,1,0,0,0,0,0,0,0,"- ","- ",,,ALAMEDA,OAKLAND,-122.24339294433594,37.787887573242188
9491704,2022,2022-09-09,0109,2022-08-08,1100,9525,1,1,5,7,0109,0,0,0,,0,19X,"KENNEDY ST","E 7TH ST",30.00,N,N,A,-,N,,,,,,,,,,N,4,0,1,3,A,-,08,22107,,N,D,C,A,A,H,-,A,A,0,,,,,Y,,A,07,0,0,1,0,0,0,0,0,0,"- ","- ",,,ALAMEDA,OAKLAND,-122.23741912841797,37.775531768798828
9491708,2022,2022-09-09,0109,2022-08-04,0728,9409,2,4,5,7,0109,0,0,0,,0,30X,"73RD AV","ORRAL ST",0.00,,Y,A,-,N,,,,,,,,,,N,4,0,2,2,A,-,09,21801,A,N,D,C,A,A,H,-,A,D,0,,,,,Y,,D,22,0,0,2,0,0,0,0,0,0,"- ","- ",,,ALAMEDA,OAKLAND,-122.18468475341797,37.760940551757812
9491755,2022,2022-09-13,0109,2022-07-11,1710,9414,2,1,5,7,0109,0,0,0,,0,34X,"HOLLY ST","AUSEON AV",20.00,E,N,A,-,N,,,,,,,,,,Y,4,0,1,4,A,-,08,22107,,F,C,E,A,A,H,-,A,D,0,,,,,Y,,A,01,0,0,1,0,0,0,0,0,0,"- ","- ",,,ALAMEDA,OAKLAND,-122.17467498779297,37.752952575683594
9491759,2022,2022-09-12,0109,2022-05-24,0151,8389,1,2,5,7,0109,0,0,0,,0,05X,"MARKET ST","18TH ST",0.00,,Y,A,-,N,,,,,,,,,,Y,4,0,1,3,A,-,12,21453,A,N,D,-,A,A,H,-,C,A,0,,,,,Y,,A,08,0,0,1,0,0,0,0,0,0,"- ","- ",,,ALAMEDA,OAKLAND,-122.27989196777344,37.811141967773438
9492267,2022,2022-09-15,0109,2022-07-13,0831,8815,1,3,5,7,0109,0,0,0,,0,05X,"ADELINE ST","18TH ST",0.00,,Y,A,-,N,,,,,,,,,,N,4,0,5,2,A,-,12,21453,A,N,D,C,A,A,H,-,A,A,0,,,,,Y,,I,11,0,0,5,0,0,0,0,0,0,"- ","- ",,,ALAMEDA,OAKLAND,-122.28511047363281,37.812347412109375
9492287,2022,2022-09-15,0109,2022-08-03,2113,9515,2,3,5,7,0109,0,0,0,,0,34X,"90TH AV","BIRCH ST",100.00,N,N,A,-,N,,,,,,,,,,N,4,0,1,2,A,-,03,22350,,M,C,C,A,A,H,-,C,D,0,,,,,Y,,D,22,0,0,1,0,0,0,0,0,0,"- ","- ",,,ALAMEDA,OAKLAND,-122.16897583007812,37.752094268798828
9492303,2022,2022-09-15,0109,2022-08-30,0635,8347,1,2,5,7,0109,0,0,0,,0,02X,"7TH ST","MARKET ST",0.00,,Y,A,-,N,,,,,,,,,,Y,4,0,1,2,A,-,09,21801,A,N,D,C,A,A,H,-,A,A,0,,,,,Y,,D,22,0,0,1,0,0,0,0,0,0,"- ","- ",,,ALAMEDA,OAKLAND,-122.28298950195312,37.802700042724609
9492319,2022,2022-09-15,0109,2022-08-23,2315,9404,2,2,5,7,0109,0,0,0,,0,31X,"BALDWIN ST","HEGENBERGER RD",0.00,,Y,A,-,N,,,,,,,,,,Y,3,0,3,2,A,-,12,21453,A,M,A,C,A,A,H,-,C,A,0,,,,,Y,,D,22,0,1,2,0,0,0,0,0,0,"- ","- ",,,ALAMEDA,OAKLAND,-122.19625091552734,37.747547149658203
9492892,2022,2022-10-18,0109,2022-02-06,2324,9842,2,7,5,7,0109,0,0,0,,0,34X,"INTERNATIONAL BL","86TH AV",0.00,,Y,A,-,N,,,,,,,,,,N,4,0,1,2,A,-,08,22107,,M,G,G,A,A,H,-,C,A,0,,Y,,,Y,,A,01,0,0,1,0,0,0,1,0,0,"- ","- ",,,ALAMEDA,OAKLAND,-122.17665100097656,37.752552032470703
9492896,2022,2022-09-12,0109,2022-02-18,0950,9963,2,5,5,7,0109,0,0,0,,0,29X,"69TH AV","MACAURTHUR BL",0.00,,Y,A,-,N,,,,,,,,,,Y,4,0,1,3,A,-,12,22450,A,N,D,C,A,A,H,-,A,D,0,,,,,Y,,A,01,0,0,1,0,0,0,0,0,0,"- ","- ",,,ALAMEDA,OAKLAND,-122.17540740966797,37.770732879638672
9493088,2022,2022-09-12,0109,2022-08-31,2140,9937,1,3,5,7,0109,0,0,0,,0,12X,"TELEGRAPH AV","48TH ST",150.00,N,N,B,-,N,,,,,,,,,,N,3,0,1,2,A,-,11,21954,A,N,G,B,D,A,H,-,B,D,0,Y,,,,Y,Y,N,60,0,1,0,0,1,0,0,0,0,"- ","- ",,,ALAMEDA,OAKLAND,-122.26284027099609,37.835132598876953
9493640,2022,2022-09-14,0109,2022-06-26,0359,9876,2,7,5,7,0109,0,0,0,,0,34X,"BANCROFT AV","96TH AV",0.00,,Y,A,-,N,,,,,,,,,,Y,4,0,1,2,A,-,09,21802,,M,A,C,A,A,H,-,C,B,0,,,,,Y,,A,01,0,0,1,0,0,0,0,0,0,"- ","- ",,,ALAMEDA,OAKLAND,-122.16300964355469,37.749771118164062
9493893,2022,2022-10-06,0109,2022-08-20,1631,9933,2,6,5,7,0109,0,0,0,,0,29X,"FOOTHILL BL","55TH AV",300.00,E,N,A,-,N,,,,,,,,,,N,4,0,1,5,A,-,08,22107,,M,A,C,A,A,H,-,A,D,0,,,,,Y,,A,01,0,0,1,0,0,0,0,0,0,"- ","- ",,,ALAMEDA,OAKLAND,-122.19489288330078,37.772396087646484
9493897,2022,2022-10-11,0109,2022-09-01,1600,9480,1,4,5,7,0109,0,0,0,,0,07X,"34TH ST","LOUISE ST",0.00,,Y,A,-,N,,,,,,,,,,Y,4,0,1,2,A,-,09,21802,A,M,D,C,A,A,H,-,A,A,0,,,,,Y,,D,22,0,0,1,0,0,0,0,0,0,"- ","- ",,,ALAMEDA,OAKLAND,-122.28520202636719,37.825668334960938
9494018,2022,2022-09-28,0109,2022-05-26,0043,8867,2,4,5,7,0109,0,0,0,,0,33X,"SAN LEANDRO ST","85TH AV",746.00,W,N,A,-,N,,,,,,,,,,Y,4,0,1,2,A,-,01,23152,A,N,D,E,A,A,H,-,C,D,0,,,,,Y,Y,A,01,0,0,1,0,0,0,0,0,0,"- ","- ",,,ALAMEDA,OAKLAND,-122.19084167480469,37.748497009277344
9495192,2022,2022-10-04,0109,2022-09-04,1944,9887,2,7,5,7,0109,0,0,0,,0,31Y,"98TH AV","RAILROAD AV",184.00,S,N,A,-,N,,,,,,,,,,Y,4,0,1,2,A,-,08,22107,,N,B,E,A,A,H,-,B,D,0,,,Y,,Y,,C,02,0,0,1,0,0,0,0,0,1,"- ","- ",,,ALAMEDA,OAKLAND,-122.18226623535156,37.737289428710938
9495300,2022,2022-10-06,0109,2022-08-23,1716,10001,1,2,5,7,0109,0,0,0,,0,03X,"MADISON ST","7TH ST",0.00,,Y,A,-,N,,,,,,,,,,N,3,0,1,2,A,-,10,21950,A,N,G,B,B,A,H,-,A,A,0,Y,,,,Y,,A,07,0,1,0,0,1,0,0,0,0,"- ","- ",,,ALAMEDA,OAKLAND,-122.26705169677734,37.796707153320312
9495301,2022,2022-10-03,0109,2022-08-21,2047,9814,2,7,5,7,0109,0,0,0,,0,26X,"OAKPORT ST","66TH AV",50.00,W,N,-,-,N,,,,,,,,,,Y,3,0,2,1,A,-,03,22350,,N,E,I,A,A,H,-,D,D,0,,,,,Y,,A,01,0,2,0,0,0,0,0,0,0,"- ","- ",,,ALAMEDA,OAKLAND,-122.20880126953125,37.753406524658203
9495302,2022,2022-10-03,0109,2022-08-25,1555,8347,1,4,5,7,0109,0,0,0,,0,09X,"OAKLAND AV","SANTA CLARA AV",25.00,N,N,A,-,N,,,,,,,,,,N,4,0,1,2,A,-,05,21650,1,N,A,G,A,A,H,-,A,A,0,,Y,,,Y,,L,04,0,0,1,0,0,0,1,0,0,"- ","- ",,,ALAMEDA,OAKLAND,-122.25338745117188,37.819187164306641
9495305,2022,2022-10-03,0109,2022-08-25,0753,9142,2,4,5,7,0109,0,0,0,,0,24X,"FOOTHILL BL","40TH AV",50.00,E,N,A,-,N,,,,,,,,,,N,4,0,1,2,A,-,03,22350,,N,C,C,A,A,H,-,A,A,0,,,,,Y,,A,01,0,0,1,0,0,0,0,0,0,"- ","- ",,,ALAMEDA,OAKLAND,-122.21523284912109,37.777729034423828
9495308,2022,2022-10-03,0109,2022-08-11,1751,10006,1,4,5,7,0109,0,0,0,,0,16X,"BEAUMONT AV","CHATHAM RD",0.00,,Y,A,-,N,,,,,,,,,,N,3,0,1,2,A,-,09,21801,A,N,B,C,A,A,H,-,A,A,0,,,,,Y,,A,01,0,1,0,0,0,0,0,0,0,"- ","- ",,,ALAMEDA,OAKLAND,-122.22866821289062,37.801467895507812
9495309,2022,2022-11-02,0109,2022-08-11,0826,9657,1,4,5,7,0109,0,0,0,,0,06X,"35TH ST","WEST ST",0.00,,Y,A,-,N,,,,,,,,,,N,4,0,1,2,A,-,12,21453,A,N,D,C,A,A,H,-,A,A,0,,,,,Y,,A,01,0,0,1,0,0,0,0,0,0,"- ","- ",,,ALAMEDA,OAKLAND,-122.27233123779297,37.8248291015625
9495317,2022,2022-10-03,0109,2022-08-15,1930,9717,1,1,5,7,0109,0,0,0,,0,15X,"PARK BL","CHATHAM RD",0.00,,Y,A,-,N,,,,,,,,,,N,4,0,1,3,A,-,12,21453,A,N,D,C,A,A,H,-,B,A,0,,,,,Y,Y,A,01,0,0,1,0,0,0,0,0,0,"- ","- ",,,ALAMEDA,OAKLAND,-122.23310852050781,37.804500579833984
9495320,2022,2022-10-07,0109,2022-08-18,0002,9994,2,4,5,7,0109,0,0,0,,0,20X,"27TH AV","FOOTHILL BL",10.00,S,N,A,-,N,,,,,,,,,,Y,4,0,1,2,A,-,03,22350,,M,C,C,A,A,H,-,C,A,0,,,,,Y,Y,A,01,0,0,1,0,0,0,0,0,0,"- ","- ",,,ALAMEDA,OAKLAND,-122.22792816162109,37.784507751464844
9495611,2022,2022-10-06,0109,2022-07-24,1815,9944,2,7,5,7,0109,0,0,0,,0,25X,"STEELE ST","HIGH ST",30.00,E,N,A,-,N,,,,,,,,,,N,4,0,1,2,D,-,00,,,N,A,C,A,A,H,-,A,A,0,,,,,Y,,-,"- ",0,0,1,0,0,0,0,0,0,"- ","- ",,,ALAMEDA,OAKLAND,-122.18962097167969,37.789970397949219
9498082,2022,2022-09-27,0109,2022-08-17,0810,8347,1,3,5,7,0109,0,0,0,,0,02Y,"MANDELA PKWY","14TH ST",0.00,,Y,A,-,N,,,,,,,,,,N,3,0,1,2,A,-,09,21800,A,N,D,G,A,A,H,-,A,A,0,,Y,,,Y,,A,07,0,1,0,0,0,0,1,0,0,"- ","- ",,,ALAMEDA,OAKLAND,-122.29174041748047,37.810855865478516
9498083,2022,2022-10-06,0109,2022-08-10,0704,9410,2,3,5,7,0109,0,0,0,,0,35X,"MACARTHUR BL","PALM VILLA CT",15.00,W,N,A,-,N,,,,,,,,,,N,4,0,1,2,A,-,08,22107,,N,C,E,A,A,H,-,A,A,0,,,,,Y,,A,01,0,0,1,0,0,0,0,0,0,"- ","- ",,,ALAMEDA,OAKLAND,-122.16085815429688,37.754249572753906
9498084,2022,2022-09-27,0109,2022-08-18,1716,9172,1,4,5,7,0109,0,0,0,,0,06X,"27TH ST","NORTHGATE AV",0.00,,Y,A,-,N,,,,,,,,,,N,4,0,1,2,A,-,12,21453,A,N,A,C,A,A,H,-,A,A,0,,,,,Y,,A,01,0,0,1,0,0,0,0,0,0,"- ","- ",,,ALAMEDA,OAKLAND,-122.26984405517578,37.816471099853516