CASE_ID,ACCIDENT_YEAR,PROC_DATE,JURIS,COLLISION_DATE,COLLISION_TIME,OFFICER_ID,REPORTING_DISTRICT,DAY_OF_WEEK,CHP_SHIFT,POPULATION,CNTY_CITY_LOC,SPECIAL_COND,BEAT_TYPE,CHP_BEAT_TYPE,CITY_DIVISION_LAPD,CHP_BEAT_CLASS,BEAT_NUMBER,PRIMARY_RD,SECONDARY_RD,DISTANCE,DIRECTION,INTERSECTION,WEATHER_1,WEATHER_2,STATE_HWY_IND,CALTRANS_COUNTY,CALTRANS_DISTRICT,STATE_ROUTE,ROUTE_SUFFIX,POSTMILE_PREFIX,POSTMILE,LOCATION_TYPE,RAMP_INTERSECTION,SIDE_OF_HWY,TOW_AWAY,COLLISION_SEVERITY,NUMBER_KILLED,NUMBER_INJURED,PARTY_COUNT,PRIMARY_COLL_FACTOR,PCF_CODE_OF_VIOL,PCF_VIOL_CATEGORY,PCF_VIOLATION,PCF_VIOL_SUBSECTION,HIT_AND_RUN,TYPE_OF_COLLISION,MVIW,PED_ACTION,ROAD_SURFACE,ROAD_COND_1,ROAD_COND_2,LIGHTING,CONTROL_DEVICE,CHP_ROAD_TYPE,PEDESTRIAN_ACCIDENT,BICYCLE_ACCIDENT,MOTORCYCLE_ACCIDENT,TRUCK_ACCIDENT,NOT_PRIVATE_PROPERTY,ALCOHOL_INVOLVED,STWD_VEHTYPE_AT_FAULT,CHP_VEHTYPE_AT_FAULT,COUNT_SEVERE_INJ,COUNT_VISIBLE_INJ,COUNT_COMPLAINT_PAIN,COUNT_PED_KILLED,COUNT_PED_INJURED,COUNT_BICYCLIST_KILLED,COUNT_BICYCLIST_INJURED,COUNT_MC_KILLED,COUNT_MC_INJURED,PRIMARY_RAMP,SECONDARY_RAMP,LATITUDE,LONGITUDE,COUNTY,CITY,POINT_X,POINT_Y
9498085,2022,2022-09-27,0109,2022-08-04,2118,9350,2,4,5,7,0109,0,0,0,,0,32X,"MACARTHUR BL","99TH AV",10.00,E,N,A,-,N,,,,,,,,,,Y,4,0,1,3,A,-,08,22107,,N,B,E,A,A,H,-,C,D,0,,,,,Y,,A,07,0,0,1,0,0,0,0,0,0,"- ","- ",,,ALAMEDA,OAKLAND,-122.15720367431641,37.747356414794922
9498087,2022,2022-10-06,0109,2022-08-11,1044,9786,1,4,5,7,0109,0,0,0,,0,09X,"MACARTHUR BL","MACARTHUR BL 193",0.00,,N,A,-,N,,,,,,,,,,N,4,0,1,2,A,-,10,21950,A,N,G,B,B,A,H,-,A,A,0,Y,,,,Y,,A,01,0,0,1,0,1,0,0,0,0,"- ","- ",,,ALAMEDA,OAKLAND,-122.25457000732422,37.821502685546875
9498090,2022,2022-09-27,0109,2022-08-19,1617,9971,2,5,5,7,0109,0,0,0,,0,35X,"GOLF LINKS RD","GLENLY AV",30.00,E,N,A,-,N,,,,,,,,,,N,2,0,3,2,A,-,05,21460,A,M,A,C,A,A,H,-,A,D,0,,,,,Y,,A,01,1,2,0,0,0,0,0,0,0,"- ","- ",,,ALAMEDA,OAKLAND,-122.15563201904297,37.759315490722656
9498119,2022,2022-10-04,0109,2022-08-16,1157,8824,2,2,5,7,0109,0,0,0,,0,31X,"HEGENBERGER RD","RT 880",0.00,,Y,A,-,Y,ALA,4,880,-,-,25.678,R,4,S,N,4,0,2,2,A,-,12,21453,A,N,D,C,A,A,H,-,A,A,0,,,,,Y,,A,01,0,0,2,0,0,0,0,0,0,"- ",SF,,,ALAMEDA,OAKLAND,-122.19849395751953,37.74267578125
9498159,2022,2022-09-26,0109,2022-08-06,1914,9904,2,6,5,7,0109,0,0,0,,0,32X,"98TH AV","BANCROFT AV",0.00,,Y,A,-,N,,,,,,,,,,N,4,0,1,2,A,-,12,21453,A,M,B,C,A,A,H,-,A,A,0,,,,,Y,Y,A,01,0,0,1,0,0,0,0,0,0,"- ","- ",,,ALAMEDA,OAKLAND,-122.1619873046875,37.748420715332031
9498171,2022,2022-10-10,0109,2022-07-18,1218,9732,1,1,5,7,0109,0,0,0,,0,,"7TH ST",BROADWAY,100.00,E,N,A,-,N,,,,,,,,,,N,3,0,1,2,A,-,17,22517,,N,H,G,A,A,H,-,A,D,0,,Y,,Y,Y,,F,26,0,1,0,0,0,0,1,0,0,"- ","- ",,,ALAMEDA,OAKLAND,-122.27388000488281,37.799369812011719
9498174,2022,2022-10-03,0109,2022-08-23,1446,9929,1,2,5,7,0109,0,0,0,,0,02X,"5TH ST","ADELINE ST",0.00,,Y,A,-,N,,,,,,,,,,Y,3,0,1,1,A,-,03,22350,,N,F,A,A,A,H,-,A,A,0,,,,Y,Y,,F,27,0,1,0,0,0,0,0,0,0,"- ","- ",,,ALAMEDA,OAKLAND,-122.28862762451172,37.802581787109375
9498433,2022,2022-10-21,0109,2022-09-05,0129,9917,2,1,5,7,0109,0,0,0,,0,20X,"INTERNATIONAL BL","33RD AV",0.00,,Y,A,-,N,,,,,,,,,,N,4,0,1,2,A,-,08,22107,,M,D,C,A,A,H,-,C,A,0,,,,,Y,,A,01,0,0,1,0,0,0,0,0,0,"- ","- ",,,ALAMEDA,OAKLAND,-122.22453308105469,37.7769775390625
9498434,2022,2022-10-21,0109,2022-09-03,0211,9765,1,6,5,7,0109,0,0,0,,0,19X,"14TH AV","E 12TH ST",0.00,,Y,A,-,N,,,,,,,,,,N,4,0,1,2,A,-,10,21950,A,M,G,B,B,A,H,-,C,A,0,Y,,,,Y,,A,01,0,0,1,0,1,0,0,0,0,"- ","- ",,,ALAMEDA,OAKLAND,-122.24722290039062,37.788272857666016
9498438,2022,2022-10-25,0109,2022-09-03,1521,9885,2,6,5,7,0109,0,0,0,,0,32Y,"BANCROFT AV","98TH AV",0.00,,Y,A,-,N,,,,,,,,,,Y,4,0,3,2,A,-,12,21453,A,N,A,C,A,A,H,-,A,A,0,,,,,Y,,-,"- ",0,0,3,0,0,0,0,0,0,"- ","- ",,,ALAMEDA,OAKLAND,-122.1619873046875,37.748420715332031
9498439,2022,2022-10-21,0109,2022-09-05,1337,9339,2,1,5,7,0109,0,0,0,,0,32X,"98TH AV","SUNNYSIDE ST",0.00,,Y,A,-,N,,,,,,,,,,N,4,0,2,2,A,-,09,21802,A,N,D,C,A,A,H,-,A,D,0,,,,,Y,,A,01,0,0,2,0,0,0,0,0,0,"- ","- ",,,ALAMEDA,OAKLAND,-122.16294097900391,37.747917175292969
9498656,2022,2022-10-20,0109,2022-09-11,2109,9832,1,7,5,7,0109,0,0,0,,0,19X,"5TH AV","8TH ST",0.00,,Y,A,-,N,,,,,,,,,,N,3,0,2,2,A,-,09,21801,A,N,A,C,A,A,H,-,C,A,0,,,,,Y,,A,01,0,1,1,0,0,0,0,0,0,"- ","- ",,,ALAMEDA,OAKLAND,-122.25810241699219,37.792690277099609
9498694,2022,2022-10-19,0109,2022-08-31,2112,9990,2,3,5,7,0109,0,0,0,,0,30X,"73RD AV","INTERNATIONAL BL",0.00,,Y,A,-,N,,,,,,,,,,N,3,0,1,2,A,-,10,21950,A,M,G,B,D,A,H,-,C,A,0,Y,,,,Y,Y,-,99,0,1,0,0,1,0,0,0,0,"- ","- ",,,ALAMEDA,OAKLAND,-122.18708038330078,37.759212493896484
9498802,2022,2022-11-14,0109,2022-09-18,1324,10042,2,7,5,7,0109,0,0,0,,0,23X,"42ND AV","INTERNATIONAL BL",20.00,S,N,B,-,Y,ALA,4,77,-,-,0.440,H,-,S,N,4,0,1,2,A,-,08,22107,,N,D,C,A,B,G,-,A,D,0,,,,,Y,,A,01,0,0,1,0,0,0,0,0,0,"- ","- ",,,ALAMEDA,OAKLAND,-122.21639251708984,37.77294921875
9498859,2022,2023-06-14,0109,2022-07-15,1135,9934,2,5,5,7,0109,0,0,0,,0,29X,"FOOTHILL BL","62ND AV",5.00,E,N,A,-,N,,,,,,,,,,N,4,0,2,2,A,-,03,22350,,N,C,C,A,A,H,-,A,A,0,,,,,Y,,A,01,0,0,2,0,0,0,0,0,0,"- ","- ",,,ALAMEDA,OAKLAND,-122.18662261962891,37.771087646484375
9499033,2022,2022-10-20,0109,2022-07-13,2003,10005,1,3,5,7,0109,0,0,0,,0,10X,"55TH ST","MARKET ST",0.00,,Y,A,-,N,,,,,,,,,,N,3,0,2,2,A,-,12,21453,A,N,D,C,A,A,H,-,A,A,0,,,,,Y,,A,01,0,1,1,0,0,0,0,0,0,"- ","- ",,,ALAMEDA,OAKLAND,-122.27390289306641,37.839248657226562
9499034,2022,2022-10-21,0109,2022-07-13,2013,9167,2,3,5,7,0109,0,0,0,,0,24X,"35TH AV","RT 580",225.00,N,N,A,-,N,,,,,,,,,,Y,4,0,1,2,A,-,09,21801,A,N,A,C,A,A,-,-,C,D,0,,,,,Y,,A,01,0,0,1,0,0,0,0,0,0,"- ","- ",,,ALAMEDA,OAKLAND,-122.19744873046875,37.795711517333984
9499039,2022,2022-10-20,0109,2022-07-15,1029,9841,2,5,5,7,0109,0,0,0,,0,26X,"66TH AV","INTERNATIONAL BL",59.00,S,N,A,-,N,,,,,,,,,,N,4,0,2,3,A,-,03,22350,,N,C,C,A,A,H,-,A,A,0,,,,,Y,,A,01,0,0,2,0,0,0,0,0,0,"- ","- ",,,ALAMEDA,OAKLAND,-122.19374084472656,37.762371063232422
9499040,2022,2022-10-20,0109,2022-07-13,2200,9369,1,3,5,7,0109,0,0,0,,0,13Z,"MOUNTAIN BL","ASCOT DR",170.00,S,N,A,-,N,,,,,,,,,,N,4,0,1,1,A,-,03,22350,,N,E,I,A,A,H,-,C,D,0,,,,,Y,,A,01,0,0,1,0,0,0,0,0,0,"- ","- ",,,ALAMEDA,OAKLAND,-122.20325469970703,37.817768096923828
9499109,2022,2022-10-20,0109,2022-09-04,2328,9927,2,7,5,7,0109,0,0,0,,0,23X,"42ND AV","INTERNATIONAL BL",5.00,S,N,A,-,N,,,,,,,,,,N,4,0,1,2,A,-,11,21955,,N,G,B,C,A,H,-,C,A,0,Y,,,,Y,Y,N,60,0,0,1,0,1,0,0,0,0,"- ","- ",,,ALAMEDA,OAKLAND,-122.21627044677734,37.772998809814453
9499366,2022,2022-11-16,0109,2022-09-30,0743,10004,1,5,5,7,0109,0,0,0,,0,19X,"E 12TH ST","1ST AV",50.00,W,N,A,-,N,,,,,,,,,,N,3,0,2,1,A,-,03,22350,,N,-,A,A,A,H,-,A,A,0,,,,Y,Y,,F,26,0,2,0,0,0,0,0,0,0,"- ","- ",,,ALAMEDA,OAKLAND,-122.25820922851562,37.798271179199219
9499370,2022,2022-10-20,0109,2022-09-28,1842,8959,1,3,5,7,0109,0,0,0,,0,08X,BROADWAY,"24TH ST",6.00,N,N,A,-,N,,,,,,,,,,Y,4,0,1,2,A,-,03,22350,,N,C,C,A,A,H,-,B,D,0,,,,,Y,,A,01,0,0,1,0,0,0,0,0,0,"- ","- ",,,ALAMEDA,OAKLAND,-122.26551055908203,37.813404083251953
9499430,2022,2022-10-20,0109,2022-09-06,1254,9562,1,2,5,7,0109,0,0,0,,0,02X,"3RD ST","MIDDLE HARBOR RD",10.00,E,N,A,-,N,,,,,,,,,,N,4,0,1,2,A,-,09,21800,A,N,A,C,A,A,H,-,A,B,0,,,,Y,Y,,A,01,0,0,1,0,0,0,0,0,0,"- ","- ",,,ALAMEDA,OAKLAND,-122.28921508789062,37.801090240478516
9500130,2022,2022-09-30,0109,2022-07-30,1006,9618,2,6,5,7,0109,0,0,0,,0,23X,"INTERNATIONAL BL","40TH AV",0.00,,Y,B,-,N,,,,,,,,,,N,4,0,1,2,A,-,09,21802,A,N,D,C,A,D,H,-,A,A,0,,,Y,,Y,,A,01,0,0,1,0,0,0,0,0,1,"- ","- ",,,ALAMEDA,OAKLAND,-122.21811676025391,37.773918151855469
9500135,2022,2022-09-30,0109,2022-07-16,0759,9732,1,6,5,7,0109,0,0,0,,0,08X,"27TH ST","NORTHGATE AV",0.00,,Y,A,-,N,,,,,,,,,,N,3,0,1,2,A,-,12,21453,A,N,D,C,A,A,H,-,A,A,0,,,,,Y,,A,01,0,1,0,0,0,0,0,0,0,"- ","- ",,,ALAMEDA,OAKLAND,-122.26984405517578,37.816471099853516
9500164,2022,2022-09-30,0109,2022-06-24,1537,9966,2,5,5,7,0109,0,0,0,,0,27X,"45TH AV","BANCROFT AV",0.00,,Y,A,-,N,,,,,,,,,,N,4,0,2,2,A,-,09,21802,A,N,D,C,A,A,H,-,A,A,0,,,,,Y,,A,01,0,0,2,0,0,0,0,0,0,"- ","- ",,,ALAMEDA,OAKLAND,-122.21198272705078,37.772632598876953
9500675,2022,2022-10-13,0109,2022-05-22,2122,9727,2,7,5,7,0109,0,0,0,,0,34X,"98TH AV","HOLLY ST",0.00,,Y,A,-,N,,,,,,,,,,N,4,0,1,2,A,-,08,22107,,N,B,C,A,A,H,-,C,A,0,,,,,Y,,A,01,0,0,1,0,0,0,0,0,0,"- ","- ",,,ALAMEDA,OAKLAND,-122.16937255859375,37.744911193847656
9500677,2022,2022-10-13,0109,2022-05-13,2252,9575,1,5,5,7,0109,0,0,0,,0,08X,BROADWAY,"29TH ST",0.00,,Y,A,-,N,,,,,,,,,,N,4,0,1,2,A,-,09,21801,,N,-,C,A,A,H,-,C,A,0,,,Y,,Y,,A,07,0,0,1,0,0,0,0,0,1,"- ","- ",,,ALAMEDA,OAKLAND,-122.26309204101562,37.817424774169922
9502539,2022,2022-09-19,0109,2022-08-01,1800,9590,1,1,5,7,0109,0,0,0,,0,13X,BROADWAY,"KEITH ST",30.00,N,N,A,-,N,,,,,,,,,,N,4,0,1,1,C,-,18,,,N,A,I,A,A,H,-,A,D,0,,,,,Y,,-,"- ",0,0,1,0,0,0,0,0,0,"- ","- ",,,ALAMEDA,OAKLAND,-122.24469757080078,37.846958160400391
9502730,2022,2022-09-16,0109,2022-06-23,0715,10004,2,4,5,7,0109,0,0,0,,0,29X,"FAIRFAX AV","HIGH ST",0.00,,Y,A,-,N,,,,,,,,,,N,4,0,1,2,A,-,10,21950,A,N,G,B,B,A,H,-,A,A,0,Y,,,,Y,,A,01,0,0,1,0,1,0,0,0,0,"- ","- ",,,ALAMEDA,OAKLAND,-122.20581817626953,37.780757904052734
9502737,2022,2022-09-16,0109,2022-06-28,0800,9039,1,2,5,7,0109,0,0,0,,0,09X,BROADWAY,"45TH ST",0.00,,Y,A,-,N,,,,,,,,,,N,4,0,1,2,A,-,09,21801,A,N,E,C,A,A,H,-,A,A,0,,,,,Y,Y,-,,0,0,1,0,0,0,0,0,0,"- ","- ",,,ALAMEDA,OAKLAND,-122.25315093994141,37.833183288574219
9504704,2022,2022-10-25,0109,2022-07-31,2253,9691,1,7,5,7,0109,0,0,0,,0,17X,"E 21ST ST","8TH AV",0.00,,Y,A,-,N,,,,,,,,,,N,4,0,2,2,A,-,12,22450,A,M,A,C,A,A,H,-,C,A,0,,,,,Y,,-,99,0,0,2,0,0,0,0,0,0,"- ","- ",,,ALAMEDA,OAKLAND,-122.244873046875,37.798164367675781
9504705,2022,2022-10-26,0109,2022-07-05,1420,9821,1,2,5,7,0109,0,0,0,,0,07X,"26TH ST","MARKET ST",0.00,,Y,A,-,N,,,,,,,,,,N,3,0,1,2,A,-,10,21950,A,M,G,B,B,A,H,-,A,A,0,Y,,,,Y,,A,01,0,1,0,0,1,0,0,0,0,"- ","- ",,,ALAMEDA,OAKLAND,-122.27754974365234,37.817497253417969
9504706,2022,2022-10-25,0109,2022-07-16,2010,9960,1,6,5,7,0109,0,0,0,,0,06X,"36TH ST","WEST ST",0.00,,Y,F,-,N,,,,,,,,,,N,3,0,1,2,D,-,00,,,N,G,B,F,A,H,-,A,A,0,Y,,,,Y,,-,"- ",0,1,0,0,1,0,0,0,0,"- ","- ",,,ALAMEDA,OAKLAND,-122.27214050292969,37.825630187988281
9504708,2022,2022-10-26,0109,2022-07-15,0658,9969,2,5,5,7,0109,0,0,0,,0,30X,"MACARTHUR BL","PARKER AV",5.00,E,N,A,-,N,,,,,,,,,,N,3,0,1,2,A,-,08,22107,,N,A,C,A,A,H,-,A,A,0,,,,,Y,,A,01,0,1,0,0,0,0,0,0,0,"- ","- ",,,ALAMEDA,OAKLAND,-122.16774749755859,37.765998840332031
9504709,2022,2022-10-26,0109,2022-07-24,1346,9943,1,7,5,7,0109,0,0,0,,0,08X,"34TH ST","TELEGRAPH AV",0.00,,-,A,-,N,,,,,,,,,,N,4,0,1,2,A,-,12,21453,A,N,C,-,A,A,H,-,A,A,0,,,,,Y,,A,01,0,0,1,0,0,0,0,0,0,"- ","- ",,,ALAMEDA,OAKLAND,-122.26625061035156,37.822471618652344
9504710,2022,2022-10-26,0109,2022-07-22,1247,10010,1,5,5,7,0109,0,0,0,,0,16X,"ARDLEY AV","MACARTHUR BL",45.00,N,N,A,-,N,,,,,,,,,,N,4,0,1,2,D,-,00,,,N,C,-,A,A,H,-,A,D,0,,,,,Y,,-,"- ",0,0,1,0,0,0,0,0,0,"- ","- ",,,ALAMEDA,OAKLAND,-122.22382354736328,37.800739288330078
9504744,2022,2022-10-28,0109,2022-06-02,1316,9940,1,4,5,7,0109,0,0,0,,0,02X,"8TH ST","ADELINE ST",0.00,,Y,A,-,N,,,,,,,,,,Y,3,0,2,2,A,-,12,21453,A,N,F,C,A,A,H,-,A,A,0,,,,,Y,,A,01,0,1,1,0,0,0,0,0,0,"- ","- ",,,ALAMEDA,OAKLAND,-122.28782653808594,37.804851531982422
9504756,2022,2022-11-22,0109,2022-06-12,2108,9897,2,7,5,7,0109,0,0,0,,0,23X,"SAN LEANDRO ST","35TH AV",8.00,S,N,A,-,N,,,,,,,,,,Y,2,0,1,2,A,-,03,22350,,N,A,C,A,A,H,-,C,A,0,,,Y,,Y,,C,03,1,0,0,0,0,0,0,0,1,"- ","- ",,,ALAMEDA,OAKLAND,-122.22423553466797,37.774017333984375
9504778,2022,2022-10-31,0109,2022-06-12,2310,9828,2,7,5,7,0109,0,0,0,,0,34X,"BANCROFT AV","86TH AV",0.00,,Y,A,-,N,,,,,,,,,,Y,3,0,1,2,A,-,03,22350,,M,D,C,A,A,H,-,C,B,0,,,,,Y,,A,01,0,1,0,0,0,0,0,0,0,"- ","- ",,,ALAMEDA,OAKLAND,-122.16825866699219,37.756855010986328
9504779,2022,2022-10-31,0109,2022-06-06,1248,9984,1,1,5,7,0109,0,0,0,,0,18X,"19TH AV","27TH ST",0.00,,Y,A,-,N,,,,,,,,,,Y,2,0,1,3,A,-,03,22350,,N,A,E,A,A,H,-,A,A,0,,,,,Y,,A,07,1,0,0,0,0,0,0,0,0,"- ","- ",,,ALAMEDA,OAKLAND,-122.23191070556641,37.795986175537109
9504781,2022,2022-10-31,0109,2022-06-18,1700,9407,1,6,5,7,0109,0,0,0,,0,15X,"CHATHAM RD","PARK BL",0.00,,Y,A,-,N,,,,,,,,,,N,4,0,1,2,A,-,08,22107,,M,D,C,A,A,H,-,A,A,0,,,Y,,Y,,A,01,0,0,1,0,0,0,0,0,1,"- ","- ",,,ALAMEDA,OAKLAND,-122.23310852050781,37.804500579833984
9505408,2022,2022-10-19,0109,2022-07-17,2252,9860,1,7,5,7,0109,0,0,0,,0,03X,"7TH ST","JEFFERSON ST",0.00,,Y,A,-,N,,,,,,,,,,N,4,0,5,2,A,-,12,21453,A,N,B,C,A,A,H,-,C,A,0,,,,Y,Y,,-,"- ",0,0,5,0,0,0,0,0,0,"- ","- ",,,ALAMEDA,OAKLAND,-122.27777862548828,37.800899505615234
9505412,2022,2022-10-19,0109,2022-07-08,2036,9943,1,5,5,7,0109,0,0,0,,0,19X,"16TH AV","INTERNATONAL BL",0.00,,Y,A,-,N,,,,,,,,,,N,3,0,2,3,A,-,12,21453,A,N,D,C,A,A,H,-,B,A,0,,,,,Y,,A,07,0,1,1,0,0,0,0,0,0,"- ","- ",,,ALAMEDA,OAKLAND,-122.24417114257812,37.788337707519531
9507157,2022,2022-10-24,0109,2022-08-16,1606,9897,2,2,5,7,0109,0,0,0,,0,23X,"INTERNATIONAL BL","FRUITVALE AV",0.00,,Y,A,-,N,,,,,,,,,,N,4,0,1,2,A,-,12,21453,A,M,A,C,A,A,H,-,A,A,0,,,,,Y,,A,01,0,0,1,0,0,0,0,0,0,"- ","- ",,,ALAMEDA,OAKLAND,-122.225830078125,37.777606964111328
9513073,2022,2022-10-27,0109,2022-09-28,1235,9149,1,3,5,7,0109,0,0,0,,0,06X,"WEST ST","SYCAMORE ST",0.00,,Y,A,-,N,,,,,,,,,,N,4,0,1,2,A,-,10,21950,A,M,B,C,A,A,H,-,A,D,0,,,,,Y,,-,,0,0,1,0,0,0,0,0,0,"- ","- ",,,ALAMEDA,OAKLAND,-122.27454376220703,37.816082000732422
9516067,2022,2022-12-15,0109,2022-11-05,2200,9220,1,6,5,7,0109,0,0,0,,0,09X,BROADWAY,"BROOKE ST",0.00,,Y,A,-,N,,,,,,,,,,N,2,0,1,2,A,-,03,22350,,F,D,C,A,B,H,-,C,A,0,,,,,Y,,A,07,1,0,0,0,0,0,0,0,0,"- ","- ",,,ALAMEDA,OAKLAND,-122.26100921630859,37.820545196533203
9516068,2022,2022-12-15,0109,2022-11-05,0156,9812,1,6,5,7,0109,0,0,0,,0,03X,"JACKSON ST","11TH ST",0.00,,Y,B,C,N,,,,,,,,,,N,4,0,2,2,A,-,12,21453,A,M,D,C,A,B,H,-,C,A,0,,,,,Y,,A,01,0,0,2,0,0,0,0,0,0,"- ","- ",,,ALAMEDA,OAKLAND,-122.26651000976562,37.799900054931641
9516103,2022,2022-12-14,0109,2022-10-31,1711,9880,2,1,5,7,0109,0,0,0,,0,30X,"CHURCH ST","FOOTHILL BL",0.00,,Y,A,-,N,,,,,,,,,,N,4,0,1,2,A,-,08,22107,,M,B,G,A,A,H,-,A,D,0,,Y,,,Y,Y,D,22,0,0,1,0,0,0,1,0,0,"- ","- ",,,ALAMEDA,OAKLAND,-122.17741394042969,37.769840240478516
9516691,2022,2022-12-13,0109,2022-10-26,1530,9929,1,3,5,7,0109,0,0,0,,0,04X,BROADWAY,"20TH ST",0.00,,Y,A,-,N,,,,,,,,,,N,3,0,1,2,A,-,10,21950,A,N,G,B,B,A,H,-,A,A,0,Y,,,,Y,,A,01,0,1,0,0,1,0,0,0,0,"- ","- ",,,ALAMEDA,OAKLAND,-122.26823425292969,37.809055328369141
9516694,2022,2022-12-13,0109,2022-10-26,0650,10027,2,3,5,7,0109,0,0,0,,0,20X,"FRUITVALE AV","E 9TH ST",0.00,,Y,A,-,N,,,,,,,,,,N,4,0,1,2,A,-,10,21950,A,N,-,B,B,A,H,-,B,A,0,Y,,,,Y,,A,01,0,0,1,0,1,0,0,0,0,"- ","- ",,,ALAMEDA,OAKLAND,-122.22784423828125,37.773487091064453
9516711,2022,2022-12-27,0109,2022-11-14,1847,10048,1,1,5,7,0109,0,0,0,,0,19X,"8TH AV","E 8TH ST",0.00,,Y,A,-,N,,,,,,,,,,N,4,0,1,2,A,-,03,22350,,N,C,C,A,A,H,-,C,D,0,,,,,Y,,A,01,0,0,1,0,0,0,0,0,0,"- ","- ",,,ALAMEDA,OAKLAND,-122.25490570068359,37.790992736816406
9516712,2022,2022-12-27,0109,2022-11-15,1730,10008,1,2,5,7,0109,0,0,0,,0,18Y,"21ST AV","E 21ST ST",0.00,,Y,A,-,N,,,,,,,,,,N,4,0,1,2,A,-,12,22450,A,N,D,C,A,A,H,-,C,D,0,,,,,Y,,A,07,0,0,1,0,0,0,0,0,0,"- ","- ",,,ALAMEDA,OAKLAND,-122.23412322998047,37.790206909179688
9516898,2022,2022-12-15,0109,2022-03-22,0012,9963,1,2,5,7,0109,0,0,0,,0,06X,"MARKET ST","W MACARTHUR BL",200.00,S,N,A,-,N,,,,,,,,,,Y,2,0,1,3,A,-,03,22350,,N,C,E,A,A,H,-,C,A,0,,,,,Y,Y,A,01,1,0,0,0,0,0,0,0,0,"- ","- ",,,ALAMEDA,OAKLAND,-122.27472686767578,37.827449798583984
9516899,2022,2022-12-30,0109,2022-05-12,1515,9930,2,4,5,7,0109,0,0,0,,0,26X,"66TH AV","LION WY",180.00,N,N,A,-,N,,,,,,,,,,N,4,0,1,2,A,-,10,21950,A,N,G,B,D,A,H,-,A,D,0,Y,,,,Y,,-,"- ",0,0,1,0,1,0,0,0,0,"- ","- ",,,ALAMEDA,OAKLAND,-122.19804382324219,37.758983612060547
9516901,2022,2022-12-16,0109,2022-05-17,2051,9966,2,2,5,7,0109,0,0,0,,0,31Y,"98TH AV","AIRPORT ACCESS RD",0.00,,Y,A,-,N,,,,,,,,,,N,4,0,1,2,A,-,09,21801,A,N,B,C,A,A,H,-,C,A,0,,,,,Y,,A,01,0,0,1,0,0,0,0,0,0,"- ","- ",,,ALAMEDA,OAKLAND,-122.19868469238281,37.727676391601562
9516902,2022,2022-12-15,0109,2022-05-12,2200,9948,2,4,5,7,0109,0,0,0,,0,27X,"THOMPSON ST","COURTLAND AV",0.00,,Y,C,-,N,,,,,,,,,,N,4,0,1,1,A,-,03,22350,A,N,H,J,A,A,A,-,A,D,0,,,,,Y,,-,,0,0,1,0,0,0,0,0,0,"- ","- ",,,ALAMEDA,OAKLAND,-122.207763671875,37.777267456054688
9518718,2022,2023-01-26,0109,2022-11-26,1456,9070,1,6,5,7,0109,0,0,0,,0,03X,"10TH ST","OAK ST",0.00,,Y,A,-,N,,,,,,,,,,N,4,0,2,2,A,-,12,21453,A,N,D,C,A,A,H,-,A,A,0,,,,,Y,,A,01,0,0,2,0,0,0,0,0,0,"- ","- ",,,ALAMEDA,OAKLAND,-122.26456451416016,37.798309326171875
9518719,2022,2023-01-26,0109,2022-11-27,1722,9962,2,7,5,7,0109,0,0,0,,0,21Y,"BROOKDALE AV","FRUITVALE AV",0.00,,Y,A,-,N,,,,,,,,,,N,4,0,1,2,A,-,09,21801,A,N,D,C,A,A,H,-,B,D,0,,,,,Y,,A,01,0,0,1,0,0,0,0,0,0,"- ","- ",,,ALAMEDA,OAKLAND,-122.21904754638672,37.793060302734375
9518720,2022,2023-01-26,0109,2022-11-26,2320,9988,1,6,5,7,0109,0,0,0,,0,30X,"13TH ST","JACKSON ST",0.00,,Y,A,-,N,,,,,,,,,,N,4,0,1,2,A,-,12,21457,A,F,B,C,A,A,H,-,C,A,0,,,,,Y,,A,01,0,0,1,0,0,0,0,0,0,"- ","- ",,,ALAMEDA,OAKLAND,-122.26567077636719,37.801277160644531
9518804,2022,2023-02-08,0109,2022-04-30,2319,9220,1,6,5,7,0109,0,0,0,,0,09X,"WEST MACARTHUR BL",BROADWAY,0.00,,Y,A,-,N,,,,,,,,,,N,4,0,1,2,A,-,09,21801,A,M,D,C,A,A,H,-,C,A,0,,,,,Y,,A,07,0,0,1,0,0,0,0,0,0,"- ","- ",,,ALAMEDA,OAKLAND,-122.25868225097656,37.824371337890625
9518996,2022,2023-02-02,0109,2022-11-04,0756,9996,1,5,5,7,0109,0,0,0,,0,04X,"LAKESIDE DR","HARRISON ST",0.00,,Y,A,-,N,,,,,,,,,,N,3,0,1,2,A,-,12,22450,A,N,G,G,A,A,H,-,A,A,0,,Y,,,Y,,A,01,0,1,0,0,0,0,1,0,0,"- ","- ",,,ALAMEDA,OAKLAND,-122.26361846923828,37.808433532714844
9519000,2022,2023-02-02,0109,2022-11-26,2244,9804,1,6,5,7,0109,0,0,0,,0,04X,"17TH ST","CASTRO ST",0.00,,Y,A,-,N,,,,,,,,,,N,4,0,3,2,A,-,12,21453,A,N,D,C,A,A,H,-,C,A,0,,,,,Y,,A,01,0,0,3,0,0,0,0,0,0,"- ","- ",,,ALAMEDA,OAKLAND,-122.27596282958984,37.808647155761719