CASE_ID,ACCIDENT_YEAR,PROC_DATE,JURIS,COLLISION_DATE,COLLISION_TIME,OFFICER_ID,REPORTING_DISTRICT,DAY_OF_WEEK,CHP_SHIFT,POPULATION,CNTY_CITY_LOC,SPECIAL_COND,BEAT_TYPE,CHP_BEAT_TYPE,CITY_DIVISION_LAPD,CHP_BEAT_CLASS,BEAT_NUMBER,PRIMARY_RD,SECONDARY_RD,DISTANCE,DIRECTION,INTERSECTION,WEATHER_1,WEATHER_2,STATE_HWY_IND,CALTRANS_COUNTY,CALTRANS_DISTRICT,STATE_ROUTE,ROUTE_SUFFIX,POSTMILE_PREFIX,POSTMILE,LOCATION_TYPE,RAMP_INTERSECTION,SIDE_OF_HWY,TOW_AWAY,COLLISION_SEVERITY,NUMBER_KILLED,NUMBER_INJURED,PARTY_COUNT,PRIMARY_COLL_FACTOR,PCF_CODE_OF_VIOL,PCF_VIOL_CATEGORY,PCF_VIOLATION,PCF_VIOL_SUBSECTION,HIT_AND_RUN,TYPE_OF_COLLISION,MVIW,PED_ACTION,ROAD_SURFACE,ROAD_COND_1,ROAD_COND_2,LIGHTING,CONTROL_DEVICE,CHP_ROAD_TYPE,PEDESTRIAN_ACCIDENT,BICYCLE_ACCIDENT,MOTORCYCLE_ACCIDENT,TRUCK_ACCIDENT,NOT_PRIVATE_PROPERTY,ALCOHOL_INVOLVED,STWD_VEHTYPE_AT_FAULT,CHP_VEHTYPE_AT_FAULT,COUNT_SEVERE_INJ,COUNT_VISIBLE_INJ,COUNT_COMPLAINT_PAIN,COUNT_PED_KILLED,COUNT_PED_INJURED,COUNT_BICYCLIST_KILLED,COUNT_BICYCLIST_INJURED,COUNT_MC_KILLED,COUNT_MC_INJURED,PRIMARY_RAMP,SECONDARY_RAMP,LATITUDE,LONGITUDE,COUNTY,CITY,POINT_X,POINT_Y
9519277,2022,2023-02-07,0109,2022-11-27,0835,10042,2,7,5,7,0109,0,0,0,,0,20X,"INTERNATIONAL BL","23RD AV",6.00,N,N,A,-,N,,,,,,,,,,N,4,0,3,3,A,-,12,21453,A,N,H,C,A,A,H,-,A,A,0,,,,,Y,,A,01,0,0,3,0,0,0,0,0,0,"- ","- ",,,ALAMEDA,OAKLAND,-122.23595428466797,37.783428192138672
9519980,2022,2023-02-13,0109,2022-11-03,0829,9149,1,4,5,7,0109,0,0,0,,0,03X,"14TH ST","JEFFERSON ST",0.00,,Y,A,-,N,,,,,,,,,,N,2,0,1,2,A,-,12,21453,A,N,G,B,B,A,H,-,A,A,0,Y,,,,Y,,A,01,1,0,0,0,1,0,0,0,0,"- ","- ",,,ALAMEDA,OAKLAND,-122.27479553222656,37.805740356445312
9520396,2022,2023-02-13,0109,2022-05-27,2238,8483,1,5,5,7,0109,0,0,0,,0,11X,"SHATTUCK AV","55TH ST",0.00,,Y,A,-,N,,,,,,,,,,N,1,1,0,2,A,-,09,21801,A,N,A,C,A,A,H,-,C,A,0,,Y,,,Y,,L,04,0,0,0,0,0,1,0,0,0,"- ","- ",,,ALAMEDA,OAKLAND,-122.26451873779297,37.840427398681641
9520551,2022,2023-05-24,0109,2022-01-21,2000,8881,2,5,5,7,0109,0,0,0,,0,27X,"BANCROFT AV","61ST AV",90.00,E,N,A,G,N,,,,,,,,,,N,1,1,0,2,A,-,11,21954,A,F,G,B,D,A,H,-,B,A,0,Y,,,,Y,,N,60,0,0,0,1,0,0,0,0,0,"- ","- ",,,ALAMEDA,OAKLAND,-122.18859100341797,37.770481109619141
9520581,2022,2023-06-16,0109,2022-03-08,1824,8414,2,2,5,7,0109,0,0,0,,0,31X,"BALDWIN ST","HEGENBERGER RD",387.00,E,N,A,-,N,,,,,,,,,,Y,1,1,0,2,A,-,01,23152,F,N,D,C,A,A,H,-,C,D,0,,,Y,,Y,,C,02,0,0,0,0,0,0,0,1,0,"- ","- ",,,ALAMEDA,OAKLAND,-122.19589233398438,37.748115539550781
9520751,2022,2023-07-19,0109,2022-08-25,1602,8483,1,4,5,7,0109,0,0,0,,0,09X,"MACARTHUR BL","PIEDMONT AV",0.00,,Y,A,-,N,,,,,,,,,,Y,1,1,0,2,A,-,03,22350,,F,G,B,E,A,H,-,A,A,0,Y,,,,Y,,A,01,0,0,0,1,0,0,0,0,0,"- ","- ",,,ALAMEDA,OAKLAND,-122.25663757324219,37.823200225830078
9520894,2022,2023-08-29,0109,2022-06-16,2021,9372,1,4,5,7,0109,0,0,0,,0,04X,"14TH ST","JEFFERSON BL",0.00,,Y,A,-,N,,,,,,,,,,N,1,1,0,2,A,-,12,21453,A,F,H,G,A,A,H,-,A,A,0,,Y,,,Y,,A,01,0,0,0,0,0,1,0,0,0,"- ","- ",,,ALAMEDA,OAKLAND,-122.27479553222656,37.805740356445312
9520906,2022,2023-08-29,0109,2022-07-17,2211,8414,2,7,5,7,0109,0,0,0,,0,27Y,"BANCROFT AV","62ND AV",0.00,,Y,A,-,N,,,,,,,,,,N,1,1,0,2,D,-,00,,,F,G,B,E,A,H,-,C,D,0,Y,,,,Y,Y,-,"- ",0,0,0,1,0,0,0,0,0,"- ","- ",,,ALAMEDA,OAKLAND,-122.18762969970703,37.770362854003906
9522802,2022,2023-01-11,0109,2022-11-14,1246,9409,2,1,5,7,0109,0,0,0,,0,30X,"73RD AV","MACARTHUR BL",100.00,S,N,A,-,N,,,,,,,,,,N,4,0,1,2,A,-,03,22350,,N,C,C,A,A,H,-,A,A,0,,,,,Y,,A,01,0,0,1,0,0,0,0,0,0,"- ","- ",,,ALAMEDA,OAKLAND,-122.17235565185547,37.769035339355469
9522858,2022,2023-01-11,0109,2022-11-21,1534,9904,2,1,5,7,0109,0,0,0,,0,31X,"COLISEUM WY","HIGH ST",200.00,E,N,A,-,N,,,,,,,,,,N,4,0,1,2,A,-,08,22107,,M,B,C,A,A,H,-,A,D,0,,,,,Y,,D,22,0,0,1,0,0,0,0,0,0,"- ","- ",,,ALAMEDA,OAKLAND,-122.21964263916016,37.768020629882812
9522862,2022,2023-01-10,0109,2022-11-05,2014,9915,2,6,5,7,0109,0,0,0,,0,26X,"73RD AV","INTERNATIONAL BL",0.00,,Y,C,-,N,,,,,,,,,,Y,4,0,1,2,A,-,03,22350,,N,C,C,A,B,H,-,C,A,0,,,,,Y,,A,01,0,0,1,0,0,0,0,0,0,"- ","- ",,,ALAMEDA,OAKLAND,-122.18708038330078,37.759212493896484
9522987,2022,2023-01-04,0109,2022-11-09,0943,9982,2,3,5,7,0109,0,0,0,,0,29X,"SEMINARY AV","BRANN ST",0.00,,Y,A,-,N,,,,,,,,,,N,4,0,1,2,A,-,12,22450,A,N,D,C,A,A,H,-,A,A,0,,,,,Y,,A,01,0,0,1,0,0,0,0,0,0,SO,"- ",,,ALAMEDA,OAKLAND,-122.18644714355469,37.774467468261719
9522988,2022,2023-01-04,0109,2022-11-12,1505,9881,1,6,5,7,0109,0,0,0,,0,10X,"SAN PABLO AV","59TH ST",50.00,N,N,A,-,N,,,,,,,,,,N,4,0,1,3,A,-,21,22106,,N,D,C,A,A,H,-,A,D,0,,,,,Y,,D,22,0,0,1,0,0,0,0,0,0,"- ","- ",,,ALAMEDA,OAKLAND,-122.28339385986328,37.8421630859375
9522996,2022,2023-01-04,0109,2022-11-16,0821,9904,1,3,5,7,0109,0,0,0,,0,03X,"10TH ST","HARRISON ST",0.00,,Y,A,-,N,,,,,,,,,,N,3,0,1,2,A,-,10,21950,A,N,G,B,B,A,-,-,A,A,0,Y,,,,Y,,A,01,0,1,0,0,1,0,0,0,0,"- ","- ",,,ALAMEDA,OAKLAND,-122.26931762695312,37.800151824951172
9522997,2022,2023-01-04,0109,2022-11-18,0747,9914,2,5,5,7,0109,0,0,0,,0,35X,"82ND AV","BANCROFT AV",0.00,,Y,A,-,N,,,,,,,,,,N,4,0,1,2,A,-,09,21801,A,N,G,G,A,A,H,-,A,A,0,,Y,,,Y,,A,07,0,0,1,0,0,0,1,0,0,"- ","- ",,,ALAMEDA,OAKLAND,-122.17059326171875,37.759986877441406
9522998,2022,2023-01-04,0109,2022-11-13,1830,9675,1,7,5,7,0109,0,0,0,,0,10X,"TELEGRAPH AV","55TH ST",0.00,,Y,A,-,N,,,,,,,,,,N,4,0,1,2,A,-,08,22107,,N,B,G,A,A,H,-,C,A,0,,Y,,,Y,,A,01,0,0,1,0,0,0,1,0,0,"- ","- ",,,ALAMEDA,OAKLAND,-122.26189422607422,37.840213775634766
9523002,2022,2022-12-30,0109,2022-11-04,1830,8483,2,5,5,7,0109,0,0,0,,0,28X,"MACARTHUR BL","55TH AV",50.00,E,N,A,-,N,,,,,,,,,,N,4,0,1,2,A,-,05,21460,A,M,D,C,A,A,H,-,C,D,0,,,,,Y,,A,01,0,0,1,0,0,0,0,0,0,"- ","- ",,,ALAMEDA,OAKLAND,-122.18796539306641,37.777687072753906
9523150,2022,2022-12-27,0109,2022-10-03,2349,9811,2,1,5,7,0109,0,0,0,,0,32Y,"BANCROFT AV","106TH AV",170.00,W,N,A,-,N,,,,,,,,,,Y,4,0,1,3,A,-,08,22107,,N,C,E,A,A,H,-,C,D,0,,,,,Y,,A,01,0,0,1,0,0,0,0,0,0,"- ","- ",,,ALAMEDA,OAKLAND,-122.1572265625,37.741916656494141
9523541,2022,2022-11-30,0109,2022-10-05,1628,9242,1,3,5,7,0109,0,0,0,,0,16X,"TRESTLE GLEN RD","WESLEY AV",15.00,W,N,A,-,N,,,,,,,,,,N,2,0,1,2,A,-,10,21950,A,N,D,B,B,A,H,-,A,A,0,Y,,,,Y,,A,01,1,0,0,0,1,0,0,0,0,"- ","- ",,,ALAMEDA,OAKLAND,-122.24295043945312,37.810741424560547
9523543,2022,2022-12-08,0109,2022-10-06,1349,9987,1,4,5,7,0109,0,0,0,,0,12Y,"CLAREMONT AV","FOREST ST",0.00,,Y,A,-,N,,,,,,,,,,N,4,0,1,2,A,-,12,21453,A,N,H,G,A,A,H,-,A,A,0,,Y,,,Y,,-,"- ",0,0,1,0,0,0,1,0,0,"- ","- ",,,ALAMEDA,OAKLAND,-122.25614929199219,37.844657897949219
9523545,2022,2022-12-01,0109,2022-10-03,1056,9951,1,1,5,7,0109,0,0,0,,0,04X,"THOMAS L BERKLEY WY","SAN PABLO AV",0.00,,Y,A,-,N,,,,,,,,,,N,3,0,1,2,A,-,11,21456,B,N,G,B,B,A,H,-,A,A,0,Y,,,,Y,,N,60,0,1,0,0,1,0,0,0,0,"- ","- ",,,ALAMEDA,OAKLAND,-122.27320098876953,37.810150146484375
9523821,2022,2022-11-30,0109,2022-09-16,1849,9872,2,5,5,7,0109,0,0,0,,0,35X,"MACARTHUR BL","88TH AV",319.00,W,N,A,-,N,,,,,,,,,,N,2,0,2,2,A,-,08,22107,,N,A,C,A,A,H,-,A,D,0,,,,,Y,,A,01,1,0,1,0,0,0,0,0,0,"- ","- ",,,ALAMEDA,OAKLAND,-122.16226196289062,37.758083343505859
9523823,2022,2022-11-22,0109,2022-09-16,1711,10007,1,5,5,7,0109,0,0,0,,0,13Z,"LA SALLE AV","MORAGA AV",0.00,,Y,A,-,N,,,,,,,,,,Y,4,0,1,2,A,-,12,21453,A,M,D,C,A,A,H,-,A,A,0,,,,,Y,,A,01,0,0,1,0,0,0,0,0,0,"- ","- ",,,ALAMEDA,OAKLAND,-122.21055603027344,37.826198577880859
9523829,2022,2022-11-22,0109,2022-09-05,1606,9985,1,1,5,7,0109,0,0,0,,0,15X,"LAKESHORE AV","BODEN WY",50.00,N,N,A,-,N,,,,,,,,,,N,4,0,1,2,A,-,08,22107,,M,F,C,A,A,H,-,A,A,0,,,Y,,Y,,A,01,0,0,1,0,0,0,0,0,1,"- ","- ",,,ALAMEDA,OAKLAND,-122.24946594238281,37.807689666748047
9523832,2022,2022-11-21,0109,2022-09-19,1541,9944,2,1,5,7,0109,0,0,0,,0,21X,"27TH AV","E 23RD ST",10.00,N,N,A,-,N,,,,,,,,,,N,4,0,4,3,A,-,12,22450,A,M,D,C,A,A,H,-,A,A,0,,,,,Y,,A,01,0,0,4,0,0,0,0,0,0,"- ","- ",,,ALAMEDA,OAKLAND,-122.22544860839844,37.787090301513672
9524129,2022,2022-12-05,0109,2022-09-21,1237,10020,1,3,5,7,0109,0,0,0,,0,17X,"5TH AV","FOOTHILL BL",0.00,,Y,A,-,N,,,,,,,,,,N,3,0,2,2,A,-,12,21453,A,N,D,C,A,A,H,-,A,A,0,,,,,Y,,A,01,0,2,0,0,0,0,0,0,0,"- ","- ",,,ALAMEDA,OAKLAND,-122.25199890136719,37.797065734863281
9524160,2022,2022-12-07,0109,2022-10-28,1300,9988,2,5,5,7,0109,0,0,0,,0,20X,"FRUITVALE AV","E 18TH ST",100.00,N,N,A,-,N,,,,,,,,,,N,4,0,1,2,A,-,03,22350,,N,C,C,A,A,H,-,A,A,0,,,,,Y,,A,01,0,0,1,0,0,0,0,0,0,"- ","- ",,,ALAMEDA,OAKLAND,-122.22351837158203,37.782253265380859
9524322,2022,2022-12-12,0109,2022-08-21,1335,9951,2,7,5,7,0109,0,0,0,,0,06X,"29TH ST","WEST ST",150.00,W,N,A,-,N,,,,,,,,,,N,4,0,2,2,A,-,08,22107,,N,A,C,A,A,H,-,A,D,0,,,,,Y,,A,01,0,0,2,0,0,0,0,0,0,"- ","- ",,,ALAMEDA,OAKLAND,-122.27427673339844,37.819221496582031
9524689,2022,2022-12-08,0109,2022-10-19,2014,8824,2,3,5,7,0109,0,0,0,,0,26X,"51ST AV","INTERNATIONAL BL",40.00,S,N,A,-,N,,,,,,,,,,N,4,0,1,2,A,-,09,21804,A,N,H,G,A,A,H,-,C,B,0,,Y,,,Y,,A,01,0,0,1,0,0,0,1,0,0,"- ","- ",,,ALAMEDA,OAKLAND,-122.20799255371094,37.768867492675781
9524691,2022,2022-12-14,0109,2022-10-18,2221,9695,1,2,5,7,0109,0,0,0,,0,14X,"GRAND AV","MACARTHUR BL",0.00,,Y,A,-,N,,,,,,,,,,Y,4,0,2,2,A,-,12,21453,A,N,D,C,A,A,H,-,C,A,0,,,,,Y,,-,"- ",0,0,2,0,0,0,0,0,0,"- ","- ",,,ALAMEDA,OAKLAND,-122.248779296875,37.810169219970703
9525093,2022,2022-12-12,0109,2022-05-04,1611,9909,2,3,5,7,0109,0,0,0,,0,26X,"INTERNATIONAL BL","SEMINARY AV",0.00,,Y,A,-,N,,,,,,,,,,N,4,0,1,2,A,-,08,22100,B,M,D,C,A,A,H,-,A,A,0,,,,,Y,,-,99,0,0,1,0,0,0,0,0,0,"- ","- ",,,ALAMEDA,OAKLAND,-122.19956207275391,37.765087127685547
9525513,2022,2023-02-07,0109,2022-12-28,1719,9831,2,3,5,7,0109,0,0,0,,0,26X,"66TH AV","INTERNATIONAL BL",0.00,,Y,B,-,N,,,,,,,,,,N,4,0,3,3,A,-,12,21453,A,N,H,C,A,A,H,-,C,A,0,,,,,Y,,A,01,0,0,3,0,0,0,0,0,0,"- ","- ",,,ALAMEDA,OAKLAND,-122.19374084472656,37.762371063232422
9525523,2022,2023-02-02,0109,2022-12-21,1445,10015,1,3,5,7,0109,0,0,0,,0,14X,"ORANGE ST","PERKINS ST",0.00,,Y,A,-,N,,,,,,,,,,N,2,0,1,2,A,-,10,21950,A,F,G,B,B,A,H,-,A,C,0,Y,,,,Y,,A,07,1,0,0,0,1,0,0,0,0,"- ","- ",,,ALAMEDA,OAKLAND,-122.2567138671875,37.815910339355469
9525535,2022,2023-01-30,0109,2022-05-03,1535,9966,2,2,5,7,0109,0,0,0,,0,26X,"SAN LEANDRO ST","SEMINARY AV",0.00,W,N,A,-,N,,,,,,,,,,N,3,0,1,2,A,-,09,21804,A,M,D,C,A,A,D,-,A,D,0,,,,,Y,,A,08,0,1,0,0,0,0,0,0,0,"- ","- ",,,ALAMEDA,OAKLAND,-122.20559692382812,37.760875701904297
9527531,2022,2023-02-23,0109,2022-11-25,1844,9460,1,5,5,7,0109,0,0,0,,0,03X,"9TH ST","JACKSON ST",0.00,,Y,A,-,N,,,,,,,,,,Y,4,0,2,2,A,-,01,23152,A,N,D,C,A,A,H,-,C,A,0,,,,,Y,Y,A,07,0,0,2,0,0,0,0,0,0,"- ","- ",,,ALAMEDA,OAKLAND,-122.26737213134766,37.798542022705078
9527557,2022,2023-02-22,0109,2022-12-02,1248,9923,2,5,5,7,0109,0,0,0,,0,30X,"73RD AV","ORRAL ST",50.00,N,N,A,-,N,,,,,,,,,,N,4,0,1,2,A,-,03,22350,,N,C,C,A,A,H,-,A,D,0,,,,,Y,,A,01,0,0,1,0,0,0,0,0,0,"- ","- ",,,ALAMEDA,OAKLAND,-122.18455505371094,37.761028289794922
9527569,2022,2023-02-21,0109,2022-09-23,0741,10025,1,5,5,7,0109,0,0,0,,0,19X,EMBARCADERO,"LIVINGSTON ST",0.00,,Y,A,-,N,,,,,,,,,,N,3,0,1,2,A,-,09,21802,A,N,D,G,A,A,H,-,A,A,0,,Y,,,Y,,A,08,0,1,0,0,0,0,1,0,0,"- ","- ",,,ALAMEDA,OAKLAND,-122.24272918701172,37.780666351318359
9528162,2022,2022-11-17,0109,2022-08-22,1756,9845,1,1,5,7,0109,0,0,0,,0,02X,"7TH ST","HENRY ST",0.00,,Y,A,-,N,,,,,,,,,,N,3,0,1,2,A,-,08,22107,,N,D,C,A,A,H,-,A,D,0,,,,,Y,,-,"- ",0,1,0,0,0,0,0,0,0,"- ","- ",,,ALAMEDA,OAKLAND,-122.29701995849609,37.805812835693359
9528450,2022,2022-11-17,0109,2022-10-04,1348,9409,2,2,5,7,0109,0,0,0,,0,26X,"62ND AV","FOOTHILL BL",500.00,N,N,A,-,N,,,,,,,,,,N,4,0,1,1,A,-,08,22107,,N,A,I,A,A,H,-,A,B,0,,,Y,,Y,,C,02,0,0,1,0,0,0,0,0,1,"- ","- ",,,ALAMEDA,OAKLAND,-122.18535614013672,37.772014617919922
9528465,2022,2022-11-16,0109,2022-10-16,1830,9821,1,7,5,7,0109,0,0,0,,0,07X,"30TH ST","MYRTLE ST",118.00,E,N,A,-,N,,,,,,,,,,N,3,0,1,2,A,-,08,22107,,N,C,E,A,A,H,-,B,D,0,,,,,Y,,A,01,0,1,0,0,0,0,0,0,0,"- ","- ",,,ALAMEDA,OAKLAND,-122.27701568603516,37.820964813232422
9528471,2022,2022-11-16,0109,2022-10-07,2030,9953,2,5,5,7,0109,0,0,0,,0,32X,"98TH AV","C ST",0.00,,Y,A,-,N,,,,,,,,,,N,4,0,1,2,A,-,08,22107,,M,H,C,A,A,H,-,C,A,0,,,,,Y,,A,01,0,0,1,0,0,0,0,0,0,"- ","- ",,,ALAMEDA,OAKLAND,-122.17478942871094,37.742347717285156
9528475,2022,2022-11-16,0109,2022-10-11,1716,9533,1,2,5,7,0109,0,0,0,,0,03X,"7TH ST","OAK ST",0.00,,Y,A,-,N,,,,,,,,,,N,3,0,2,3,A,-,12,21453,A,N,D,C,A,A,H,-,A,A,0,,,,,Y,,A,01,0,1,1,0,0,0,0,0,0,"- ","- ",,,ALAMEDA,OAKLAND,-122.26589202880859,37.796237945556641
9529005,2022,2022-11-29,0109,2022-10-05,0224,9995,2,3,5,7,0109,0,0,0,,0,27X,"INTERNATIONAL BL","73RD AV",0.00,,Y,A,-,N,,,,,,,,,,N,4,0,1,1,A,-,08,22107,,N,A,I,A,A,H,-,C,A,0,,,,,Y,,A,01,0,0,1,0,0,0,0,0,0,"- ","- ",,,ALAMEDA,OAKLAND,-122.18708038330078,37.759212493896484
9529007,2022,2022-11-29,0109,2022-10-19,0648,9381,2,3,5,7,0109,0,0,0,,0,26X,"SAN LEANDRO ST","66TH AV",1100.00,W,N,A,-,N,,,,,,,,,,N,3,0,3,2,A,-,08,22107,,N,D,C,A,A,H,-,A,B,0,,,,,Y,,A,01,0,1,2,0,0,0,0,0,0,"- ","- ",,,ALAMEDA,OAKLAND,-122.20339202880859,37.759010314941406
9529012,2022,2022-12-06,0109,2022-10-01,1602,9878,1,6,5,7,0109,0,0,0,,0,09X,"W MACARTHUR BL","FAIRMONT AV",0.00,,Y,A,-,N,,,,,,,,,,N,4,0,1,2,A,-,08,22107,,N,D,C,A,A,H,-,A,A,0,,,,,Y,,A,01,0,0,1,0,0,0,0,0,0,"- ","- ",,,ALAMEDA,OAKLAND,-122.25469970703125,37.8214111328125
9529014,2022,2022-11-29,0109,2022-10-22,0043,9517,2,6,5,7,0109,0,0,0,,0,30X,"73RD AV","BANTRY AV",100.00,N,N,A,-,N,,,,,,,,,,N,4,0,1,1,A,-,03,22350,,N,F,C,A,A,H,-,C,D,0,,,,,Y,,A,01,0,0,1,0,0,0,0,0,0,"- ","- ",,,ALAMEDA,OAKLAND,-122.1695556640625,37.771392822265625
9529016,2022,2022-11-29,0109,2022-10-23,1410,9958,1,7,5,7,0109,0,0,0,,0,12X,"51ST ST","SHATTUCK AV",5.00,E,N,A,-,N,,,,,,,,,,N,3,0,1,2,A,-,11,21453,D,N,G,B,C,A,H,-,A,A,0,Y,,,,Y,,N,60,0,1,0,0,1,0,0,0,0,"- ","- ",,,ALAMEDA,OAKLAND,-122.26414489746094,37.837760925292969
9529083,2022,2022-11-17,0109,2022-09-29,2100,10028,2,4,5,7,0109,0,0,0,,0,29X,"SEMINARY AV","BRANN ST",0.00,,Y,A,-,N,,,,,,,,,,Y,3,0,2,2,A,-,12,22450,A,N,D,C,A,A,H,-,C,A,0,,,,,Y,Y,A,01,0,1,1,0,0,0,0,0,0,"- ","- ",,,ALAMEDA,OAKLAND,-122.18644714355469,37.774467468261719
9529407,2022,2022-11-21,0109,2022-05-11,0830,9113,2,3,5,7,0109,0,0,0,,0,21X,"COOLIDGE AV","23RD ST",0.00,,Y,A,-,N,,,,,,,,,,N,4,0,1,2,A,-,10,21950,A,M,G,B,B,A,H,-,A,A,0,Y,,,,Y,,A,01,0,0,1,0,1,0,0,0,0,"- ","- ",,,ALAMEDA,OAKLAND,-122.22027587890625,37.784572601318359
9529419,2022,2022-11-21,0109,2022-05-16,1604,9645,1,1,5,7,0109,0,0,0,,0,02X,"14TH ST","MARKET ST",0.00,,Y,A,-,N,,,,,,,,,,N,4,0,2,2,A,-,09,21801,A,N,B,C,A,A,H,-,A,A,0,,,,,Y,,A,01,0,0,2,0,0,0,0,0,0,"- ","- ",,,ALAMEDA,OAKLAND,-122.28096008300781,37.808181762695312
9536021,2022,2022-12-28,0109,2022-10-02,1405,8483,2,7,5,7,0109,0,0,0,,0,32X,"98TH AV","INTERNATIONAL BL",15.00,N,N,A,-,N,,,,,,,,,,Y,4,0,3,2,A,-,03,22350,,N,C,C,A,A,H,-,A,A,0,,,,,Y,,A,07,0,0,3,0,0,0,0,0,0,"- ","- ",,,ALAMEDA,OAKLAND,-122.17053985595703,37.744350433349609
9536859,2022,2022-12-23,0109,2022-05-26,1626,9909,1,4,5,7,0109,0,0,0,,0,08X,"OAKLAND AV","PEARL ST",0.00,,Y,A,-,N,,,,,,,,,,Y,3,0,1,3,A,-,08,22107,,N,B,E,A,A,H,-,A,D,0,,,,,Y,,A,01,0,1,0,0,0,0,0,0,0,"- ","- ",,,ALAMEDA,OAKLAND,-122.25558471679688,37.817649841308594
9537447,2022,2022-12-22,0109,2022-10-20,1011,8551,2,4,5,7,0109,0,0,0,,0,30X,"BANCROFT AV","73RD AV",0.00,,Y,A,-,N,,,,,,,,,,N,4,0,2,2,A,-,12,21453,A,M,D,C,A,A,H,-,A,A,0,,,,,Y,,D,22,0,0,2,0,0,0,0,0,0,"- ","- ",,,ALAMEDA,OAKLAND,-122.17720794677734,37.765819549560547
9537869,2022,2022-12-22,0109,2022-09-17,0301,9879,1,6,5,7,0109,0,0,0,,0,14Y,"OAKLAND AV","MONTE VISTA AV",50.00,N,N,A,-,N,,,,,,,,,,Y,3,0,1,3,A,-,03,22350,,N,A,E,A,A,H,-,C,D,0,,,,,Y,,A,01,0,1,0,0,0,0,0,0,0,"- ","- ",,,ALAMEDA,OAKLAND,-122.24823760986328,37.821323394775391
9538206,2022,2023-01-06,0109,2022-09-12,1345,9893,2,1,5,7,0109,0,0,0,,0,26X,"SAN LEANDRO ST","54TH AV",580.00,E,N,A,-,N,,,,,,,,,,Y,4,0,1,5,A,-,01,23152,A,N,A,E,A,A,H,-,A,D,0,,,,,Y,Y,A,01,0,0,1,0,0,0,0,0,0,"- ","- ",,,ALAMEDA,OAKLAND,-122.20824432373047,37.763137817382812
9538353,2022,2023-02-02,0109,2022-12-07,1748,9521,1,3,5,7,0109,0,0,0,,0,02X,"MARKET ST","14TH ST",0.00,,Y,A,-,N,,,,,,,,,,N,4,0,2,2,A,-,09,21801,A,N,A,C,A,A,H,-,C,A,0,,,,,Y,,A,08,0,0,2,0,0,0,0,0,0,"- ","- ",,,ALAMEDA,OAKLAND,-122.28096008300781,37.808181762695312
9538511,2022,2023-02-02,0109,2022-12-08,1643,9182,2,4,5,7,0109,0,0,0,,0,23X,"39TH AV","E 12TH ST",0.00,,Y,B,C,N,,,,,,,,,,N,4,0,1,2,A,-,10,21950,A,N,H,B,B,B,H,-,B,D,0,Y,,,,Y,,A,01,0,0,1,0,1,0,0,0,0,"- ","- ",,,ALAMEDA,OAKLAND,-122.21990966796875,37.773197174072266
9538569,2022,2023-01-06,0109,2022-08-22,0827,9951,1,1,5,7,0109,0,0,0,,0,02Y,"14TH ST","MANDELA PKWY",0.00,,Y,A,-,N,,,,,,,,,,N,3,0,1,2,A,-,09,21801,A,N,A,C,A,A,H,-,A,A,0,,,,,Y,,A,01,0,1,0,0,0,0,0,0,0,"- ","- ",,,ALAMEDA,OAKLAND,-122.29174041748047,37.810855865478516
9538645,2022,2023-01-10,0109,2022-07-27,1824,9953,2,3,5,7,0109,0,0,0,,0,34X,"90TH AV","BIRCH ST",72.00,N,N,A,-,N,,,,,,,,,,N,3,0,1,2,A,-,05,21460,A,N,D,C,A,A,H,-,A,D,0,,,Y,,Y,,C,02,0,1,0,0,0,0,0,0,1,"- ","- ",,,ALAMEDA,OAKLAND,-122.16905975341797,37.752052307128906
9539006,2022,2023-01-24,0109,2022-12-17,2333,9860,1,6,5,7,0109,0,0,0,,0,03X,"6TH ST","JACKSON ST",0.00,,Y,A,-,N,,,,,,,,,,N,4,0,1,2,A,-,09,21801,A,N,A,C,A,A,H,-,C,A,0,,,,,Y,,A,07,0,0,1,0,0,0,0,0,0,"- ","- ",,,ALAMEDA,OAKLAND,-122.26872253417969,37.796417236328125
9539036,2022,2023-01-18,0109,2022-07-21,1753,10005,1,4,5,7,0109,0,0,0,,0,08X,BROADWAY,"30TH ST",404.00,N,N,A,-,N,,,,,,,,,,N,4,0,1,2,A,-,03,22350,,N,C,C,A,A,H,-,A,A,0,,,,,Y,,A,01,0,0,1,0,0,0,0,0,0,"- ","- ",,,ALAMEDA,OAKLAND,-122.26174163818359,37.819595336914062
9539222,2022,2023-01-25,0109,2022-12-03,1050,9867,2,6,5,7,0109,0,0,0,,0,20X,"31ST AV","E 13TH ST",0.00,,Y,C,-,N,,,,,,,,,,N,4,0,1,2,A,-,09,21802,A,N,D,C,A,B,H,-,A,D,0,,,,,Y,,A,01,0,0,1,0,0,0,0,0,0,"- ","- ",,,ALAMEDA,OAKLAND,-122.22702789306641,37.777168273925781
9539233,2022,2023-01-25,0109,2022-12-19,1108,9982,2,1,5,7,0109,0,0,0,,0,33X,"INTERNATIONAL BL","81ST AV",0.00,,Y,A,-,N,,,,,,,,,,N,4,0,1,2,A,-,09,21802,A,N,D,C,A,A,H,-,A,A,0,,,,,Y,,A,01,0,0,1,0,0,0,0,0,0,"- ","- ",,,ALAMEDA,OAKLAND,-122.18064880371094,37.756114959716797