CASE_ID,ACCIDENT_YEAR,PROC_DATE,JURIS,COLLISION_DATE,COLLISION_TIME,OFFICER_ID,REPORTING_DISTRICT,DAY_OF_WEEK,CHP_SHIFT,POPULATION,CNTY_CITY_LOC,SPECIAL_COND,BEAT_TYPE,CHP_BEAT_TYPE,CITY_DIVISION_LAPD,CHP_BEAT_CLASS,BEAT_NUMBER,PRIMARY_RD,SECONDARY_RD,DISTANCE,DIRECTION,INTERSECTION,WEATHER_1,WEATHER_2,STATE_HWY_IND,CALTRANS_COUNTY,CALTRANS_DISTRICT,STATE_ROUTE,ROUTE_SUFFIX,POSTMILE_PREFIX,POSTMILE,LOCATION_TYPE,RAMP_INTERSECTION,SIDE_OF_HWY,TOW_AWAY,COLLISION_SEVERITY,NUMBER_KILLED,NUMBER_INJURED,PARTY_COUNT,PRIMARY_COLL_FACTOR,PCF_CODE_OF_VIOL,PCF_VIOL_CATEGORY,PCF_VIOLATION,PCF_VIOL_SUBSECTION,HIT_AND_RUN,TYPE_OF_COLLISION,MVIW,PED_ACTION,ROAD_SURFACE,ROAD_COND_1,ROAD_COND_2,LIGHTING,CONTROL_DEVICE,CHP_ROAD_TYPE,PEDESTRIAN_ACCIDENT,BICYCLE_ACCIDENT,MOTORCYCLE_ACCIDENT,TRUCK_ACCIDENT,NOT_PRIVATE_PROPERTY,ALCOHOL_INVOLVED,STWD_VEHTYPE_AT_FAULT,CHP_VEHTYPE_AT_FAULT,COUNT_SEVERE_INJ,COUNT_VISIBLE_INJ,COUNT_COMPLAINT_PAIN,COUNT_PED_KILLED,COUNT_PED_INJURED,COUNT_BICYCLIST_KILLED,COUNT_BICYCLIST_INJURED,COUNT_MC_KILLED,COUNT_MC_INJURED,PRIMARY_RAMP,SECONDARY_RAMP,LATITUDE,LONGITUDE,COUNTY,CITY,POINT_X,POINT_Y
9539237,2022,2023-01-31,0109,2022-12-22,1033,9381,2,4,5,7,0109,0,0,0,,0,29X,"FOOTHILL BL","HAVENCOURT BL",0.00,,Y,A,-,N,,,,,,,,,,N,4,0,1,2,A,-,12,21453,A,N,D,C,A,A,H,-,A,A,0,,,,,Y,,-,,0,0,1,0,0,0,0,0,0,"- ","- ",,,ALAMEDA,OAKLAND,-122.18183135986328,37.770408630371094
9539301,2022,2023-02-04,0109,2022-12-30,1112,9607,2,5,5,7,0109,0,0,0,,0,23X,"36TH AV","E 16TH ST",0.00,,Y,C,-,N,,,,,,,,,,N,4,0,1,2,A,-,10,21950,A,N,G,B,B,B,-,-,A,D,0,Y,,,,Y,,A,01,0,0,1,0,1,0,0,0,0,"- ","- ",,,ALAMEDA,OAKLAND,-122.22052001953125,37.778003692626953
9539302,2022,2023-02-04,0109,2022-12-24,0156,9765,1,6,5,7,0109,0,0,0,,0,19X,"E 15TH ST","17TH AV",0.00,,Y,A,-,N,,,,,,,,,,N,4,0,1,2,A,-,05,21650,,M,A,C,A,A,H,-,B,A,0,,,,,Y,,A,01,0,0,1,0,0,0,0,0,0,"- ","- ",,,ALAMEDA,OAKLAND,-122.24233245849609,37.788543701171875
9539304,2022,2023-02-04,0109,2022-12-23,2038,9990,2,5,5,7,0109,0,0,0,,0,25X,"PATTERSON AV","MACARTHUR BL",0.00,,Y,A,-,N,,,,,,,,,,N,4,0,1,2,A,-,03,22350,,F,C,C,A,A,H,-,C,A,0,,,,,Y,,-,99,0,0,1,0,0,0,0,0,0,"- ","- ",,,ALAMEDA,OAKLAND,-122.19820404052734,37.791126251220703
9539308,2022,2023-02-04,0109,2022-12-27,0657,9657,1,2,5,7,0109,0,0,0,,0,10X,"MARTIN LUTHER KING JR WY","52ND ST",0.00,,Y,A,-,N,,,,,,,,,,N,4,0,1,2,A,-,10,21950,A,N,G,B,B,A,H,-,C,A,0,Y,,,,Y,,A,01,0,0,1,0,1,0,0,0,0,"- ","- ",,,ALAMEDA,OAKLAND,-122.26869964599609,37.837188720703125
9539309,2022,2023-02-04,0109,2022-12-16,1626,10051,2,5,5,7,0109,0,0,0,,0,33X,"INTERNATIONAL BL","90TH AV",0.00,,Y,A,-,N,,,,,,,,,,N,2,0,1,2,A,-,17,21655,,N,C,C,A,A,H,-,A,A,0,,,Y,,Y,,C,02,1,0,0,0,0,0,0,0,1,"- ","- ",,,ALAMEDA,OAKLAND,-122.17462158203125,37.749797821044922
9539310,2022,2023-02-04,0109,2022-12-16,0801,10015,1,5,5,7,0109,0,0,0,,0,17X,"E 21ST ST","7TH AV",230.00,W,N,A,-,N,,,,,,,,,,N,4,0,1,2,A,-,08,22107,,N,C,E,A,A,H,-,A,C,0,,,,,Y,,A,01,0,0,1,0,0,0,0,0,0,"- ","- ",,,ALAMEDA,OAKLAND,-122.24620819091797,37.799339294433594
9539588,2022,2023-01-20,0109,2022-05-18,0003,9695,1,3,5,7,0109,0,0,0,,0,14X,"MCARTHUR BL","VAN BUREN AV",16.00,E,N,A,-,N,,,,,,,,,,Y,3,0,1,2,A,-,01,23152,A,N,C,E,A,A,H,-,C,D,0,,,,,Y,Y,A,01,0,1,0,0,0,0,0,0,0,"- ","- ",,,ALAMEDA,OAKLAND,-122.25035858154297,37.811191558837891
9540168,2022,2023-02-06,0109,2022-12-18,0015,9988,1,7,5,7,0109,0,0,0,,0,18X,"23RD AV","E 24TH ST",0.00,,Y,A,-,N,,,,,,,,,,N,2,0,1,2,A,-,12,22450,A,F,D,C,A,A,H,-,C,A,0,,,Y,,Y,,A,01,1,0,0,0,0,0,0,0,1,"- ","- ",,,ALAMEDA,OAKLAND,-122.22911071777344,37.790794372558594
9540169,2022,2023-02-06,0109,2022-12-13,1501,9981,2,2,5,7,0109,0,0,0,,0,35X,"MACARTHUR BL","88TH AV",0.00,,Y,A,-,N,,,,,,,,,,N,4,0,1,2,A,-,08,22107,,M,B,C,A,A,H,-,A,A,0,,,,,Y,,A,01,0,0,1,0,0,0,0,0,0,"- ","- ",,,ALAMEDA,OAKLAND,-122.16195678710938,37.757240295410156
9540170,2022,2023-02-21,0109,2022-12-13,0037,9879,2,2,5,7,0109,0,0,0,,0,31Z,"105TH AV","E ST",0.00,,N,A,-,N,,,,,,,,,,N,2,0,1,2,A,-,08,22107,,M,A,C,A,A,H,-,C,D,0,,Y,,,Y,,A,01,1,0,0,0,0,0,1,0,0,"- ","- ",,,ALAMEDA,OAKLAND,-122.17267608642578,37.736469268798828
9540171,2022,2023-02-06,0109,2022-12-25,1524,9904,2,7,5,7,0109,0,0,0,,0,31X,"SAN LEANDRO ST","85TH AV",20.00,W,N,B,-,N,,,,,,,,,,N,4,0,1,1,A,-,08,22107,,N,A,I,A,A,H,-,A,A,0,,,,,Y,,A,01,0,0,1,0,0,0,0,0,0,"- ","- ",,,ALAMEDA,OAKLAND,-122.18912506103516,37.747039794921875
9540172,2022,2023-02-06,0109,2022-12-28,1125,9381,2,3,5,7,0109,0,0,0,,0,30Y,"FOOTHILL BL","68TH AV",0.00,,Y,A,-,N,,,,,,,,,,N,4,0,2,2,A,-,12,21453,A,N,D,C,A,A,H,-,A,A,0,,,,,Y,,A,01,0,0,2,0,0,0,0,0,0,"- ","- ",,,ALAMEDA,OAKLAND,-122.17848205566406,37.769966125488281
9540176,2022,2023-02-06,0109,2022-12-23,1627,9582,2,5,5,7,0109,0,0,0,,0,26X,"SAN LEANDRO BL","69TH AV",20.00,W,N,A,-,N,,,,,,,,,,Y,3,0,1,2,A,-,08,22107,,N,A,C,A,A,A,-,A,A,0,,,,,Y,,A,01,0,1,0,0,0,0,0,0,0,"- ","- ",,,ALAMEDA,OAKLAND,-122.19893646240234,37.755191802978516
9540178,2022,2023-02-06,0109,2022-12-26,1716,9996,1,1,5,7,0109,0,0,0,,0,18X,"E 32ND ST","14TH AV",20.00,E,N,C,-,N,,,,,,,,,,N,4,0,1,2,A,-,10,21950,A,N,A,B,B,B,H,-,C,D,0,Y,,,,Y,,A,01,0,0,1,0,1,0,0,0,0,"- ","- ",,,ALAMEDA,OAKLAND,-122.22846221923828,37.799526214599609
9540179,2022,2023-02-06,0109,2022-12-30,1618,9990,2,5,5,7,0109,0,0,0,,0,35X,"HILLSIDE ST","90TH AV",0.00,,Y,C,-,N,,,,,,,,,,N,3,0,1,2,A,-,11,21954,A,N,G,B,D,B,H,-,A,C,0,Y,,,,Y,,N,60,0,1,0,0,1,0,0,0,0,"- ","- ",,,ALAMEDA,OAKLAND,-122.16310882568359,37.754810333251953
9540181,2022,2023-02-06,0109,2022-12-12,2127,10021,1,1,5,7,0109,0,0,0,,0,13X,"LA SALLE AV","MORAGA ST",0.00,,Y,-,-,N,,,,,,,,,,N,4,0,1,2,A,-,09,21801,A,N,A,C,A,A,H,-,C,A,0,,,,,Y,,A,01,0,0,1,0,0,0,0,0,0,"- ","- ",,,ALAMEDA,OAKLAND,-122.21055603027344,37.826198577880859
9541308,2022,2023-01-24,0109,2022-11-05,1627,9814,2,6,5,7,0109,0,0,0,,0,25Y,"HANSOM DR","SHAY DR",0.00,,Y,C,-,N,,,,,,,,,,N,4,0,1,2,A,-,08,22107,,N,A,C,A,B,H,-,A,D,0,,,,,Y,,A,01,0,0,1,0,0,0,0,0,0,"- ","- ",,,ALAMEDA,OAKLAND,-122.13764190673828,37.774726867675781
9541310,2022,2023-01-30,0109,2022-12-08,0844,9409,2,4,5,7,0109,0,0,0,,0,30X,"INTERNATIONAL BL","78TH AV",50.00,W,N,A,-,N,,,,,,,,,,N,4,0,1,2,A,-,03,22350,,N,C,C,A,A,H,-,A,A,0,,,,,Y,,A,01,0,0,1,0,0,0,0,0,0,"- ","- ",,,ALAMEDA,OAKLAND,-122.18372344970703,37.757587432861328
9541380,2022,2023-01-06,0109,2022-11-10,1718,10003,1,4,5,7,0109,0,0,0,,0,24X,"38TH AV","FOOTHILL AV",0.00,,Y,A,-,N,,,,,,,,,,N,4,0,1,2,A,-,12,21453,A,N,D,C,A,A,H,-,B,A,0,,,,,Y,,A,01,0,0,1,0,0,0,0,0,0,"- ","- ",,,ALAMEDA,OAKLAND,-122.21669769287109,37.779022216796875
9541382,2022,2023-01-11,0109,2022-11-30,1105,9070,1,3,5,7,0109,0,0,0,,0,03X,"14TH ST","MADISON ST",50.00,E,N,A,-,N,,,,,,,,,,N,3,0,1,2,A,-,11,21954,A,N,G,B,D,A,H,-,A,A,0,Y,,,,Y,,N,60,0,1,0,0,1,0,0,0,0,"- ","- ",,,ALAMEDA,OAKLAND,-122.26390075683594,37.801448822021484
9541386,2022,2023-01-11,0109,2022-11-28,2207,9812,1,1,5,7,0109,0,0,0,,0,01X,BROADWAY,"5TH ST",0.00,,Y,A,-,N,,,,,,,,,,N,3,0,2,2,A,-,12,21453,A,N,D,C,A,A,H,-,C,A,0,,,,,Y,,A,01,0,1,1,0,0,0,0,0,0,"- ","- ",,,ALAMEDA,OAKLAND,-122.27503967285156,37.798164367675781
9541499,2022,2023-02-09,0109,2022-12-10,1248,9736,1,6,5,7,0109,0,0,0,,0,05X,"BRUSH ST","18TH ST",0.00,,Y,C,-,N,,,,,,,,,,N,4,0,1,2,A,-,12,21453,A,N,D,C,A,B,H,-,A,A,0,,,,,Y,,-,"- ",0,0,1,0,0,0,0,0,0,"- ","- ",,,ALAMEDA,OAKLAND,-122.27665710449219,37.809783935546875
9541500,2022,2023-02-02,0109,2022-12-10,0158,9876,2,6,5,7,0109,0,0,0,,0,34X,"INTERNATIONAL BL","94TH AV",0.00,,Y,A,-,N,,,,,,,,,,Y,4,0,1,2,A,-,12,21453,A,N,D,C,A,A,H,-,C,A,0,,,Y,,Y,,C,02,0,0,1,0,0,0,0,0,1,"- ","- ",,,ALAMEDA,OAKLAND,-122.17264556884766,37.747150421142578
9541503,2022,2023-02-02,0109,2022-12-06,1800,9985,1,2,5,7,0109,0,0,0,,0,05X,"ADELINE ST","W GRAND AV",0.00,,Y,A,-,N,,,,,,,,,,N,4,0,1,2,A,-,09,21801,A,N,A,C,A,A,H,-,C,A,0,,,,,Y,,A,08,0,0,1,0,0,0,0,0,0,"- ","- ",,,ALAMEDA,OAKLAND,-122.28397369384766,37.815505981445312
9541510,2022,2023-02-06,0109,2022-12-02,0933,9958,1,5,5,7,0109,0,0,0,,0,03X,BROADWAY,"9TH ST",0.00,,Y,A,-,N,,,,,,,,,,N,4,0,2,2,A,-,08,22107,,N,B,C,A,A,H,-,A,A,0,,,,,Y,,A,01,0,0,2,0,0,0,0,0,0,"- ","- ",,,ALAMEDA,OAKLAND,-122.27333831787109,37.800872802734375
9541513,2022,2023-02-02,0109,2022-12-03,0414,9912,1,6,5,7,0109,0,0,0,,0,19X,"RT 880",EMBARCADERO,100.00,N,N,C,-,N,,,,,,,,,,N,3,0,1,1,A,-,08,22107,,N,A,I,A,B,H,-,C,D,0,,,,,Y,,A,01,0,1,0,0,0,0,0,0,0,SF,"- ",,,ALAMEDA,OAKLAND,-122.25125885009766,37.788379669189453
9541515,2022,2023-02-06,0109,2022-12-05,0828,9969,2,1,5,7,0109,0,0,0,,0,35X,"BANCROFT AV","84TH AV",0.00,,Y,A,-,N,,,,,,,,,,N,4,0,2,2,A,-,09,21801,A,N,D,C,A,B,H,-,A,A,0,,,,,Y,,A,01,0,0,2,0,0,0,0,0,0,"- ","- ",,,ALAMEDA,OAKLAND,-122.16940307617188,37.758403778076172
9541522,2022,2023-01-06,0109,2022-10-04,1600,9169,1,2,5,7,0109,0,0,0,,0,13X,"SKYLINE BL","BROADWAY TR",0.00,,Y,A,-,N,,,,,,,,,,N,3,0,1,2,A,-,05,21460,A,N,B,G,A,A,H,-,A,A,0,,Y,,,Y,,L,04,0,1,0,0,0,0,1,0,0,"- ","- ",,,ALAMEDA,OAKLAND,-122.21218109130859,37.851001739501953
9541524,2022,2023-01-06,0109,2022-10-30,1320,9969,2,7,5,7,0109,0,0,0,,0,34X,"96TH AV","CHERRY ST",0.00,,Y,A,-,N,,,,,,,,,,N,4,0,1,2,A,-,03,22350,,M,D,C,A,A,H,-,A,A,0,,,,,Y,,A,01,0,0,1,0,0,0,0,0,0,"- ","- ",,,ALAMEDA,OAKLAND,-122.16717529296875,37.747810363769531
9541579,2022,2022-12-28,0109,2022-07-26,1026,10005,2,2,5,7,0109,0,0,0,,0,26X,"50TH AV","COLISEUM WY",0.00,,Y,A,-,N,,,,,,,,,,N,3,0,1,2,A,-,08,22107,,N,G,G,A,A,H,-,A,A,0,,Y,,,Y,,-,,0,1,0,0,0,0,1,0,0,"- ","- ",,,ALAMEDA,OAKLAND,-122.2144775390625,37.764007568359375
9541593,2022,2022-12-27,0109,2022-08-30,1924,9962,2,2,5,7,0109,0,0,0,,0,22X,"MACARTHUR BL","MAY CT",5.00,W,N,A,-,N,,,,,,,,,,N,4,0,1,2,A,-,08,22107,,F,D,C,A,A,H,-,B,D,0,,,,,Y,,A,01,0,0,1,0,0,0,0,0,0,"- ","- ",,,ALAMEDA,OAKLAND,-122.21506500244141,37.800094604492188
9541652,2022,2023-01-30,0109,2022-11-04,0735,9736,1,5,5,7,0109,0,0,0,,0,02X,"MIDDLE HARBOR RD","3RD ST",5280.00,S,N,A,-,N,,,,,,,,,,N,4,0,1,2,D,-,00,,,N,D,C,A,A,H,-,A,A,0,,,,Y,Y,,-,"- ",0,0,1,0,0,0,0,0,0,"- ","- ",,,ALAMEDA,OAKLAND,-122.30526733398438,37.798023223876953
9541702,2022,2023-01-10,0109,2022-10-19,1339,8551,2,3,5,7,0109,0,0,0,,0,33X,"92ND AV","C ST",35.00,S,N,A,-,N,,,,,,,,,,N,4,0,2,2,A,-,08,22107,,M,B,C,A,A,H,-,A,A,0,,,,,Y,,A,01,0,0,2,0,0,0,0,0,0,"- ","- ",,,ALAMEDA,OAKLAND,-122.17800140380859,37.746452331542969
9553724,2022,2023-03-14,0109,2022-12-17,0236,9915,2,6,5,7,0109,0,0,0,,0,26X,"SAN LEANDRO ST","54TH AV",0.00,,Y,A,-,N,,,,,,,,,,Y,4,0,2,2,A,-,03,22350,,M,C,C,A,A,H,-,C,D,0,,,,,Y,,A,01,0,0,2,0,0,0,0,0,0,"- ","- ",,,ALAMEDA,OAKLAND,-122.20964050292969,37.764278411865234
9558962,2022,2023-04-10,0109,2022-02-27,1328,9039,1,7,5,7,0109,0,0,0,,0,09X,"SAN PABLO AV","ALCATRAZ AV",0.00,,Y,A,-,N,,,,,,,,,,N,3,0,2,2,A,-,03,22350,,M,C,C,A,A,H,-,A,A,0,,,,,Y,Y,A,01,0,1,1,0,0,0,0,0,0,"- ","- ",,,ALAMEDA,OAKLAND,-122.28492736816406,37.846916198730469
9560155,2022,2023-03-21,0109,2022-11-02,0721,9292,2,3,5,7,0109,0,0,0,,0,29X,"62ND AV","CAMDEN ST",0.00,,Y,B,-,N,,,,,,,,,,N,4,0,1,2,A,-,12,22450,A,N,D,C,A,A,H,-,A,A,0,,,,,Y,,A,01,0,0,1,0,0,0,0,0,0,"- ","- ",,,ALAMEDA,OAKLAND,-122.18341827392578,37.773666381835938
9561497,2022,2023-03-27,0109,2022-08-09,1040,9039,2,2,5,7,0109,0,0,0,,0,13Z,"MOUNTAIN BL","ANTIOCH ST",0.00,,Y,A,-,N,,,,,,,,,,N,4,0,1,2,A,-,00,21954,,N,G,B,D,A,H,-,A,D,0,Y,,,,Y,,N,60,0,0,1,0,1,0,0,0,0,"- ","- ",,,ALAMEDA,OAKLAND,-122.20941925048828,37.826011657714844
9561506,2022,2023-03-28,0109,2022-06-07,1906,9458,1,2,5,7,0109,0,0,0,,0,09X,BROADWAY,"WHITMORE ST",150.00,S,N,A,-,N,,,,,,,,,,N,3,0,2,4,A,-,03,22350,,N,H,-,A,A,H,-,A,A,0,,,,,Y,,A,01,0,1,1,0,0,0,0,0,0,"- ","- ",,,ALAMEDA,OAKLAND,-122.25338745117188,37.832813262939453
9566181,2022,2023-04-24,0109,2022-11-09,1129,9940,1,3,5,7,0109,0,0,0,,0,02Y,"8TH ST","CAMPBELL ST",0.00,,Y,-,-,N,,,,,,,,,,N,4,0,1,2,A,-,09,21802,A,N,D,C,A,A,H,-,A,D,0,,,,,Y,,D,22,0,0,1,0,0,0,0,0,0,"- ","- ",,,ALAMEDA,OAKLAND,-122.29892730712891,37.807353973388672
9566645,2022,2023-05-17,0109,2022-09-04,0038,9947,2,7,5,7,0109,0,0,0,,0,12X,"51ST ST","TELEGRAPH AV",0.00,,Y,A,-,N,,,,,,,,,,N,4,0,1,2,A,-,12,21453,A,N,B,C,A,A,H,-,C,A,0,,,,,Y,,A,01,0,0,1,0,0,0,0,0,0,"- ","- ",,,ALAMEDA,OAKLAND,-122.26235198974609,37.837207794189453
9566772,2022,2023-05-15,0109,2022-11-30,2249,8881,1,3,5,7,0109,0,0,0,,0,19X,EMBARCADERO,"16TH AV",27.00,W,N,A,-,N,,,,,,,,,,Y,2,0,1,2,A,-,05,21650,1,N,H,G,A,A,H,-,C,A,0,,Y,,,Y,,L,04,1,0,0,0,0,0,1,0,0,"- ","- ",,,ALAMEDA,OAKLAND,-122.24327850341797,37.784156799316406
9576590,2022,2023-08-03,0109,2022-12-22,2227,9404,2,4,5,7,0109,0,0,0,,0,33X,"86TH AV","D ST",222.00,N,N,A,-,N,,,,,,,,,,N,4,0,1,2,A,-,08,22107,,M,B,E,A,A,H,-,C,D,0,,,,,Y,,A,01,0,0,1,0,0,0,0,0,0,"- ","- ",,,ALAMEDA,OAKLAND,-122.18093109130859,37.750518798828125
9586218,2022,2023-06-20,0109,2022-03-24,2033,9781,2,4,5,7,0109,0,0,0,,0,2033,"JOE MORGAN WY","66TH AV",0.00,,Y,A,-,N,,,,,,,,,,N,2,0,1,2,A,-,11,21954,A,N,G,B,D,A,H,-,C,D,0,Y,,,,Y,,N,60,1,0,0,0,1,0,0,0,0,"- ","- ",,,ALAMEDA,OAKLAND,,
9586492,2022,2023-06-06,0109,2022-10-22,1715,9897,2,6,5,7,0109,0,0,0,,0,23X,"37TH AV","E 12TH ST",0.00,,Y,A,-,N,,,,,,,,,,N,4,0,1,2,A,-,09,21804,A,N,B,C,A,A,H,-,A,D,0,,,,,Y,,A,01,0,0,1,0,0,0,0,0,0,"- ","- ",,,ALAMEDA,OAKLAND,-122.22167205810547,37.77410888671875
9586644,2022,2023-06-16,0109,2022-10-26,1807,9242,1,3,5,7,0109,0,0,0,,0,14X,"GRAND AV","ELITA AV",20.00,W,N,A,-,N,,,,,,,,,,N,4,0,1,4,A,-,03,22350,,N,C,C,A,A,H,-,A,A,0,,,,,Y,,A,01,0,0,1,0,0,0,0,0,0,"- ","- ",,,ALAMEDA,OAKLAND,-122.25511932373047,37.808860778808594
9586656,2022,2023-06-16,0109,2022-10-15,1656,9996,1,6,5,7,0109,0,0,0,,0,19X,"3RD AV","15TH ST",1.00,E,N,B,-,N,,,,,,,,,,N,4,0,1,2,A,-,10,21950,A,N,G,B,B,A,H,-,A,C,0,Y,,,,Y,Y,A,01,0,0,1,0,1,0,0,0,0,"- ","- ",,,ALAMEDA,OAKLAND,-122.25457763671875,37.797882080078125
9586661,2022,2023-06-16,0109,2022-07-19,1558,9733,1,2,5,7,0109,0,0,0,,0,19X,"E 12TH ST","7TH AV",0.00,,Y,A,-,N,,,,,,,,,,N,4,0,1,2,A,-,09,21801,A,M,A,C,A,A,H,-,A,A,0,,,,,Y,,A,01,0,0,1,0,0,0,0,0,0,"- ","- ",,,ALAMEDA,OAKLAND,-122.25312805175781,37.793590545654297
9586666,2022,2023-06-16,0109,2022-11-23,1143,10035,1,3,5,7,0109,0,0,0,,0,03X,"7TH ST","HARRISON ST",5.00,N,N,A,-,N,,,,,,,,,,N,3,0,1,2,A,-,10,21950,A,N,G,B,B,A,H,-,A,A,0,Y,,,,Y,,A,01,0,1,0,0,1,0,0,0,0,"- ","- ",,,ALAMEDA,OAKLAND,-122.27064514160156,37.798095703125
9586670,2022,2023-06-19,0109,2022-11-27,1320,9969,2,7,5,7,0109,0,0,0,,0,32X,"BANCROFT AV","99TH AV",0.00,,Y,A,-,N,,,,,,,,,,N,3,0,3,2,A,-,03,22350,,N,C,C,A,A,H,-,A,D,0,,,,,Y,,A,01,0,1,2,0,0,0,0,0,0,"- ","- ",,,ALAMEDA,OAKLAND,-122.16030883789062,37.746143341064453
9586674,2022,2023-06-16,0109,2022-12-02,1623,10057,2,5,5,7,0109,0,0,0,,0,30X,"73RD AV","GARFIELD AV",20.00,W,N,A,-,N,,,,,,,,,,Y,4,0,1,2,A,-,03,22350,,N,C,C,A,A,H,-,B,A,0,,,,,Y,,A,01,0,0,1,0,0,0,0,0,0,"- ","- ",,,ALAMEDA,OAKLAND,-122.17572784423828,37.76690673828125
9595690,2022,2023-07-12,0109,2022-04-13,1125,9039,1,3,5,7,0109,0,0,0,,0,04X,"W GRAND AV","MARTIN LUTHER KING BL",10.00,N,N,B,-,N,,,,,,,,,,N,2,0,3,2,A,-,09,21801,A,N,D,C,A,A,H,-,A,A,0,,,,,Y,,A,08,1,0,2,0,0,0,0,0,0,"- ","- ",,,ALAMEDA,OAKLAND,-122.27281188964844,37.812484741210938
9595995,2022,2023-08-01,0109,2022-12-10,0735,8958,2,6,5,7,0109,0,0,0,,0,19X,"E 12TH ST","12TH AV",96.00,W,N,C,-,N,,,,,,,,,,Y,2,0,2,2,A,-,01,23152,A,N,D,C,A,B,H,-,A,D,0,,,,,Y,Y,A,07,1,0,1,0,0,0,0,0,0,"- ","- ",,,ALAMEDA,OAKLAND,-122.24920654296875,37.790134429931641
9615030,2022,2023-08-30,0109,2022-11-17,1432,9940,1,4,5,7,0109,0,0,0,,0,06X,"35TH ST","MARKET ST",60.00,,N,-,-,N,,,,,,,,,,N,4,0,1,3,A,-,09,21804,A,N,D,C,A,A,-,-,A,D,0,,,,,Y,,A,01,0,0,1,0,0,0,0,0,0,"- ","- ",,,ALAMEDA,OAKLAND,-122.27519989013672,37.825550079345703
9615070,2022,2023-09-01,0109,2022-08-18,0727,9975,2,4,5,7,0109,0,0,0,,0,33X,"85TH AV","E ST",18.00,S,N,A,-,N,,,,,,,,,,Y,3,0,1,1,A,-,01,23152,F,N,A,I,A,A,H,-,A,D,0,,,,,Y,,A,07,0,1,0,0,0,0,0,0,0,"- ","- ",,,ALAMEDA,OAKLAND,-122.18374633789062,37.750255584716797
9617933,2022,2023-10-18,0109,2022-11-07,1801,10005,2,1,5,7,0109,0,0,0,,0,26Y,"INTERNATIONAL BL","63RD AV",69.00,W,N,-,-,N,,,,,,,,,,N,4,0,1,2,A,-,11,21954,A,N,G,B,D,A,-,-,C,D,0,Y,,,,Y,,N,60,0,0,1,0,1,0,0,0,0,"- ","- ",,,ALAMEDA,OAKLAND,-122.19658660888672,37.763717651367188
9617934,2022,2023-10-18,0109,2022-11-10,0956,9943,2,4,5,7,0109,0,0,0,,0,34X,"94TH AV","OLIVE ST",3.00,W,N,A,-,N,,,,,,,,,,Y,3,0,1,2,A,-,09,21802,A,N,D,C,A,A,H,-,A,D,0,,,,,Y,,A,01,0,1,0,0,0,0,0,0,0,"- ","- ",,,ALAMEDA,OAKLAND,-122.16609191894531,37.750205993652344
9618137,2022,2023-11-06,0109,2022-07-02,0028,9804,1,6,5,7,0109,0,0,0,,0,04X,"TELEGRAPH AV","17TH ST",30.00,N,N,A,-,N,,,,,,,,,,N,4,0,2,3,A,-,03,22350,,N,C,C,A,A,H,-,C,A,0,,,,,Y,,A,07,0,0,2,0,0,0,0,0,0,"- ","- ",,,ALAMEDA,OAKLAND,-122.27024841308594,37.806892395019531
9618228,2022,2023-12-07,0109,2022-11-02,0603,8420,1,3,5,7,0109,0,0,0,,0,05X,"ADELINE ST","W GRAND AV",0.00,,Y,B,-,N,,,,,,,,,,N,4,0,1,2,A,-,12,21453,A,N,D,G,A,B,H,-,C,A,0,,Y,,,Y,,L,04,0,0,1,0,0,0,1,0,0,"- ","- ",,,ALAMEDA,OAKLAND,-122.28397369384766,37.815505981445312
9651430,2022,2024-01-16,0109,2022-11-12,2310,10020,2,6,5,7,0109,0,0,0,,0,34X,"INTERNATIONAL BL","90TH AV",0.00,,Y,A,-,N,,,,,,,,,,Y,4,0,1,5,A,-,01,23152,A,N,D,C,A,A,H,-,C,A,0,,,,,Y,Y,A,07,0,0,1,0,0,0,0,0,0,"- ","- ",,,ALAMEDA,OAKLAND,-122.17462158203125,37.749797821044922
91674964,2022,2022-01-10,9370,2022-01-03,1725,022430,,1,2,7,0109,0,1,1,,2,053,"INTERSTATE 580 WESTBOUND","COOLIDGE AVENUE",1080.00,E,N,C,-,Y,,,580,,,,,,W,Y,4,0,1,2,A,-,03,22350,,N,C,C,A,B,H,-,C,A,0,,,Y,,Y,,C,02,0,0,1,0,0,0,0,0,1,"- ","- ",37.795101165771484,-122.20700836181641,ALAMEDA,OAKLAND,-122.20705413818359,37.795009613037109
91677210,2022,2022-11-28,9370,2022-01-01,2125,022424,,6,2,7,0109,0,1,1,,2,178,"I-880 N/B TO I-80 W/B","MARITIME STREET",496.00,S,N,A,-,Y,,,,,,,,,,Y,4,0,1,2,A,-,07,21658,A,N,B,C,A,A,H,-,C,D,0,,,,,Y,,A,08,0,0,1,0,0,0,0,0,0,"- ","- ",37.822048187255859,-122.29879760742188,ALAMEDA,OAKLAND,,
91678256,2022,2022-01-14,9370,2022-01-12,0825,018499,,3,1,7,0109,0,1,1,,2,052,"I-580 W/B","FOOTHILL BLVD",1700.00,W,N,A,-,Y,,,580,,,,,,W,Y,4,0,1,1,A,-,08,22107,,N,E,I,A,A,H,-,A,D,0,,,,,Y,,A,07,0,0,1,0,0,0,0,0,0,"- ","- ",37.741321563720703,-122.14510345458984,ALAMEDA,OAKLAND,-122.14474487304688,37.7415771484375