CASE_ID,ACCIDENT_YEAR,PROC_DATE,JURIS,COLLISION_DATE,COLLISION_TIME,OFFICER_ID,REPORTING_DISTRICT,DAY_OF_WEEK,CHP_SHIFT,POPULATION,CNTY_CITY_LOC,SPECIAL_COND,BEAT_TYPE,CHP_BEAT_TYPE,CITY_DIVISION_LAPD,CHP_BEAT_CLASS,BEAT_NUMBER,PRIMARY_RD,SECONDARY_RD,DISTANCE,DIRECTION,INTERSECTION,WEATHER_1,WEATHER_2,STATE_HWY_IND,CALTRANS_COUNTY,CALTRANS_DISTRICT,STATE_ROUTE,ROUTE_SUFFIX,POSTMILE_PREFIX,POSTMILE,LOCATION_TYPE,RAMP_INTERSECTION,SIDE_OF_HWY,TOW_AWAY,COLLISION_SEVERITY,NUMBER_KILLED,NUMBER_INJURED,PARTY_COUNT,PRIMARY_COLL_FACTOR,PCF_CODE_OF_VIOL,PCF_VIOL_CATEGORY,PCF_VIOLATION,PCF_VIOL_SUBSECTION,HIT_AND_RUN,TYPE_OF_COLLISION,MVIW,PED_ACTION,ROAD_SURFACE,ROAD_COND_1,ROAD_COND_2,LIGHTING,CONTROL_DEVICE,CHP_ROAD_TYPE,PEDESTRIAN_ACCIDENT,BICYCLE_ACCIDENT,MOTORCYCLE_ACCIDENT,TRUCK_ACCIDENT,NOT_PRIVATE_PROPERTY,ALCOHOL_INVOLVED,STWD_VEHTYPE_AT_FAULT,CHP_VEHTYPE_AT_FAULT,COUNT_SEVERE_INJ,COUNT_VISIBLE_INJ,COUNT_COMPLAINT_PAIN,COUNT_PED_KILLED,COUNT_PED_INJURED,COUNT_BICYCLIST_KILLED,COUNT_BICYCLIST_INJURED,COUNT_MC_KILLED,COUNT_MC_INJURED,PRIMARY_RAMP,SECONDARY_RAMP,LATITUDE,LONGITUDE,COUNTY,CITY,POINT_X,POINT_Y
91946687,2022,2022-12-20,9370,2022-11-27,1248,022981,,7,1,7,0109,0,1,1,,2,052,"I-580 EB","EDWARDS AVE",1100.00,W,N,A,-,Y,,,580,,,,,,E,N,4,0,1,1,A,-,01,23152,A,N,E,I,A,A,H,-,A,D,0,,,,,Y,Y,A,01,0,0,1,0,0,0,0,0,0,"- ","- ",37.779541015625,-122.17080688476562,ALAMEDA,OAKLAND,-122.17084503173828,37.779468536376953
91947322,2022,2022-12-20,9370,2022-12-06,2154,022821,,2,2,7,0109,0,1,1,,2,008,"I-80 W/B","SAN FRANSICO OAKLAND BAY BRIDGE TOLL PLAZA",388.00,E,N,A,-,Y,,,80,,,,,,W,Y,3,0,1,2,A,-,07,21658,A,N,D,C,A,A,H,-,C,B,0,,,,,Y,,A,07,0,1,0,0,0,0,0,0,0,"- ","- ",37.824691772460938,-122.31246948242188,ALAMEDA,OAKLAND,-122.31248474121094,37.825008392333984
91947401,2022,2022-12-20,9370,2022-12-08,1210,022845,,4,1,7,0109,0,1,1,,2,178,"I-880 S/B","WEST GRAND AVE",2444.00,S,N,B,-,Y,,,880,,,,,,S,Y,3,0,1,2,A,-,05,21651,B,N,D,C,A,A,H,-,A,D,0,,,,,Y,,A,07,0,1,0,0,0,0,0,0,0,"- ","- ",37.814788818359375,-122.30068969726562,ALAMEDA,OAKLAND,-122.30072021484375,37.814826965332031
91948289,2022,2022-12-21,9370,2022-12-08,1725,022858,,4,2,7,0109,0,1,1,,2,055,"I-580 W/B TO I-80 WB","MANDELA PARKWAY",1941.00,W,N,B,C,Y,,,580,,,,R,,W,Y,3,0,1,1,A,-,08,22107,,N,E,I,A,B,H,-,D,D,0,,,,,Y,,A,01,0,1,0,0,0,0,0,0,0,"- ","- ",37.827278137207031,-122.29640197753906,ALAMEDA,OAKLAND,-122.29640197753906,37.827278137207031
91948922,2022,2022-12-22,9370,2022-12-09,2133,022831,,5,2,7,0109,0,1,1,,2,177,"I-880 N/B","JACKSON STREET",420.00,S,N,C,-,Y,,,880,,,,,,N,Y,4,0,3,3,A,-,01,23152,A,M,C,C,A,B,H,-,C,D,0,,,,,Y,Y,A,01,0,0,3,0,0,0,0,0,0,"- ","- ",37.795680999755859,-122.26751708984375,ALAMEDA,OAKLAND,-122.26751708984375,37.795684814453125
91949157,2022,2022-12-22,9370,2022-12-14,1115,022487,,3,1,7,0109,0,1,1,,2,176,"I-880 N/B","HEGENBERGER RD",95.00,N,N,A,-,Y,,,880,,,,,,N,Y,2,0,2,4,A,-,03,22350,,N,C,2,A,A,H,-,A,D,0,,,,Y,Y,,G,27,1,1,0,0,0,0,0,0,0,"- ","- ",37.741268157958984,-122.19680786132812,ALAMEDA,OAKLAND,-122.19680023193359,37.741275787353516
91952332,2022,2022-12-26,9370,2022-11-22,2245,023074,,2,3,7,0109,0,1,1,,2,176,"I-880 N/B","23RD AVE",620.00,S,N,A,-,Y,,,880,,,,,,N,Y,4,0,2,4,C,-,18,,,F,E,C,A,A,H,-,C,D,0,,,,,Y,,-,"- ",0,0,2,0,0,0,0,0,0,"- ","- ",37.776439666748047,-122.23584747314453,ALAMEDA,OAKLAND,-122.23580169677734,37.776500701904297
91952781,2022,2022-12-27,9370,2022-12-10,0930,022964,,6,1,7,0109,0,1,1,,2,179,"I-880 N/B TO I-80 E/B","WEST GRAND AVENUE",2863.00,N,N,C,-,Y,,,880,,,,R,,N,N,4,0,1,2,A,-,08,22107,,N,E,I,A,B,H,-,A,D,0,,,,,Y,,A,01,0,0,1,0,0,0,0,0,0,"- ","- ",37.826889038085938,-122.29105377197266,ALAMEDA,OAKLAND,-122.29105377197266,37.826889038085938
91953183,2022,2022-12-27,9370,2022-12-11,1340,022983,,7,1,7,0109,0,1,1,,2,176,"I-880 S/B","23RD AVENUE",20.00,S,N,A,-,Y,,,880,,,,,,S,Y,4,0,1,1,A,-,08,22107,,N,E,I,A,A,H,-,A,D,0,,,,,Y,,A,07,0,0,1,0,0,0,0,0,0,"- ","- ",37.777278900146484,-122.23679351806641,ALAMEDA,OAKLAND,-122.23684692382812,37.777233123779297
91953970,2022,2022-12-28,9370,2022-12-15,0135,022699,,4,3,7,0109,0,1,1,,2,176,"I-880 S/B","66TH AVE",500.00,N,N,A,-,Y,,,880,,,,,,S,N,4,0,1,2,A,-,03,22350,,N,C,C,A,A,H,-,D,D,0,,,,,Y,,A,07,0,0,1,0,0,0,0,0,0,"- ","- ",37.755100250244141,-122.20925903320312,ALAMEDA,OAKLAND,-122.20932006835938,37.755050659179688
91954013,2022,2022-12-28,9370,2022-10-13,0025,022990,,4,3,7,0109,0,1,1,,2,053,"I-580 E/B","BEAUMONT AVENUE",133.00,E,N,A,-,Y,,,580,,,,,,E,Y,4,0,1,2,A,-,07,21658,A,M,B,C,A,A,H,-,D,D,0,,,,,Y,,A,01,0,0,1,0,0,0,0,0,0,"- ","- ",37.800689697265625,-122.22825622558594,ALAMEDA,OAKLAND,-122.22824859619141,37.800727844238281
91954061,2022,2022-12-28,9370,2022-11-12,0020,022854,,6,3,7,0109,0,1,1,,2,176,"I-880 N/B","HEGENBERGER RD",2053.00,S,N,A,-,Y,,,880,,,,,,N,Y,3,0,2,4,A,-,03,22350,,N,C,C,A,A,H,-,D,D,0,,,,,Y,,A,01,0,2,0,0,0,0,0,0,0,"- ","- ",37.735851287841797,-122.192138671875,ALAMEDA,OAKLAND,-122.19202423095703,37.735946655273438
91956211,2022,2022-12-30,9370,2022-10-22,1752,022988,,6,2,7,0109,0,1,1,,2,177,"I-880 S/B","OAK ST.",680.00,S,N,A,-,Y,,,880,,,,,,S,N,4,0,1,2,A,-,07,21658,A,M,B,C,A,A,H,-,B,D,0,,,Y,,Y,,-,99,0,0,1,0,0,0,0,0,1,"- ","- ",37.794048309326172,-122.26463317871094,ALAMEDA,OAKLAND,-122.2646484375,37.794025421142578
91956269,2022,2022-12-30,9320,2022-12-18,0038,022908,,7,3,7,0109,0,1,S,,2,904,"I-580 E/B","SR-24 E/B",1921.00,W,N,A,-,Y,,,580,,,,,,E,Y,3,0,2,2,A,-,01,23152,A,N,C,C,A,A,H,-,C,A,0,,,,,Y,Y,A,07,0,2,0,0,0,0,0,0,0,"- ","- ",37.822959899902344,-122.26145935058594,ALAMEDA,OAKLAND,-122.26152801513672,37.82269287109375
91957624,2022,2023-01-02,9370,2022-11-01,1240,022988,,2,1,7,0109,0,1,1,,2,052,"I-580 W/B","FONTAINE ST.",290.00,E,N,B,C,Y,,,580,,,,,,W,Y,4,0,1,1,A,-,08,22107,,N,E,I,A,B,H,-,A,D,0,,,,,Y,,D,22,0,0,1,0,0,0,0,0,0,"- ","- ",37.765449523925781,-122.1517333984375,ALAMEDA,OAKLAND,-122.15163421630859,37.765533447265625
91958344,2022,2023-01-03,9335,2022-12-25,2230,022795,,7,3,7,0109,0,1,1,,2,084,"I-80 EASTBOUND","SFOBB TOLL PLAZA METERING LIGHTS",7920.00,E,N,A,-,Y,,,80,,,,,,E,N,4,0,2,1,A,-,08,22107,,N,E,I,A,A,H,-,C,D,0,,,,,Y,Y,A,01,0,0,2,0,0,0,0,0,0,"- ","- ",37.820278167724609,-122.34043884277344,ALAMEDA,OAKLAND,-122.34042358398438,37.820178985595703
91960616,2022,2023-01-05,9370,2022-11-12,0540,022856,,6,3,7,0109,0,1,1,,2,008,"I-80 E/B","POWELL STREET",3925.00,W,N,A,-,Y,,,80,,,,,,E,Y,3,0,1,3,A,-,03,22350,,N,D,2,E,B,H,-,D,D,0,Y,,,,Y,,D,22,0,1,0,0,1,0,0,0,0,"- ","- ",37.827610015869141,-122.29488372802734,ALAMEDA,OAKLAND,-122.29489898681641,37.827644348144531
91960634,2022,2023-01-05,9370,2022-12-22,0745,022798,,4,1,7,0109,0,1,1,,2,054,"I-580 W/B","CHETWOOD STREET",510.00,W,N,B,-,Y,,,580,,,,,,W,Y,4,0,1,1,C,-,18,,,N,E,J,A,A,H,-,A,D,0,,,Y,,Y,,-,"- ",0,0,1,0,0,0,0,0,1,"- ","- ",37.817611694335938,-122.25222778320312,ALAMEDA,OAKLAND,-122.25227355957031,37.817577362060547
91961606,2022,2023-01-06,9370,2022-12-29,1121,019160,,4,1,7,0109,0,1,1,,2,008,"I-80 E/B","POWELL ST.",3960.00,W,N,B,C,Y,,,80,,,,,,E,Y,4,0,1,1,A,-,03,22350,,N,E,I,A,B,H,-,A,A,0,,,,,Y,,A,01,0,0,1,0,0,0,0,0,0,"- ","- ",37.827610015869141,-122.29480743408203,ALAMEDA,OAKLAND,-122.29485321044922,37.827674865722656
91962757,2022,2023-01-09,9370,2022-11-21,2110,022821,,1,2,7,0109,0,1,1,,2,008,"I-80 W/B TO I-880 S/B","POWELL ST",3360.00,W,N,A,-,Y,,,80,,,,R,,W,Y,3,0,1,2,A,-,08,22107,,N,F,A,A,A,H,-,D,D,0,,,Y,,Y,,C,02,0,1,0,0,0,0,0,0,1,"- ","- ",37.828990936279297,-122.29383087158203,ALAMEDA,OAKLAND,-122.29383087158203,37.828990936279297
91962763,2022,2023-01-09,9370,2022-12-27,0131,022981,,2,3,7,0109,0,1,3,,2,024,"SR-24 W/B","COLLEGE AVE",3000.00,E,N,C,-,Y,,,24,,,,,,W,N,4,0,1,1,A,-,03,22350,,N,E,I,A,B,F,-,D,D,0,,,,,Y,,A,07,0,0,1,0,0,0,0,0,0,"- ","- ",37.849700927734375,-122.24117279052734,ALAMEDA,OAKLAND,-122.24120330810547,37.849788665771484
91962764,2022,2023-01-09,9370,2022-12-27,0510,022964,,2,3,7,0109,0,1,3,,2,013,"SR-13 N/B","PARK BLVD",260.00,S,N,C,-,Y,,,13,,,,,,N,N,4,0,1,1,A,-,03,22350,,N,F,A,A,B,H,-,C,D,0,,,,,Y,,D,22,0,0,1,0,0,0,0,0,0,"- ","- ",37.820911407470703,-122.20657348632812,ALAMEDA,OAKLAND,-122.20655059814453,37.820926666259766
91963230,2022,2023-01-09,9370,2022-12-22,2145,022529,,4,2,7,0109,0,1,1,,2,053,"I-580 E/B","35TH AVE",1590.00,W,N,C,-,Y,,,580,,,,,,E,Y,3,0,1,2,A,-,01,23152,A,F,C,C,A,B,H,-,D,D,0,,,,,Y,,A,01,0,1,0,0,0,0,0,0,0,"- ","- ",37.795040130615234,-122.20767974853516,ALAMEDA,OAKLAND,-122.20767211914062,37.795051574707031
91965454,2022,2023-01-11,9370,2022-12-30,0540,022974,,5,3,7,0109,0,1,3,,2,013,"SR-13 S/B","LINCOLN AVE",815.00,N,N,C,-,Y,,,13,,,,,,S,Y,3,0,1,1,A,-,03,22350,,N,E,I,A,B,H,-,D,D,0,,,,,Y,,A,01,0,1,0,0,0,0,0,0,0,"- ","- ",37.813079833984375,-122.20057678222656,ALAMEDA,OAKLAND,-122.20054626464844,37.8131103515625
91967562,2022,2023-01-13,9370,2022-11-17,0156,023081,,4,3,7,0109,0,1,3,,2,024,"SR-24 W/B FROM 51ST STREET","SHATTUCK AVE",420.00,W,N,A,-,Y,,,24,,,,R,,W,N,2,0,1,2,A,-,13,22515,A,F,G,B,E,A,H,-,D,D,0,Y,,,,Y,,M,59,1,0,0,0,1,0,0,0,0,"- ","- ",37.837940216064453,-122.26582336425781,ALAMEDA,OAKLAND,-122.26582336425781,37.837940216064453
91968036,2022,2023-01-13,9335,2022-11-15,2340,023067,,2,3,7,0109,0,1,S,,2,904,"I-80 WESTBOUND TO I-580 EASTBOUND","BAY BRIDGE TRAIL UNDERCROSSING",125.00,W,N,A,-,Y,,,80,,,,R,,W,Y,4,0,1,2,A,-,03,22350,,F,B,C,A,A,H,-,D,D,0,,,,,Y,Y,A,01,0,0,1,0,0,0,0,0,0,"- ","- ",37.827919006347656,-122.29296112060547,ALAMEDA,OAKLAND,-122.29296112060547,37.827919006347656
91968698,2022,2023-01-16,9370,2022-12-31,0600,022974,,6,1,7,0109,0,1,1,,2,054,"I-580 E/B TO GRAND AVENUE","GRAND AVE",680.00,W,N,C,-,Y,,,,,,,,,,Y,3,0,1,1,A,-,08,22107,,N,F,I,A,B,H,-,D,D,0,,,,,Y,,A,07,0,1,0,0,0,0,0,0,0,"- ","- ",37.484199523925781,-122.15016937255859,ALAMEDA,OAKLAND,-122.24907684326172,37.810539245605469
91968889,2022,2023-01-16,9370,2022-10-27,1735,022529,,4,2,7,0109,0,1,1,,2,008,"I-80 W/B","I-880 NORTHBOUND TO I-80 WESTBOUND OVERCROSSING",810.00,E,N,A,-,Y,,,80,,,,,,W,N,2,0,1,2,A,-,03,22350,,M,C,C,A,A,H,-,A,D,0,,,Y,,Y,,C,02,1,0,0,0,0,0,0,0,1,"- ","- ",37.825851440429688,-122.30245208740234,ALAMEDA,OAKLAND,-122.30248260498047,37.826011657714844
91969144,2022,2023-01-16,9370,2022-12-31,1950,022983,,6,2,7,0109,0,1,1,,2,177,"I-880 S/B","JACKSON ST",659.00,N,N,A,-,Y,,,880,,,,,,S,Y,4,0,1,2,A,-,07,21658,A,F,B,2,A,B,H,-,C,D,0,,,,,Y,,A,01,0,0,1,0,0,0,0,0,0,"- ","- ",37.797080993652344,-122.27095794677734,ALAMEDA,OAKLAND,-122.27104187011719,37.796882629394531
91972046,2022,2023-01-19,9370,2022-11-10,2120,023081,,4,2,7,0109,0,1,1,,2,052,"I-580 W/B","KUHNLE AVE",810.00,W,N,A,-,Y,,,580,,,,,,W,Y,3,0,2,3,A,-,01,23152,A,N,C,C,A,A,H,-,D,D,0,,,,,Y,Y,A,01,0,1,1,0,0,0,0,0,0,"- ","- ",37.782619476318359,-122.17600250244141,ALAMEDA,OAKLAND,-122.17600250244141,37.782615661621094
91987168,2022,2023-02-06,9370,2022-12-31,1250,023081,,6,1,7,0109,0,1,3,,2,025,"SR-24 W/B",BROADWAY,250.00,W,N,C,-,Y,,,24,,,,,,W,Y,3,0,1,2,A,-,03,22350,,N,B,C,A,B,F,-,A,D,0,,,,,Y,,A,01,0,1,0,0,0,0,0,0,0,"- ","- ",37.850101470947266,-122.23890686035156,ALAMEDA,OAKLAND,-122.23890686035156,37.850124359130859
92003969,2022,2023-02-27,9370,2022-12-16,2317,022850,,5,3,7,0109,0,1,1,,2,176,"I-880 S/B","66TH AVE",1200.00,N,N,A,-,Y,,,880,,,,,,S,Y,4,0,1,4,A,-,07,21658,A,F,B,C,A,A,H,-,C,D,0,,,,,Y,,A,01,0,0,1,0,0,0,0,0,0,"- ","- ",37.75640869140625,-122.21042633056641,ALAMEDA,OAKLAND,-122.21047210693359,37.756370544433594
92032953,2022,2023-03-30,9370,2022-11-09,1600,022989,,3,2,7,0109,0,1,1,,2,052,"I-580 W/B","GOLF LINKS ROAD",745.00,E,N,A,-,Y,,,580,,,,,,W,N,1,1,0,2,A,-,08,22107,,N,E,I,A,A,H,-,A,D,0,,,Y,,Y,,C,02,0,0,0,0,0,0,0,1,0,"- ","- ",37.750381469726562,-122.15151214599609,ALAMEDA,OAKLAND,-122.15145874023438,37.750400543212891
92061287,2022,2023-05-04,9335,2022-10-03,0237,022860,,1,3,7,0109,0,1,1,,2,084,"I-80 E/B (DWIGHT D. EISENHOWER HIGHWAY)","SAN FRANCISCO/ALEMEDA COUNTY LINE",4738.00,E,N,A,-,Y,,,80,,,,,,E,Y,1,1,1,3,A,-,03,22350,,N,C,E,E,A,H,-,C,D,0,Y,,,,Y,,A,01,0,1,0,1,0,0,0,0,0,"- ","- ",37.821090698242188,-122.33351135253906,ALAMEDA,OAKLAND,-122.33352661132812,37.821182250976562
92073734,2022,2023-05-22,9370,2022-12-03,0103,022800,,6,3,7,0109,0,1,1,,2,177,"I-880 S/B","JEFFERSON ST",686.00,N,N,B,-,Y,,,880,,,,,,S,Y,1,1,0,2,A,-,07,21658,A,F,B,C,A,A,H,-,C,D,0,,,,Y,Y,,A,01,0,0,0,0,0,0,0,0,0,"- ","- ",37.800689697265625,-122.28073120117188,ALAMEDA,OAKLAND,-122.28073120117188,37.800682067871094
92132396,2022,2023-07-31,9370,2022-12-30,0211,022850,,5,3,7,0109,0,1,1,,2,176,"I-880 N/B","HIGH ST",675.00,N,N,C,-,Y,,,880,,,,,,N,Y,1,1,0,2,A,-,03,22350,,N,C,C,A,B,H,-,C,D,0,,,,,Y,,D,22,0,0,0,0,0,0,0,0,0,"- ","- ",37.770900726318359,-122.22223663330078,ALAMEDA,OAKLAND,-122.22221374511719,37.770927429199219
92210876,2022,2023-10-27,0109,2022-10-28,1248,9644,1,5,5,7,0109,0,0,0,,0,19X,"E 12TH ST","10TH AV",0.00,,Y,A,-,N,,,,,,,,,,Y,1,1,0,2,A,-,03,22350,,N,A,C,A,A,H,-,A,A,0,,,Y,,Y,,-,"- ",0,0,0,0,0,0,0,1,0,"- ","- ",,,ALAMEDA,OAKLAND,-122.25063323974609,37.791412353515625
9402953,2022,2022-02-10,0109,2022-01-03,1305,8483,2,1,5,7,0109,0,0,0,,0,30X,"CHURCH ST","ARTHUR ST",0.00,,Y,B,-,N,,,,,,,,,,N,4,0,2,3,A,-,10,21950,A,F,G,B,B,A,H,-,A,A,0,Y,,,,Y,,A,07,0,0,2,0,2,0,0,0,0,"- ","- ",,,ALAMEDA,OAKLAND,-122.18276977539062,37.766059875488281
9402956,2022,2022-03-03,0109,2022-01-06,1848,8914,1,4,5,7,0109,0,0,0,,0,10X,"SAN PABLO AV","53RD ST",0.00,,Y,A,-,N,,,,,,,,,,Y,4,0,1,2,A,-,12,21453,A,N,A,C,A,B,H,-,C,A,0,,,,,Y,,-,"- ",0,0,1,0,0,0,0,0,0,"- ","- ",,,ALAMEDA,OAKLAND,-122.28178405761719,37.837196350097656
9404867,2022,2022-12-07,0109,2022-02-23,2039,9954,2,3,5,7,0109,0,0,0,,0,21Y,"FRUITVALE AV","E 27TH ST",0.00,,Y,A,-,N,,,,,,,,,,N,4,0,1,2,D,-,00,,,M,G,B,B,A,H,-,C,A,0,Y,,,,Y,Y,-,"- ",0,0,1,0,1,0,0,0,0,"- ","- ",,,ALAMEDA,OAKLAND,-122.22003936767578,37.790542602539062
9407846,2022,2022-06-16,0109,2022-05-08,1540,9814,2,7,5,7,0109,0,0,0,,0,29X,"OUTLOOK AV","LUNDHOLM AV",20.00,E,N,A,-,N,,,,,,,,,,N,4,0,1,2,A,-,08,22107,,N,D,E,A,A,H,-,A,D,0,,,,,Y,,A,01,0,0,1,0,0,0,0,0,0,"- ","- ",,,ALAMEDA,OAKLAND,-122.17960357666016,37.7786865234375
9407849,2022,2022-06-16,0109,2022-05-11,1920,9259,2,3,5,7,0109,0,0,0,,0,22Y,"CALIFORNIA ST","MIDVALE AV",0.00,,Y,A,-,N,,,,,,,,,,N,4,0,1,3,A,-,09,21802,A,N,D,C,A,-,H,-,A,A,0,,,,,Y,,A,01,0,0,1,0,0,0,0,0,0,"- ","- ",,,ALAMEDA,OAKLAND,-122.19858551025391,37.795913696289062
9407850,2022,2022-06-16,0109,2022-05-08,1723,9754,1,7,5,7,0109,0,0,0,,0,03X,"12TH ST","WEBSTER ST",0.00,,Y,A,-,N,,,,,,,,,,N,4,0,1,2,A,-,10,21950,A,M,G,B,B,A,H,-,A,A,0,Y,,,,Y,,A,01,0,0,1,0,1,0,0,0,0,"- ","- ",,,ALAMEDA,OAKLAND,-122.26964569091797,37.801998138427734
9407851,2022,2022-06-16,0109,2022-05-04,1242,9968,1,3,5,7,0109,0,0,0,,0,19X,"14TH AV","INTERNATIONAL BL",0.00,,Y,A,-,N,,,,,,,,,,N,4,0,1,2,D,-,00,,,N,D,C,A,A,H,-,A,D,0,,,,,Y,,-,"- ",0,0,1,0,0,0,0,0,0,"- ","- ",,,ALAMEDA,OAKLAND,-122.24615478515625,37.789405822753906
9407853,2022,2022-11-01,0109,2022-05-06,1152,8824,2,5,5,7,0109,0,0,0,,0,31X,"HEGENBERGER RD","BALDWIN ST",400.00,S,N,A,-,N,,,,,,,,,,N,4,0,1,2,A,-,08,22107,,N,B,C,A,A,H,-,A,D,0,,,,,Y,,A,01,0,0,1,0,0,0,0,0,0,"- ","- ",,,ALAMEDA,OAKLAND,-122.19618225097656,37.746452331542969
9413654,2022,2022-03-16,0109,2022-01-10,2108,9278,2,1,5,7,0109,0,0,0,,0,34X,"89TH AV","HOLLY ST",0.00,,Y,A,-,N,,,,,,,,,,Y,3,0,4,2,B,-,22,,,N,D,C,A,A,H,-,C,A,0,,,,,Y,,J,48,0,2,2,0,0,0,0,0,0,"- ","- ",,,ALAMEDA,OAKLAND,-122.17328643798828,37.751094818115234
9413658,2022,2022-03-16,0109,2022-01-09,1449,9470,2,7,5,7,0109,0,0,0,,0,27Y,"INTERNATIONAL BL","50TH AV",0.00,,Y,A,-,N,,,,,,,,,,N,4,0,3,3,A,-,03,22350,,M,C,C,A,A,H,-,A,A,0,,,,,Y,,A,01,0,0,3,0,0,0,0,0,0,"- ","- ",,,ALAMEDA,OAKLAND,-122.20885467529297,37.769416809082031
9413709,2022,2022-02-22,0109,2022-01-27,0754,286,110CL,4,5,7,0109,0,0,0,,0,,"WEST MACARTHUR BL","RT 80",0.00,,-,A,-,Y,ALA,4,580,-,L,39.851,R,3,E,Y,3,0,1,1,A,-,08,22107,,N,B,I,A,A,H,-,A,D,0,,,,,Y,,-,,0,1,0,0,0,0,0,0,0,"- ",EO,,,ALAMEDA,OAKLAND,-122.18891143798828,37.784305572509766
9417331,2022,2022-03-28,0109,2022-02-11,0435,8390,1,5,5,7,0109,0,0,0,,0,07X,"BRUSH ST","GRAND AV",0.00,,Y,A,-,N,,,,,,,,,,N,4,0,1,2,A,-,12,21453,A,M,D,C,A,A,H,-,C,A,0,,,,,Y,,A,07,0,0,1,0,0,0,0,0,0,"- ","- ",,,ALAMEDA,OAKLAND,-122.27472686767578,37.812896728515625
9422078,2022,2022-05-18,0109,2022-04-05,1137,8551,2,2,5,7,0109,0,0,0,,0,33X,"INTERNATIONAL BL","94TH AV",0.00,,Y,A,-,N,,,,,,,,,,Y,4,0,2,3,A,-,12,21453,A,N,D,C,A,A,H,-,A,A,0,,,,,Y,,A,01,0,0,2,0,0,0,0,0,0,"- ","- ",,,ALAMEDA,OAKLAND,-122.17264556884766,37.747150421142578
9422079,2022,2022-05-18,0109,2022-04-10,1320,8611,1,7,5,7,0109,0,0,0,,0,16X,"LAKESHORE AV","LAKE PARK AV",180.00,N,N,A,-,N,,,,,,,,,,N,4,0,1,2,A,-,09,21804,A,N,D,C,A,A,H,-,A,A,0,,,,,Y,,A,01,0,0,1,0,0,0,0,0,0,"- ","- ",,,ALAMEDA,OAKLAND,-122.24557495117188,37.810207366943359
9422411,2022,2022-05-18,0109,2022-03-27,1616,9893,2,7,5,7,0109,0,0,0,,0,22X,"REDWOOD RD","SKYLINE BL",0.00,,Y,A,-,N,,,,,,,,,,N,4,0,1,1,A,-,03,22350,,N,B,-,A,A,H,-,A,D,0,,,,,Y,,A,01,0,0,1,0,0,0,0,0,0,"- ","- ",,,ALAMEDA,OAKLAND,-122.17089080810547,37.79901123046875
9422413,2022,2022-05-10,0109,2022-03-21,1212,8711,1,1,5,7,0109,0,0,0,,0,10X,"ALCATRAZ AV","HERZOG ST",0.00,,Y,A,-,N,,,,,,,,,,N,4,0,1,2,A,-,09,21801,A,N,B,C,A,A,H,-,A,D,0,,,,,Y,,A,01,0,0,1,0,0,0,0,0,0,"- ","- ",,,ALAMEDA,OAKLAND,-122.28312683105469,37.847179412841797
9422498,2022,2022-05-13,0109,2022-04-09,2344,9891,2,6,5,7,0109,0,0,0,,0,27X,"BANCROFT AV","51ST AV",30.00,E,N,A,-,N,,,,,,,,,,N,4,0,1,5,A,-,08,22107,,M,D,E,A,A,H,-,C,A,0,,,,,Y,,A,01,0,0,1,0,0,0,0,0,0,"- ","- ",,,ALAMEDA,OAKLAND,-122.20576477050781,37.771778106689453
9422501,2022,2022-05-17,0109,2022-04-18,1609,9407,1,1,5,7,0109,0,0,0,,0,19X,"E 12TH ST","14TH AV",0.00,,Y,A,-,N,,,,,,,,,,N,4,0,1,2,A,-,12,21453,A,N,D,C,A,A,H,-,A,A,0,,,,,Y,,A,01,0,0,1,0,0,0,0,0,0,"- ","- ",,,ALAMEDA,OAKLAND,-122.24722290039062,37.788272857666016
9422502,2022,2022-05-17,0109,2022-04-19,1930,9165,2,2,5,7,0109,0,0,0,,0,30X,"INTERNATIONAL BL","79TH AV",50.00,E,N,A,-,N,,,,,,,,,,Y,3,0,1,2,A,-,21,22106,,N,B,C,A,A,H,-,A,D,0,,,,,Y,,A,01,0,1,0,0,0,0,0,0,0,"- ","- ",,,ALAMEDA,OAKLAND,-122.18260192871094,37.757057189941406