CASE_ID,ACCIDENT_YEAR,PROC_DATE,JURIS,COLLISION_DATE,COLLISION_TIME,OFFICER_ID,REPORTING_DISTRICT,DAY_OF_WEEK,CHP_SHIFT,POPULATION,CNTY_CITY_LOC,SPECIAL_COND,BEAT_TYPE,CHP_BEAT_TYPE,CITY_DIVISION_LAPD,CHP_BEAT_CLASS,BEAT_NUMBER,PRIMARY_RD,SECONDARY_RD,DISTANCE,DIRECTION,INTERSECTION,WEATHER_1,WEATHER_2,STATE_HWY_IND,CALTRANS_COUNTY,CALTRANS_DISTRICT,STATE_ROUTE,ROUTE_SUFFIX,POSTMILE_PREFIX,POSTMILE,LOCATION_TYPE,RAMP_INTERSECTION,SIDE_OF_HWY,TOW_AWAY,COLLISION_SEVERITY,NUMBER_KILLED,NUMBER_INJURED,PARTY_COUNT,PRIMARY_COLL_FACTOR,PCF_CODE_OF_VIOL,PCF_VIOL_CATEGORY,PCF_VIOLATION,PCF_VIOL_SUBSECTION,HIT_AND_RUN,TYPE_OF_COLLISION,MVIW,PED_ACTION,ROAD_SURFACE,ROAD_COND_1,ROAD_COND_2,LIGHTING,CONTROL_DEVICE,CHP_ROAD_TYPE,PEDESTRIAN_ACCIDENT,BICYCLE_ACCIDENT,MOTORCYCLE_ACCIDENT,TRUCK_ACCIDENT,NOT_PRIVATE_PROPERTY,ALCOHOL_INVOLVED,STWD_VEHTYPE_AT_FAULT,CHP_VEHTYPE_AT_FAULT,COUNT_SEVERE_INJ,COUNT_VISIBLE_INJ,COUNT_COMPLAINT_PAIN,COUNT_PED_KILLED,COUNT_PED_INJURED,COUNT_BICYCLIST_KILLED,COUNT_BICYCLIST_INJURED,COUNT_MC_KILLED,COUNT_MC_INJURED,PRIMARY_RAMP,SECONDARY_RAMP,LATITUDE,LONGITUDE,COUNTY,CITY,POINT_X,POINT_Y
9422506,2022,2022-05-17,0109,2022-04-07,1803,9921,1,4,5,7,0109,0,0,0,,0,10Y,"MARTIN LUTHER KING JR WY","AILEEN ST",0.00,,Y,A,-,N,,,,,,,,,,N,3,0,1,2,A,-,10,21950,A,N,G,B,B,A,H,-,A,A,0,Y,,,,Y,,A,01,0,1,0,0,1,0,0,0,0,"- ","- ",,,ALAMEDA,OAKLAND,-122.27014923095703,37.841365814208984
9422510,2022,2022-05-17,0109,2022-04-08,1205,9625,2,5,5,7,0109,0,0,0,,0,31X,"EDGEWATER DR","HEGENBERGER LOOP",100.00,W,N,A,-,N,,,,,,,,,,N,4,0,2,2,A,-,08,22107,,N,D,C,A,A,H,-,A,A,0,,,,,Y,,A,01,0,0,2,0,0,0,0,0,0,"- ","- ",,,ALAMEDA,OAKLAND,-122.19688415527344,37.736965179443359
9422512,2022,2022-05-17,0109,2022-04-07,0224,9960,2,4,5,7,0109,0,0,0,,0,26Y,"INTERNATIONAL BL","SEMINARY BL",0.00,,Y,A,-,N,,,,,,,,,,N,4,0,1,2,A,-,12,21453,A,N,D,C,A,A,H,-,C,A,0,,,,,Y,,A,01,0,0,1,0,0,0,0,0,0,"- ","- ",,,ALAMEDA,OAKLAND,-122.19956207275391,37.765087127685547
9422534,2022,2022-05-13,0109,2022-04-14,2252,9517,2,4,5,7,0109,0,0,0,,0,29X,"73RD AV","HILLMONT AV",55.00,N,N,C,-,N,,,,,,,,,,Y,3,0,5,2,A,-,08,22107,,N,D,C,A,B,H,-,C,D,0,,,,,Y,,A,07,0,1,4,0,0,0,0,0,0,"- ","- ",,,ALAMEDA,OAKLAND,-122.16974639892578,37.77423095703125
9422535,2022,2022-05-16,0109,2022-04-12,0728,9381,2,2,5,7,0109,0,0,0,,0,32X,"98TH AV","E ST",10.00,S,N,A,-,N,,,,,,,,,,N,4,0,2,3,A,-,03,22350,,N,C,C,A,A,H,-,A,A,0,,,,,Y,,A,01,0,0,2,0,0,0,0,0,0,"- ","- ",,,ALAMEDA,OAKLAND,-122.17696380615234,37.741310119628906
9422539,2022,2022-05-16,0109,2022-04-16,1025,9962,1,6,5,7,0109,0,0,0,,0,19X,"E 11TH ST","23RD AV",0.00,,Y,A,B,N,,,,,,,,,,N,4,0,1,3,A,-,12,21453,A,N,A,C,A,B,H,-,A,A,0,,,,,Y,,A,01,0,0,1,0,0,0,0,0,0,"- ","- ",,,ALAMEDA,OAKLAND,-122.23702239990234,37.780109405517578
9422540,2022,2022-05-16,0109,2022-04-11,1311,9222,1,1,5,7,0109,0,0,0,,0,10X,"ALCATRAZ AV","HERZOG ST",0.00,,Y,A,-,N,,,,,,,,,,N,4,0,1,2,A,-,09,21802,A,N,D,C,A,A,H,-,A,A,0,,,Y,,Y,,A,07,0,0,1,0,0,0,0,0,1,"- ","- ",,,ALAMEDA,OAKLAND,-122.28312683105469,37.847179412841797
9422541,2022,2022-06-03,0109,2022-04-16,1836,9269,1,6,5,7,0109,0,0,0,,0,05X,"WEST GRAND","POPLAR ST",10.00,E,N,A,-,N,,,,,,,,,,N,4,0,1,2,A,-,03,22350,,N,C,C,A,A,H,-,A,A,0,,,,,Y,,A,01,0,0,1,0,0,0,0,0,0,"- ","- ",,,ALAMEDA,OAKLAND,-122.28707885742188,37.81622314453125
9422543,2022,2022-06-03,0109,2022-04-13,1445,9881,1,3,5,7,0109,0,0,0,,0,06X,"36TH ST","MARKET ST",0.00,,Y,A,-,N,,,,,,,,,,Y,4,0,1,2,A,-,12,21453,A,N,D,C,A,A,H,-,A,A,0,,,,,Y,,A,01,0,0,1,0,0,0,0,0,0,"- ","- ",,,ALAMEDA,OAKLAND,-122.27503967285156,37.826251983642578
9424241,2022,2022-04-05,0109,2022-03-01,0852,9292,2,2,5,7,0109,0,0,0,,0,30X,"INTERNATIONAL BL","72ND AV",5.00,E,N,A,-,N,,,,,,,,,,N,4,0,1,2,A,-,03,22350,,N,C,C,A,A,H,-,A,A,0,,,,,Y,,A,01,0,0,1,0,0,0,0,0,0,"- ","- ",,,ALAMEDA,OAKLAND,-122.18818664550781,37.759723663330078
9424303,2022,2022-03-29,0109,2022-02-09,2121,8609,2,3,5,7,0109,0,0,0,,0,30X,"INTERNATIONAL BL","72ND AV",0.00,,Y,B,-,N,,,,,,,,,,N,4,0,1,2,A,-,12,21453,A,M,G,B,B,A,H,-,C,A,0,Y,,,,Y,,A,01,0,0,1,0,1,0,0,0,0,"- ","- ",,,ALAMEDA,OAKLAND,-122.18820190429688,37.759735107421875
9424619,2022,2022-04-07,0109,2022-02-04,0600,9053,1,5,5,7,0109,0,0,0,,0,11X,"57TH ST","SHATTUCK AV",0.00,,Y,B,-,N,,,,,,,,,,Y,4,0,1,2,A,-,09,21802,A,N,D,C,A,A,H,-,C,D,0,,,,,Y,,D,23,0,0,1,0,0,0,0,0,0,"- ","- ",,,ALAMEDA,OAKLAND,-122.26481628417969,37.842624664306641
9424639,2022,2022-05-12,0109,2022-01-05,1702,9259,2,3,5,7,0109,0,0,0,,0,26X,"81ST AV","INTERNATIONAL BL",0.00,,Y,A,-,N,,,,,,,,,,Y,4,0,1,2,D,-,00,,,N,D,C,A,A,H,-,B,A,0,,,,,Y,,-,"- ",0,0,1,0,0,0,0,0,0,"- ","- ",,,ALAMEDA,OAKLAND,-122.18064880371094,37.756114959716797
9424691,2022,2022-03-28,0109,2022-01-26,1030,8823,2,3,5,7,0109,0,0,0,,0,30X,"INTERNATIONAL BL","34TH AV",0.00,,Y,A,-,N,,,,,,,,,,N,3,0,1,2,A,-,10,21950,A,N,G,B,B,A,H,-,A,A,0,Y,,,,Y,,A,08,0,1,0,0,1,0,0,0,0,"- ","- ",,,ALAMEDA,OAKLAND,-122.22383117675781,37.776664733886719
9425058,2022,2022-04-07,0109,2022-02-08,1914,9259,2,2,5,7,0109,0,0,0,,0,27Y,"SEMINARY AV","HARMON AV",0.00,,Y,A,-,N,,,,,,,,,,Y,4,0,1,4,A,-,01,23152,A,N,B,C,A,A,H,-,C,D,0,,,,,Y,Y,A,01,0,0,1,0,0,0,0,0,0,"- ","- ",,,ALAMEDA,OAKLAND,-122.19511413574219,37.768238067626953
9425059,2022,2022-04-07,0109,2022-02-02,0035,9822,2,3,5,7,0109,0,0,0,,0,31Y,"SAN LEANDRO ST","92ND AV",150.00,E,N,A,-,N,,,,,,,,,,N,4,0,1,1,A,-,08,22107,,N,A,I,A,A,H,-,C,D,0,,,,,Y,,A,01,0,0,1,0,0,0,0,0,0,"- ","- ",,,ALAMEDA,OAKLAND,-122.18431854248047,37.743011474609375
9426455,2022,2022-04-04,0109,2022-02-20,1334,9597,2,7,5,7,0109,0,0,0,,0,26X,"INTERNATIONAL BL","45TH AV",30.00,W,N,A,-,N,,,,,,,,,,N,3,0,1,2,A,-,03,22350,,M,G,B,D,A,H,-,A,D,0,Y,Y,,,Y,,L,04,0,1,0,0,1,0,0,0,0,"- ","- ",,,ALAMEDA,OAKLAND,-122.21309661865234,37.771430969238281
9426478,2022,2022-03-29,0109,2022-01-24,1928,9821,1,1,5,7,0109,0,0,0,,0,07X,"34TH ST","ADELINE ST",0.00,,Y,A,-,N,,,,,,,,,,N,4,0,1,2,A,-,12,22450,A,M,D,C,A,A,H,-,C,A,0,,,,,Y,,A,01,0,0,1,0,0,0,0,0,0,"- ","- ",,,ALAMEDA,OAKLAND,-122.28033447265625,37.825496673583984
9427733,2022,2022-04-18,0109,2022-02-01,0856,9969,1,2,5,7,0109,0,0,0,,0,19X,"5TH AV","15TH ST",0.00,,Y,A,-,N,,,,,,,,,,Y,4,0,1,3,A,-,12,21453,A,N,D,C,A,A,H,-,A,A,0,,,,,Y,,A,01,0,0,1,0,0,0,0,0,0,"- ","- ",,,ALAMEDA,OAKLAND,-122.25292205810547,37.796409606933594
9427745,2022,2022-04-26,0109,2022-03-06,1414,9893,2,7,5,7,0109,0,0,0,,0,30X,"HOLLY ST","78TH AV",0.00,,Y,A,-,N,,,,,,,,,,N,4,0,1,2,A,-,12,22450,A,M,D,C,A,A,H,-,A,A,0,,,,,Y,,D,22,0,0,1,0,0,0,0,0,0,"- ","- ",,,ALAMEDA,OAKLAND,-122.18014526367188,37.759651184082031
9428603,2022,2022-05-06,0109,2022-03-04,1729,9173,1,5,5,7,0109,0,0,0,,0,10X,"MARKET ST","40TH ST",0.00,,Y,A,-,N,,,,,,,,,,N,4,0,1,2,A,-,12,21453,A,N,D,C,A,A,-,-,B,A,0,,,,,Y,,-,"- ",0,0,1,0,0,0,0,0,0,"- ","- ",,,ALAMEDA,OAKLAND,-122.27392578125,37.830635070800781
9428604,2022,2022-05-06,0109,2022-03-08,1011,8606,1,2,5,7,0109,0,0,0,,0,06X,"36TH ST","WEST ST",0.00,,Y,A,-,N,,,,,,,,,,N,4,0,1,2,A,-,12,21453,A,N,D,C,A,A,H,-,A,A,0,,,,,Y,,-,"- ",0,0,1,0,0,0,0,0,0,"- ","- ",,,ALAMEDA,OAKLAND,-122.27214050292969,37.825630187988281
9428607,2022,2022-05-03,0109,2022-03-03,1708,9943,2,4,5,7,0109,0,0,0,,0,31Y,"PEARMAIN ST","98TH AV",0.00,,Y,B,-,N,,,,,,,,,,Y,4,0,1,2,A,-,09,21801,A,N,D,C,A,B,H,-,B,D,0,,,,,Y,,A,01,0,0,1,0,0,0,0,0,0,"- ","- ",,,ALAMEDA,OAKLAND,-122.18086242675781,37.738277435302734
9428610,2022,2022-04-20,0109,2022-03-03,1947,9934,1,4,5,7,0109,0,0,0,,0,07X,"SAN PABLO AV","27TH AV",0.00,,Y,C,-,N,,,,,,,,,,N,2,0,1,2,A,-,10,21950,A,N,G,B,B,B,G,-,D,B,0,Y,,,,Y,,A,01,1,0,0,0,1,0,0,0,0,"- ","- ",,,ALAMEDA,OAKLAND,-122.27569580078125,37.817882537841797
9428705,2022,2022-04-21,0109,2022-02-20,1606,9597,2,7,5,7,0109,0,0,0,,0,23X,"38TH AV","INTERNATIONAL BL",25.00,W,N,A,-,N,,,,,,,,,,N,4,0,3,2,D,-,00,,,N,D,C,A,A,H,-,A,A,0,,,,,Y,,-,"- ",0,0,3,0,0,0,0,0,0,"- ","- ",,,ALAMEDA,OAKLAND,-122.219970703125,37.774742126464844
9428707,2022,2022-04-21,0109,2022-02-22,1817,9951,1,2,5,7,0109,0,0,0,,0,05X,"MARKET ST","16TH ST",0.00,,Y,C,-,N,,,,,,,,,,N,4,0,2,3,A,-,10,21950,A,N,G,B,B,B,H,-,D,A,0,Y,,,,Y,,A,01,0,0,2,0,2,0,0,0,0,"- ","- ",,,ALAMEDA,OAKLAND,-122.2803955078125,37.809719085693359
9428708,2022,2022-04-21,0109,2022-02-23,2045,9929,1,3,5,7,0109,0,0,0,,0,02X,"7TH ST","UNION ST",0.00,,Y,A,-,N,,,,,,,,,,Y,4,0,2,2,A,-,12,21453,A,N,D,C,A,A,H,-,C,A,0,,,,,Y,,A,01,0,0,2,0,0,0,0,0,0,"- ","- ",,,ALAMEDA,OAKLAND,-122.29042053222656,37.804267883300781
9428709,2022,2022-04-21,0109,2022-02-27,1548,9910,1,7,5,7,0109,0,0,0,,0,03X,"BROADWAY ST","12TH ST",0.00,,-,A,-,N,,,,,,,,,,N,4,0,1,2,C,-,18,,,N,D,C,A,A,H,-,A,A,0,,,,,Y,,-,"- ",0,0,1,0,0,0,0,0,0,"- ","- ",,,ALAMEDA,OAKLAND,-122.27204132080078,37.802932739257812
9428710,2022,2022-04-21,0109,2022-02-24,1626,9951,1,4,5,7,0109,0,0,0,,0,06X,"MARKET ST","31ST ST",0.00,,Y,A,-,N,,,,,,,,,,N,4,0,2,2,A,-,09,21802,A,N,D,C,A,A,H,-,A,D,0,,,,,Y,,A,01,0,0,2,0,0,0,0,0,0,"- ","- ",,,ALAMEDA,OAKLAND,-122.27622222900391,37.821445465087891
9428714,2022,2022-05-11,0109,2022-02-22,1013,9381,1,2,5,7,0109,0,0,0,,0,02X,"7TH ST","MARKET ST",0.00,,Y,A,-,N,,,,,,,,,,N,4,0,1,2,A,-,12,21453,A,N,D,C,A,A,H,-,A,A,0,,,,,Y,,-,"- ",0,0,1,0,0,0,0,0,0,"- ","- ",,,ALAMEDA,OAKLAND,-122.28298950195312,37.802700042724609
9430846,2022,2022-04-19,0109,2022-03-16,1949,8585,2,3,5,7,0109,0,0,0,,0,25Y,"HANSOM DR","CHARIOT LN",250.00,W,N,A,-,N,,,,,,,,,,Y,4,0,1,2,A,-,08,22107,,N,C,E,A,A,H,-,C,D,0,,,,,Y,,A,01,0,0,1,0,0,0,0,0,0,"- ","- ",,,ALAMEDA,OAKLAND,-122.13938903808594,37.776268005371094
9431021,2022,2022-04-18,0109,2022-03-11,1806,9173,1,5,5,7,0109,0,0,0,,0,13Y,"CLAREMONT AV","RISPIN DR",1000.00,S,N,A,-,N,,,,,,,,,,N,4,0,1,1,A,-,03,22350,,N,H,A,A,B,H,-,D,D,0,,,Y,,Y,,C,02,0,0,1,0,0,0,0,0,1,"- ","- ",,,ALAMEDA,OAKLAND,-122.23648071289062,37.863010406494141
9431023,2022,2022-04-18,0109,2022-03-18,0057,8425,1,5,5,7,0109,0,0,0,,0,03X,"14TH ST","ALICE ST",0.00,,Y,A,-,N,,,,,,,,,,N,4,0,1,2,A,-,12,21453,A,M,D,C,A,A,H,-,A,A,0,,,,,Y,,A,01,0,0,1,0,0,0,0,0,0,"- ","- ",,,ALAMEDA,OAKLAND,-122.26640319824219,37.802455902099609
9431024,2022,2022-04-18,0109,2022-03-22,0930,8681,2,2,5,7,0109,0,0,0,,0,32X,"105TH AV","INTERNATIONAL BL",15.00,S,N,A,-,N,,,,,,,,,,N,4,0,1,2,A,-,05,21460,A,M,C,G,A,A,H,-,A,A,0,,Y,,,Y,,-,99,0,0,1,0,0,0,1,0,0,"- ","- ",,,ALAMEDA,OAKLAND,-122.16677093505859,37.7392578125
9431962,2022,2022-04-19,0109,2022-01-23,1028,9906,2,7,5,7,0109,0,0,0,,0,24X,"INTERNATIONAL BL","FRUITVALE AV",20.00,E,N,A,-,N,,,,,,,,,,N,4,0,1,3,A,-,12,21453,A,N,D,C,A,A,H,-,A,A,0,,Y,,,Y,,A,01,0,0,1,0,0,0,1,0,0,"- ","- ",,,ALAMEDA,OAKLAND,-122.22576904296875,37.777584075927734
9431964,2022,2022-04-19,0109,2022-01-30,1812,8402,1,7,5,7,0109,0,0,0,,0,03X,"7TH ST","FALLON CIR",0.00,,Y,A,-,N,,,,,,,,,,Y,3,0,1,1,A,-,08,22107,,N,E,J,A,A,H,-,C,A,0,,,,,Y,,A,01,0,1,0,0,0,0,0,0,0,"- ","- ",,,ALAMEDA,OAKLAND,-122.26470184326172,37.795780181884766
9432900,2022,2022-09-01,0109,2022-05-10,1500,9385,1,2,5,7,0109,0,0,0,,0,02X,"7TH ST","ADELINE ST",0.00,,Y,A,-,N,,,,,,,,,,N,4,0,1,2,A,-,09,21801,A,N,B,C,A,A,H,-,A,A,0,,,,,Y,,A,01,0,0,1,0,0,0,0,0,0,"- ","- ",,,ALAMEDA,OAKLAND,-122.28820037841797,37.803806304931641
9433762,2022,2022-10-07,0109,2022-06-21,1414,9657,1,2,5,7,0109,0,0,0,,0,06X,"18TH ST","CAMPBELL ST",0.00,,Y,A,-,N,,,,,,,,,,N,4,0,2,2,A,-,09,21802,A,N,D,C,A,A,H,-,A,A,0,,,,,Y,,A,01,0,0,2,0,0,0,0,0,0,"- ","- ",,,ALAMEDA,OAKLAND,-122.29306030273438,37.814723968505859
9433953,2022,2022-05-23,0109,2022-03-19,0100,9372,2,6,5,7,0109,0,0,0,,0,30X,"BANCROFT AV","67TH AV",12.00,W,N,A,-,N,,,,,,,,,,N,4,0,1,2,A,-,03,22350,,F,-,-,A,A,H,-,C,-,0,,,,,Y,,A,07,0,0,1,0,0,0,0,0,0,"- ","- ",,,ALAMEDA,OAKLAND,-122.18073272705078,37.7691650390625
9435395,2022,2022-04-14,0109,2022-01-19,1510,9259,2,3,5,7,0109,0,0,0,,0,23X,"FOOTHILL BL","35TH AV",100.00,E,N,A,-,N,,,,,,,,,,Y,4,0,1,2,A,-,08,22107,,N,A,C,A,A,H,-,A,D,0,,,,,Y,,A,01,0,0,1,0,0,0,0,0,0,"- ","- ",,,ALAMEDA,OAKLAND,-122.21902465820312,37.781925201416016
9435396,2022,2022-04-14,0109,2022-01-20,1414,9388,2,4,5,7,0109,0,0,0,,0,28X,"HIGH ST","QUIGLEY ST",20.00,S,N,A,-,N,,,,,,,,,,N,4,0,1,2,A,-,09,21801,A,N,D,C,A,A,H,-,A,D,0,,,,,Y,,A,01,0,0,1,0,0,0,0,0,0,"- ","- ",,,ALAMEDA,OAKLAND,-122.19664001464844,37.786380767822266
9435398,2022,2022-04-14,0109,2022-01-22,1727,9874,2,6,5,7,0109,0,0,0,,0,23X,"INTERNATIONAL BL","33RD AV",0.00,,Y,A,-,N,,,,,,,,,,N,4,0,1,3,A,-,17,21655,B,N,B,C,A,A,H,-,C,D,0,,,,,Y,,A,01,0,0,1,0,0,0,0,0,0,"- ","- ",,,ALAMEDA,OAKLAND,-122.22453308105469,37.7769775390625
9435399,2022,2022-06-30,0109,2022-01-22,2124,9844,1,6,5,7,0109,0,0,0,,0,06X,"MARTIN LUTHER KING JR WY","W MACARTHUR BL",0.00,,Y,A,-,N,,,,,,,,,,N,3,0,1,2,A,-,08,22107,,M,D,G,A,A,H,-,C,A,0,,Y,,,Y,,A,01,0,1,0,0,0,0,1,0,0,"- ","- ",,,ALAMEDA,OAKLAND,-122.26908874511719,37.827117919921875
9435401,2022,2022-04-14,0109,2022-01-17,1201,9224,2,1,5,7,0109,0,0,0,,0,23X,"SAN LEANDRO ST","39TH AV",0.00,,Y,A,-,N,,,,,,,,,,N,4,0,2,2,A,-,09,21802,A,N,D,C,A,A,H,-,A,A,0,,,,,Y,,A,07,0,0,2,0,0,0,0,0,0,"- ","- ",,,ALAMEDA,OAKLAND,-122.22057342529297,37.772270202636719
9435494,2022,2022-05-03,0109,2022-03-08,1531,9953,2,2,5,7,0109,0,0,0,,0,31X,"HEGENBERGER RD","BALDWIN ST",0.00,,Y,A,-,N,,,,,,,,,,Y,2,0,1,2,A,-,12,21453,A,N,D,C,A,A,H,-,A,A,0,,,,,Y,,A,01,1,0,0,0,0,0,0,0,0,"- ","- ",,,ALAMEDA,OAKLAND,-122.19625091552734,37.747547149658203
9435508,2022,2022-04-29,0109,2022-03-13,1250,9914,2,7,5,7,0109,0,0,0,,0,31X,"HEGENBERGER RD","HEGENBERGER LOOP",234.00,N,N,A,-,N,,,,,,,,,,Y,4,0,1,2,A,-,08,22107,,N,D,C,A,A,H,-,A,D,0,,,,,Y,,D,22,0,0,1,0,0,0,0,0,0,"- ","- ",,,ALAMEDA,OAKLAND,-122.19764709472656,37.735004425048828
9435512,2022,2022-05-02,0109,2022-01-31,1918,9727,2,1,5,7,0109,0,0,0,,0,34X,"89TH AV","BIRCH ST",0.00,,Y,A,-,N,,,,,,,,,,N,4,0,1,3,A,-,12,22450,A,N,D,C,A,A,H,-,C,D,0,,,,,Y,,A,01,0,0,1,0,0,0,0,0,0,"- ","- ",,,ALAMEDA,OAKLAND,-122.16983032226562,37.752696990966797
9435703,2022,2022-04-25,0109,2022-02-11,1952,9929,1,5,5,7,0109,0,0,0,,0,04X,"HARRISON ST","GRAND AV",0.00,,Y,A,-,N,,,,,,,,,,N,4,0,1,2,A,-,09,21801,A,N,D,G,A,A,H,-,C,A,0,,Y,,,Y,,A,01,0,0,1,0,0,0,1,0,0,"- ","- ",,,ALAMEDA,OAKLAND,-122.26245880126953,37.810909271240234
9435704,2022,2022-04-25,0109,2022-02-11,1047,9394,2,5,5,7,0109,0,0,0,,0,24X,"CARRINGTON ST","42ND AV",30.00,E,N,A,-,N,,,,,,,,,,N,3,0,1,3,A,-,03,22350,,N,B,E,A,A,H,-,A,D,0,,,,,Y,,A,07,0,1,0,0,0,0,0,0,0,"- ","- ",,,ALAMEDA,OAKLAND,-122.21048736572266,37.777362823486328
9435705,2022,2022-04-25,0109,2022-02-10,1558,8077,1,4,5,7,0109,0,0,0,,0,18X,"FOOTHILL BL","21ST AV",0.00,,Y,A,-,N,,,,,,,,,,N,4,0,1,2,A,-,09,21802,A,N,B,C,A,A,H,-,A,A,0,,,,,Y,,A,01,0,0,1,0,0,0,0,0,0,"- ","- ",,,ALAMEDA,OAKLAND,-122.23733520507812,37.786861419677734
9435708,2022,2022-04-25,0109,2022-02-18,1744,9182,2,5,5,7,0109,0,0,0,,0,20X,"INTERNATIONAL BL","MILLER AV",0.00,,Y,A,-,N,,,,,,,,,,N,4,0,1,2,A,-,11,21453,D,N,A,B,B,A,H,-,B,A,0,Y,,,,Y,,N,60,0,0,1,0,1,0,0,0,0,"- ","- ",,,ALAMEDA,OAKLAND,-122.23484802246094,37.782745361328125
9435709,2022,2022-05-11,0109,2022-02-27,1453,9887,2,7,5,7,0109,0,0,0,,0,04X,"TELEGRAPH AV","18TH ST",0.00,,Y,A,-,N,,,,,,,,,,N,4,0,1,2,C,-,18,,,N,C,-,A,A,H,-,A,A,0,,,,,Y,,-,"- ",0,0,1,0,0,0,0,0,0,"- ","- ",,,ALAMEDA,OAKLAND,-122.27005767822266,37.807624816894531
9435713,2022,2022-04-25,0109,2022-02-19,2113,9922,1,6,5,7,0109,0,0,0,,0,21X,"HAROLD ST","COOLIDGE AV",0.00,,Y,A,-,N,,,,,,,,,,N,4,0,1,2,A,-,12,22450,A,M,B,C,A,A,H,-,B,B,0,,,,,Y,,A,01,0,0,1,0,0,0,0,0,0,"- ","- ",,,ALAMEDA,OAKLAND,-122.21092224121094,37.796302795410156
9435714,2022,2022-04-25,0109,2022-02-03,1852,9943,2,4,5,7,0109,0,0,0,,0,32X,"98TH AV","INTERNATIONAL BL",0.00,,Y,A,-,N,,,,,,,,,,Y,4,0,4,2,A,-,12,21453,A,M,D,C,A,A,H,-,C,A,0,,,,,Y,,A,01,0,0,4,0,0,0,0,0,0,"- ","- ",,,ALAMEDA,OAKLAND,-122.17057800292969,37.744327545166016
9435721,2022,2022-04-27,0109,2022-03-06,1325,9501,1,7,5,7,0109,0,0,0,,0,04X,"17TH ST","FRANKLIN ST",0.00,,Y,A,-,N,,,,,,,,,,Y,4,0,2,2,D,-,00,,,N,D,C,A,A,H,-,A,A,0,,,,,Y,,-,"- ",0,0,2,0,0,0,0,0,0,"- ","- ",,,ALAMEDA,OAKLAND,-122.26850128173828,37.806190490722656
9435723,2022,2022-04-27,0109,2022-03-08,0923,9968,2,2,5,7,0109,0,0,0,,0,30Y,"73RD AV","MACARTHUR BL",0.00,,Y,A,-,N,,,,,,,,,,N,4,0,2,3,A,-,03,22350,,N,C,C,A,A,H,-,A,D,0,,,Y,,Y,,C,06,0,0,2,0,0,0,0,0,0,"- ","- ",,,ALAMEDA,OAKLAND,-122.17202758789062,37.769130706787109
9435725,2022,2022-04-27,0109,2022-03-14,0729,9727,2,1,5,7,0109,0,0,0,,0,25X,"CALAVERAS AV","BUELL ST",8.00,E,N,A,-,N,,,,,,,,,,N,2,0,1,2,A,-,10,21950,A,N,G,B,B,A,H,-,A,A,0,Y,,,,Y,,A,01,1,0,0,0,1,0,0,0,0,"- ","- ",,,ALAMEDA,OAKLAND,-122.18756103515625,37.784538269042969
9435728,2022,2022-05-05,0109,2022-03-28,2158,8585,2,1,5,7,0109,0,0,0,,0,27X,"HIGH ST","INTERNATIONAL BL",5.00,N,N,A,-,N,,,,,,,,,,N,4,0,1,2,A,-,11,21453,D,M,A,B,B,A,H,-,C,A,0,Y,,,,Y,,N,60,0,0,1,0,1,0,0,0,0,"- ","- ",,,ALAMEDA,OAKLAND,-122.21482086181641,37.772357940673828
9435740,2022,2022-04-28,0109,2022-03-13,0911,9*738,1,7,5,7,0109,0,0,0,,0,02X,"8TH ST","MARKET ST",30.00,W,N,A,-,N,,,,,,,,,,N,4,0,1,2,A,-,05,21651,B,N,B,C,A,B,H,-,A,A,0,,,,,Y,,A,01,0,0,1,0,0,0,0,0,0,"- ","- ",,,ALAMEDA,OAKLAND,-122.28279113769531,37.803695678710938
9435741,2022,2022-04-27,0109,2022-03-26,1251,9597,2,6,5,7,0109,0,0,0,,0,23X,"INTERNATIONAL BL","35TH AV",15.00,W,N,A,-,N,,,,,,,,,,N,4,0,1,2,A,-,03,22350,,M,C,C,A,A,H,-,A,A,0,,,,,Y,,A,07,0,0,1,0,0,0,0,0,0,"- ","- ",,,ALAMEDA,OAKLAND,-122.22274780273438,37.776149749755859
9435743,2022,2022-04-27,0109,2022-03-11,1830,9173,1,5,5,7,0109,0,0,0,,0,13Y,"TUNNEL RD","CHARING CROSS RD",2100.00,S,N,A,-,N,,,,,,,,,,N,2,0,1,2,A,-,05,21460,A,F,A,G,A,A,H,-,D,D,0,,Y,,,Y,,A,08,1,0,0,0,0,0,1,0,0,"- ","- ",,,ALAMEDA,OAKLAND,-122.22360229492188,37.853645324707031
9436215,2022,2022-05-02,0109,2022-01-24,1745,9727,2,1,5,7,0109,0,0,0,,0,,"85TH AV","G ST",0.00,,-,A,-,N,,,,,,,,,,N,4,0,1,2,A,-,21,22106,,M,G,B,E,A,H,-,C,A,0,Y,,,,Y,,A,01,0,0,1,0,1,0,0,0,0,"- ","- ",,,ALAMEDA,OAKLAND,-122.18563079833984,37.749256134033203
9437520,2022,2022-05-18,0109,2022-04-08,1811,9480,1,5,5,7,0109,0,0,0,,0,02X,"7TH ST","ADELINE ST",100.00,W,N,A,-,N,,,,,,,,,,N,4,0,1,2,A,-,03,22350,,M,C,C,A,A,H,-,A,A,0,,,,Y,Y,,A,01,0,0,1,0,0,0,0,0,0,"- ","- ",,,ALAMEDA,OAKLAND,-122.28853607177734,37.803874969482422