CASE_ID,ACCIDENT_YEAR,PROC_DATE,JURIS,COLLISION_DATE,COLLISION_TIME,OFFICER_ID,REPORTING_DISTRICT,DAY_OF_WEEK,CHP_SHIFT,POPULATION,CNTY_CITY_LOC,SPECIAL_COND,BEAT_TYPE,CHP_BEAT_TYPE,CITY_DIVISION_LAPD,CHP_BEAT_CLASS,BEAT_NUMBER,PRIMARY_RD,SECONDARY_RD,DISTANCE,DIRECTION,INTERSECTION,WEATHER_1,WEATHER_2,STATE_HWY_IND,CALTRANS_COUNTY,CALTRANS_DISTRICT,STATE_ROUTE,ROUTE_SUFFIX,POSTMILE_PREFIX,POSTMILE,LOCATION_TYPE,RAMP_INTERSECTION,SIDE_OF_HWY,TOW_AWAY,COLLISION_SEVERITY,NUMBER_KILLED,NUMBER_INJURED,PARTY_COUNT,PRIMARY_COLL_FACTOR,PCF_CODE_OF_VIOL,PCF_VIOL_CATEGORY,PCF_VIOLATION,PCF_VIOL_SUBSECTION,HIT_AND_RUN,TYPE_OF_COLLISION,MVIW,PED_ACTION,ROAD_SURFACE,ROAD_COND_1,ROAD_COND_2,LIGHTING,CONTROL_DEVICE,CHP_ROAD_TYPE,PEDESTRIAN_ACCIDENT,BICYCLE_ACCIDENT,MOTORCYCLE_ACCIDENT,TRUCK_ACCIDENT,NOT_PRIVATE_PROPERTY,ALCOHOL_INVOLVED,STWD_VEHTYPE_AT_FAULT,CHP_VEHTYPE_AT_FAULT,COUNT_SEVERE_INJ,COUNT_VISIBLE_INJ,COUNT_COMPLAINT_PAIN,COUNT_PED_KILLED,COUNT_PED_INJURED,COUNT_BICYCLIST_KILLED,COUNT_BICYCLIST_INJURED,COUNT_MC_KILLED,COUNT_MC_INJURED,PRIMARY_RAMP,SECONDARY_RAMP,LATITUDE,LONGITUDE,COUNTY,CITY,POINT_X,POINT_Y
9437685,2022,2022-05-20,0109,2022-03-25,0553,9622,2,5,5,7,0109,0,0,0,,0,29X,"73RD AV","HILLMONT DR",100.00,N,N,A,-,N,,,,,,,,,,Y,4,0,1,3,A,-,08,22107,,N,B,E,A,A,H,-,C,D,0,,,,,Y,,A,07,0,0,1,0,0,0,0,0,0,"- ","- ",,,ALAMEDA,OAKLAND,-122.16974639892578,37.77423095703125
9437715,2022,2022-05-18,0109,2022-03-30,1042,9165,2,3,5,7,0109,0,0,0,,0,21X,"E 20TH ST","26TH AV",0.00,,Y,B,-,N,,,,,,,,,,N,4,0,1,3,A,-,09,21802,A,N,D,C,A,A,H,-,A,A,0,,,,,Y,,A,01,0,0,1,0,0,0,0,0,0,"- ","- ",,,ALAMEDA,OAKLAND,-122.22821807861328,37.785366058349609
9437766,2022,2022-05-17,0109,2022-03-27,1600,9407,1,7,5,7,0109,0,0,0,,0,07X,"7TH ST","MADISON ST",0.00,,Y,B,-,N,,,,,,,,,,N,4,0,3,2,D,-,00,,,N,D,C,A,A,H,-,A,B,0,,,,,Y,,-,"- ",0,0,3,0,0,0,0,0,0,"- ","- ",,,ALAMEDA,OAKLAND,-122.26705169677734,37.796707153320312
9437915,2022,2022-07-26,0109,2022-04-04,0015,9945,2,1,5,7,0109,0,0,0,,0,32Y,"98TH AV","STANLEY AV",0.00,,-,A,-,N,,,,,,,,,,Y,4,0,2,3,A,-,08,22107,,N,A,E,-,A,H,-,C,D,0,Y,,,,Y,,A,01,0,0,2,0,1,0,0,0,0,"- ","- ",,,ALAMEDA,OAKLAND,-122.15357971191406,37.752391815185547
9437918,2022,2022-05-17,0109,2022-04-12,1814,9881,1,2,5,7,0109,0,0,0,,0,12Y,"CLAREMONT AV","FOREST ST",0.00,,Y,A,-,N,,,,,,,,,,N,4,0,1,2,A,-,10,21950,A,N,G,B,B,A,H,-,A,A,0,Y,,,,Y,,A,01,0,0,1,0,1,0,0,0,0,"- ","- ",,,ALAMEDA,OAKLAND,-122.25614929199219,37.844657897949219
9437919,2022,2022-05-17,0109,2022-04-20,1047,9409,2,3,5,7,0109,0,0,0,,0,31X,"DOOLITTLE DR","HEGENBERGER RD",0.00,,Y,A,-,N,,,,,,,,,,N,4,0,1,3,A,-,12,21453,A,N,D,C,A,A,H,-,A,A,0,,,,,Y,,A,01,0,0,1,0,0,0,0,0,0,"- ","- ",,,ALAMEDA,OAKLAND,-122.20168304443359,37.726531982421875
9437920,2022,2022-05-17,0109,2022-04-20,2000,9948,2,3,5,7,0109,0,0,0,,0,20X,"23RD AV","KENNEDY ST",0.00,,Y,B,-,N,,,,,,,,,,N,4,0,1,2,A,-,10,21950,A,N,G,B,B,A,H,-,C,A,0,Y,,,,Y,,A,01,0,0,1,0,1,0,0,0,0,"- ","- ",,,ALAMEDA,OAKLAND,-122.23597717285156,37.773719787597656
9437935,2022,2022-05-19,0109,2022-04-20,0647,8557,1,3,5,7,0109,0,0,0,,0,04X,"TELEGRAPH AV","W GRAND AV",45.00,S,N,A,-,N,,,,,,,,,,N,4,0,1,3,A,-,08,22107,,N,A,C,A,A,E,H,A,D,0,,,,,Y,,A,07,0,0,1,0,0,0,0,0,0,"- ","- ",,,ALAMEDA,OAKLAND,-122.26903533935547,37.811698913574219
9438001,2022,2022-06-03,0109,2022-04-19,1909,9960,1,2,5,7,0109,0,0,0,,0,05Y,"MANDELA PKWY","14TH ST",0.00,,Y,A,-,N,,,,,,,,,,N,3,0,1,2,D,-,00,,,N,G,B,B,A,H,-,A,A,0,Y,,,,Y,,-,"- ",0,1,0,0,1,0,0,0,0,"- ","- ",,,ALAMEDA,OAKLAND,-122.29174041748047,37.810855865478516
9438003,2022,2022-06-03,0109,2022-04-18,1913,9874,2,1,5,7,0109,0,0,0,,0,23X,"INTERNATIONAL BL","33RD AV",50.00,W,N,A,-,N,,,,,,,,,,Y,4,0,1,2,A,-,08,22107,,N,D,C,A,A,H,-,B,D,0,,,,,Y,,A,01,0,0,1,0,0,0,0,0,0,"- ","- ",,,ALAMEDA,OAKLAND,-122.22467803955078,37.777050018310547
9438007,2022,2022-05-16,0109,2022-04-19,1152,88274,2,2,5,7,0109,0,0,0,,0,31X,"HEGENBERGER RD","BALDWIN ST",30.00,N,N,A,-,N,,,,,,,,,,N,3,0,2,5,A,-,03,22350,,M,C,C,A,A,H,-,A,A,0,,,,,Y,,A,01,0,2,0,0,0,0,0,0,0,"- ","- ",,,ALAMEDA,OAKLAND,-122.19626617431641,37.747631072998047
9438008,2022,2022-05-17,0109,2022-04-16,1730,9312,1,6,5,7,0109,0,0,0,,0,02X,"ADELINE ST","10TH ST",0.00,,Y,A,-,N,,,,,,,,,,N,4,0,1,2,A,-,12,21453,A,M,B,C,A,A,H,-,A,A,0,,,,,Y,Y,A,07,0,0,1,0,0,0,0,0,0,"- ","- ",,,ALAMEDA,OAKLAND,-122.28719329833984,37.806625366210938
9438010,2022,2022-05-17,0109,2022-04-17,2230,9922,2,7,5,7,0109,0,0,0,,0,24X,"FOOTHILL BL","38TH AV",5.00,E,N,A,-,N,,,,,,,,,,N,4,0,1,2,A,-,08,22107,,M,B,C,A,A,H,-,C,A,0,,,,,Y,,A,01,0,0,1,0,0,0,0,0,0,"- ","- ",,,ALAMEDA,OAKLAND,-122.21669006347656,37.779010772705078
9438720,2022,2022-05-13,0109,2022-04-26,1129,9039,1,2,5,7,0109,0,0,0,,0,12Y,"MILES AV","RT 24",25.00,W,N,A,-,N,,,,,,,,,,N,4,0,1,1,C,-,18,,,N,H,A,A,A,A,-,A,D,0,,,Y,,Y,,-,"- ",0,0,1,0,0,0,0,0,1,"- ",WF,,,ALAMEDA,OAKLAND,-122.25556945800781,37.842823028564453
9438956,2022,2022-06-14,0109,2022-04-13,0733,8949,2,3,5,7,0109,0,0,0,,0,26X,"HIGH ST","SAN LEANDRO ST",0.00,,Y,B,-,N,,,,,,,,,,Y,3,0,1,2,A,-,03,22350,,N,C,C,A,A,H,-,A,A,0,,,Y,Y,Y,,C,02,0,1,0,0,0,0,0,0,1,"- ","- ",,,ALAMEDA,OAKLAND,-122.21713256835938,37.770622253417969
9438958,2022,2022-06-01,0109,2022-04-15,2008,9172,1,5,5,7,0109,0,0,0,,0,05X,"MARKET ST","20TH ST",0.00,,Y,A,-,N,,,,,,,,,,Y,4,0,1,2,A,-,12,22450,A,M,D,C,A,A,H,-,B,A,0,,,,,Y,,A,01,0,0,1,0,0,0,0,0,0,"- ","- ",,,ALAMEDA,OAKLAND,-122.27938079833984,37.812446594238281
9439109,2022,2022-06-08,0109,2022-04-20,1433,9578,1,3,5,7,0109,0,0,0,,0,02Y,"BAY CIR","BAY ST",100.00,W,N,A,-,N,,,,,,,,,,N,4,0,1,2,A,-,21,22106,,N,G,B,F,A,B,-,A,D,0,Y,,,Y,Y,,F,25,0,0,1,0,1,0,0,0,0,"- ","- ",,,ALAMEDA,OAKLAND,-122.20938110351562,37.751720428466797
9440949,2022,2022-05-09,0109,2022-01-14,1800,9196,2,5,5,7,0109,0,0,0,,0,30X,"INTERNATIONAL BL","78TH AV",0.00,,Y,A,-,N,,,,,,,,,,N,3,0,1,2,A,-,11,21456,B,N,G,B,B,A,-,-,C,A,0,Y,,,,Y,,N,60,0,1,0,0,1,0,0,0,0,"- ","- ",,,ALAMEDA,OAKLAND,-122.18357086181641,37.757518768310547
9441401,2022,2022-05-23,0109,2022-04-10,1858,9286,2,7,5,7,0109,0,0,0,,0,29X,"SEMINARY AV","OAKDALE AV",0.00,,Y,A,-,N,,,,,,,,,,N,3,0,1,2,A,-,17,21657,,M,A,C,A,A,H,-,A,D,0,,,,,Y,,A,01,0,1,0,0,0,0,0,0,0,"- ","- ",,,ALAMEDA,OAKLAND,-122.17829895019531,37.779865264892578
9441402,2022,2022-05-23,0109,2022-04-21,2226,9851,2,4,5,7,0109,0,0,0,,0,29X,"MACARTHUR BL","57TH AV",0.00,,Y,A,-,N,,,,,,,,,,N,4,0,2,2,A,-,08,22107,,N,A,C,A,A,H,-,C,D,0,,,,,Y,,A,01,0,0,2,0,0,0,0,0,0,"- ","- ",,,ALAMEDA,OAKLAND,-122.18711853027344,37.776832580566406
9441461,2022,2022-06-27,0109,2022-03-27,1824,9880,2,7,5,7,0109,0,0,0,,0,23X,"33RD AV","INTERNATIONAL BL",0.00,,Y,A,-,N,,,,,,,,,,Y,2,0,2,6,A,-,08,22107,,F,A,C,A,A,H,-,A,A,0,,,,,Y,,A,01,1,0,1,0,0,0,0,0,0,"- ","- ",,,ALAMEDA,OAKLAND,-122.22453308105469,37.7769775390625
9441761,2022,2022-05-13,0109,2022-04-03,1459,8198,1,7,5,7,0109,0,0,0,,0,11X,"ALCATRAZ AV","SHATTUCK AV",80.00,E,N,A,-,N,,,,,,,,,,N,4,0,1,2,A,-,04,21703,,N,C,C,A,A,H,-,A,A,0,,,,,Y,,A,01,0,0,1,0,0,0,0,0,0,"- ","- ",,,ALAMEDA,OAKLAND,-122.26546478271484,37.849529266357422
9441763,2022,2022-05-13,0109,2022-04-02,1309,9742,1,6,5,7,0109,0,0,0,,0,05X,"ADELINE ST","18TH ST",0.00,,Y,A,-,N,,,,,,,,,,N,3,0,1,2,A,-,08,22107,,N,B,G,A,A,H,-,A,A,0,,Y,,,Y,,L,04,0,1,0,0,0,0,1,0,0,"- ","- ",,,ALAMEDA,OAKLAND,-122.28511047363281,37.812347412109375
9441764,2022,2022-05-13,0109,2022-04-02,1540,9814,2,6,5,7,0109,0,0,0,,0,26Y,"81ST AV","RUDSDALE ST",5.00,N,N,A,-,N,,,,,,,,,,N,4,0,1,1,A,-,08,22107,,N,H,J,A,A,H,-,A,B,0,,,Y,,Y,,C,02,0,0,1,0,0,0,0,0,1,"- ","- ",,,ALAMEDA,OAKLAND,-122.18501281738281,37.753288269042969
9441802,2022,2022-05-10,0109,2022-03-26,0029,9860,1,6,5,7,0109,0,0,0,,0,02X,"5TH ST","CASTRO ST",0.00,,Y,A,-,N,,,,,,,,,,Y,4,0,1,2,A,-,09,21802,A,N,B,C,A,A,H,-,C,D,0,,,,,Y,,A,01,0,0,1,0,0,0,0,0,0,"- ","- ",,,ALAMEDA,OAKLAND,-122.28102111816406,37.800468444824219
9441803,2022,2022-05-10,0109,2022-03-23,1821,8959,1,3,5,7,0109,0,0,0,,0,15X,"MACARTHUR BL","WESLEY AV",5.00,S,N,A,-,N,,,,,,,,,,N,3,0,1,2,A,-,08,22100,A,N,D,C,A,A,H,-,A,D,0,,Y,,,Y,,L,04,0,1,0,0,0,0,1,0,0,"- ","- ",,,ALAMEDA,OAKLAND,-122.24484252929688,37.808834075927734
9441804,2022,2022-05-10,0109,2022-03-25,2245,9905,1,5,5,7,0109,0,0,0,,0,08X,"GRAND AV","TELEGRAPH AV",0.00,,Y,-,-,N,,,,,,,,,,N,4,0,1,4,A,-,12,21453,,M,D,C,A,A,-,-,C,A,0,,,Y,,Y,,A,01,0,0,1,0,0,0,0,0,1,"- ","- ",,,ALAMEDA,OAKLAND,-122.26901245117188,37.811817169189453
9441805,2022,2022-05-11,0109,2022-03-20,1051,9786,1,7,5,7,0109,0,0,0,,0,10X,"ADELINE ST","8TH ST",0.00,,Y,A,-,N,,,,,,,,,,N,3,0,1,2,A,-,09,21801,A,N,D,C,A,A,H,-,A,A,0,,,,,Y,,A,01,0,1,0,0,0,0,0,0,0,"- ","- ",,,ALAMEDA,OAKLAND,-122.28782653808594,37.804851531982422
9441807,2022,2022-05-10,0109,2022-03-19,2220,9851,2,6,5,7,0109,0,0,0,,0,35X,"BANCROFT AV","96TH AV",50.00,W,N,A,-,N,,,,,,,,,,N,3,0,1,2,A,-,03,22350,,M,G,B,D,A,H,-,C,D,0,Y,,,,Y,,A,08,0,1,0,0,1,0,0,0,0,"- ","- ",,,ALAMEDA,OAKLAND,-122.16309356689453,37.749889373779297
9441810,2022,2022-05-10,0109,2022-03-12,2155,9517,2,6,5,7,0109,0,0,0,,0,31X,"HEGENBURGER RD","COLISEUM WY",10.00,S,N,A,-,N,,,,,,,,,,N,4,0,1,2,A,-,08,22107,,N,D,C,A,A,H,-,C,D,0,,,Y,,Y,,C,02,0,0,1,0,0,0,0,0,1,"- ","- ",,,ALAMEDA,OAKLAND,-122.19618988037109,37.744731903076172
9441813,2022,2022-05-11,0109,2022-03-13,1322,9962,2,7,5,7,0109,0,0,0,,0,29X,"60TH AV","CAMDEN ST",0.00,,Y,A,-,N,,,,,,,,,,Y,4,0,1,3,A,-,12,22450,A,N,A,C,A,A,H,-,A,D,0,,,,,Y,,A,01,0,0,1,0,0,0,0,0,0,"- ","- ",,,ALAMEDA,OAKLAND,-122.18470764160156,37.774837493896484
9441837,2022,2022-05-11,0109,2022-03-28,0933,9510,2,1,5,7,0109,0,0,0,,0,20X,"FRUITVALE AV","E15TH ST",0.00,,Y,A,C,N,,,,,,,,,,N,4,0,1,2,A,-,10,21950,A,N,G,B,B,B,H,-,A,A,0,Y,,,,Y,,A,07,0,0,1,0,1,0,0,0,0,"- ","- ",,,ALAMEDA,OAKLAND,-122.22528076171875,37.778732299804688
9441932,2022,2022-05-13,0109,2022-01-13,0819,8611,2,4,5,7,0109,0,0,0,,0,33X,"81ST AV","SAN LEANDRO BL",0.00,,Y,A,-,N,,,,,,,,,,N,4,0,1,2,A,-,17,21968,,N,D,C,A,A,H,-,A,A,0,,,Y,,Y,,C,03,0,0,1,0,0,0,0,0,1,"- ","- ",,,ALAMEDA,OAKLAND,-122.19235992431641,37.749763488769531
9441935,2022,2022-05-12,0109,2022-01-30,1940,8549,1,7,5,7,0109,0,0,0,,0,03X,"7TH ST","FALLON ST",0.00,,Y,A,-,N,,,,,,,,,,N,3,0,1,2,A,-,03,22350,,F,G,B,E,A,H,-,C,A,0,Y,,,,Y,,A,01,0,1,0,0,1,0,0,0,0,"- ","- ",,,ALAMEDA,OAKLAND,-122.26470184326172,37.795780181884766
9441939,2022,2022-05-12,0109,2022-01-16,1911,9839,1,7,5,7,0109,0,0,0,,0,21X,"FRUITVALE AV","HAROLD ST",15.00,N,N,A,-,N,,,,,,,,,,N,4,0,1,2,A,-,12,21453,A,N,B,C,A,A,H,-,C,A,0,,,,,Y,,-,"- ",0,0,1,0,0,0,0,0,0,"- ","- ",,,ALAMEDA,OAKLAND,-122.21711730957031,37.797969818115234
9442404,2022,2022-04-29,0109,2022-01-07,2100,9294,1,5,5,7,0109,0,0,0,,0,05X,"MANDELA PKWY","WEST GRAND",0.00,,Y,A,-,N,,,,,,,,,,N,4,0,1,2,A,-,09,21801,A,N,B,C,A,A,H,-,C,A,0,,,,,Y,,A,01,0,0,1,0,0,0,0,0,0,"- ","- ",,,ALAMEDA,OAKLAND,-122.28962707519531,37.816810607910156
9442407,2022,2022-05-11,0109,2022-03-18,1300,9514,2,5,5,7,0109,0,0,0,,0,29X,"MURDOCK CT","60TH AV",80.00,W,N,A,-,N,,,,,,,,,,N,4,0,1,2,A,-,08,22107,,M,B,E,A,A,H,-,A,D,0,,,,,Y,,A,01,0,0,1,0,0,0,0,0,0,"- ","- ",,,ALAMEDA,OAKLAND,-122.1839599609375,37.775581359863281
9442408,2022,2022-04-29,0109,2022-03-21,0623,9944,1,1,5,7,0109,0,0,0,,0,17X,"BEAUMONT AV","E 32ND ST",270.00,N,N,A,-,N,,,,,,,,,,Y,4,0,1,1,A,-,08,22107,,M,E,I,A,A,H,-,C,D,0,,,,,Y,,A,01,0,0,1,0,0,0,0,0,0,"- ","- ",,,ALAMEDA,OAKLAND,-122.22899627685547,37.800346374511719
9442762,2022,2022-05-18,0109,2022-03-23,0721,9395,2,3,5,7,0109,0,0,0,,0,20X,"FOOTHILL BL","28TH AV",0.00,,Y,B,-,N,,,,,,,,,,N,3,0,2,2,A,-,09,21801,A,N,A,C,A,A,H,-,A,A,0,,,,,Y,,D,22,0,1,1,0,0,0,0,0,0,"- ","- ",,,ALAMEDA,OAKLAND,-122.22550964355469,37.784366607666016
9444186,2022,2022-05-17,0109,2022-02-13,1653,9845,1,7,5,7,0109,0,0,0,,0,06X,"36TH ST","WEST ST",0.00,,Y,A,-,N,,,,,,,,,,N,4,0,1,3,A,-,12,21453,A,N,D,C,A,A,H,-,A,A,0,,,,,Y,,A,01,0,0,1,0,0,0,0,0,0,"- ","- ",,,ALAMEDA,OAKLAND,-122.27214050292969,37.825630187988281
9444193,2022,2022-05-31,0109,2022-02-01,2053,9878,1,2,5,7,0109,0,0,0,,0,08X,"27TH ST","NORTHGATE AV",0.00,,Y,A,-,N,,,,,,,,,,N,4,0,1,2,A,-,12,21453,A,N,D,C,A,A,H,-,B,A,0,,,,,Y,,-,"- ",0,0,1,0,0,0,0,0,0,"- ","- ",,,ALAMEDA,OAKLAND,-122.26984405517578,37.816471099853516
9444194,2022,2022-06-02,0109,2022-02-19,2238,9675,1,6,5,7,0109,0,0,0,,0,14X,"VERNON ST","MACARTHUR BL",100.00,S,N,A,-,N,,,,,,,,,,N,2,0,1,2,A,-,08,22107,,F,G,B,A,A,A,-,C,D,0,,,Y,,Y,,-,99,1,0,0,0,0,0,0,0,1,"- ","- ",,,ALAMEDA,OAKLAND,-122.25302886962891,37.817020416259766
9444195,2022,2022-05-17,0109,2022-02-19,1743,9904,2,6,5,7,0109,0,0,0,,0,34X,"90TH AV","BIRCH ST",5.00,S,N,A,-,N,,,,,,,,,,N,4,0,1,2,A,-,08,22107,,N,B,C,A,A,H,-,C,A,0,,,,,Y,,A,01,0,0,1,0,0,0,0,0,0,"- ","- ",,,ALAMEDA,OAKLAND,-122.16928863525391,37.751941680908203
9444201,2022,2022-05-18,0109,2022-02-03,1206,9946,1,4,5,7,0109,0,0,0,,0,10X,"MARTIN LUTHER KING JR WY","52ND ST",0.00,,Y,A,-,N,,,,,,,,,,N,4,0,1,2,A,-,12,21453,A,M,D,C,A,A,H,-,A,A,0,,,,,Y,,-,99,0,0,1,0,0,0,0,0,0,"- ","- ",,,ALAMEDA,OAKLAND,-122.26869964599609,37.837188720703125
9444399,2022,2022-05-25,0109,2022-03-21,1947,9845,1,1,5,7,0109,0,0,0,,0,06X,"40TH ST","MARTIN LUTHER KING JR WY",0.00,,Y,A,-,N,,,,,,,,,,N,4,0,2,2,A,-,09,21801,A,N,A,C,A,A,H,-,B,A,0,,,,,Y,,A,01,0,0,2,0,0,0,0,0,0,"- ","- ",,,ALAMEDA,OAKLAND,-122.2684326171875,37.82977294921875
9444400,2022,2022-05-25,0109,2022-03-31,1440,9142,2,4,5,7,0109,0,0,0,,0,25X,"38TH AV","REDDING ST",0.00,,Y,A,-,N,,,,,,,,,,N,3,0,1,2,A,-,12,22450,A,N,D,-,A,A,H,-,A,A,0,,,,,Y,,A,01,0,1,0,0,0,0,0,0,0,"- ","- ",,,ALAMEDA,OAKLAND,-122.19879150390625,37.790271759033203
9444701,2022,2022-06-07,0109,2022-02-19,0803,9885,2,6,5,7,0109,0,0,0,,0,32X,"98TH AV","D ST",0.00,,Y,A,-,N,,,,,,,,,,Y,4,0,2,3,A,-,12,21453,A,N,D,C,A,A,H,-,A,A,0,,,,Y,Y,,A,01,0,0,2,0,0,0,0,0,0,"- ","- ",,,ALAMEDA,OAKLAND,-122.17568206787109,37.741931915283203
9444777,2022,2022-05-31,0109,2022-03-12,1923,9855,2,6,5,7,0109,0,0,0,,0,24Y,"MACARTHUR BL","24TH AV",240.00,E,N,A,-,N,,,,,,,,,,N,3,0,1,3,D,-,00,,,N,B,C,A,A,H,-,B,D,0,,,Y,,Y,,-,"- ",0,1,0,0,0,0,0,0,1,"- ","- ",,,ALAMEDA,OAKLAND,-122.20516204833984,37.793704986572266
9444778,2022,2022-05-31,0109,2022-03-12,1534,9838,2,6,5,7,0109,0,0,0,,0,27X,"BOND ST","47TH AV",0.00,,Y,A,-,N,,,,,,,,,,N,4,0,2,2,A,-,12,21453,A,N,D,C,A,A,H,-,A,A,0,,,,,Y,,A,01,0,0,2,0,0,0,0,0,0,"- ","- ",,,ALAMEDA,OAKLAND,-122.20924377441406,37.772514343261719
9444779,2022,2022-05-31,0109,2022-03-10,1737,9929,1,4,5,7,0109,0,0,0,,0,02X,"14TH ST","BRUSH ST",0.00,,Y,A,-,N,,,,,,,,,,N,3,0,1,2,A,-,11,21453,D,N,G,B,B,A,H,-,A,A,0,Y,,,,Y,,N,60,0,1,0,0,1,0,0,0,0,"- ","- ",,,ALAMEDA,OAKLAND,-122.27864837646484,37.807216644287109
9444780,2022,2022-05-31,0109,2022-03-04,1349,9733,1,5,5,7,0109,0,0,0,,0,08X,"27TH ST","WEST ST",300.00,E,N,A,-,N,,,,,,,,,,N,4,0,1,2,A,-,09,21804,A,N,D,G,A,A,H,-,A,A,0,,Y,Y,,Y,,C,06,0,0,1,0,0,0,1,0,0,"- ","- ",,,ALAMEDA,OAKLAND,-122.273193359375,37.817272186279297
9444781,2022,2022-05-31,0109,2022-03-02,1306,9948,1,3,5,7,0109,0,0,0,,0,06X,"24TH ST","MANDELA PKWY",0.00,,Y,A,-,N,,,,,,,,,,N,4,0,1,2,A,-,05,21650,1,N,H,G,A,A,H,-,A,A,0,,Y,,,Y,,L,04,0,0,1,0,0,0,1,0,0,"- ","- ",,,ALAMEDA,OAKLAND,-122.28948211669922,37.818153381347656
9444818,2022,2022-05-26,0109,2022-04-11,1106,9522,2,1,5,7,0109,0,0,0,,0,34X,"98TH AV","SUNNYSIDE ST",0.00,,Y,A,-,N,,,,,,,,,,N,4,0,1,2,A,-,12,22450,A,M,D,C,A,A,H,-,A,A,0,,,,,Y,,A,01,0,0,1,0,0,0,0,0,0,"- ","- ",,,ALAMEDA,OAKLAND,-122.16294097900391,37.747917175292969
9444819,2022,2022-05-26,0109,2022-04-27,1833,8959,1,3,5,7,0109,0,0,0,,0,17X,"5TH AV","E 18TH ST",0.00,,Y,A,-,N,,,,,,,,,,Y,4,0,2,2,A,-,12,21453,A,N,E,C,A,A,H,-,A,A,0,,,,,Y,,A,01,0,0,2,0,0,0,0,0,0,"- ","- ",,,ALAMEDA,OAKLAND,-122.25010681152344,37.798381805419922
9444820,2022,2022-05-26,0109,2022-04-26,1338,8815,1,2,5,7,0109,0,0,0,,0,07X,"ADELINE ST","28TH ST",0.00,,Y,A,-,N,,,,,,,,,,N,4,0,2,2,A,-,03,22350,,N,D,C,A,A,H,-,A,A,0,,,,,Y,,A,01,0,0,2,0,0,0,0,0,0,"- ","- ",,,ALAMEDA,OAKLAND,-122.28224182128906,37.820266723632812
9444821,2022,2022-07-07,0109,2022-04-25,2229,8742,1,1,5,7,0109,0,0,0,,0,04X,"W GRAND AV","TELEGRAPH AV",0.00,,Y,A,-,N,,,,,,,,,,Y,4,0,2,3,A,-,12,21453,A,N,D,C,A,A,H,-,C,A,0,,,,,Y,,-,"- ",0,0,2,0,0,0,0,0,0,"- ","- ",,,ALAMEDA,OAKLAND,-122.26901245117188,37.811817169189453
9444826,2022,2022-05-31,0109,2022-04-29,1738,9339,2,5,5,7,0109,0,0,0,,0,33X,"96TH AV","INTERNATIONAL BL",0.00,,Y,A,-,N,,,,,,,,,,Y,4,0,2,4,A,-,12,21453,A,M,D,C,A,A,H,-,A,A,0,,,,,Y,,A,01,0,0,2,0,0,0,0,0,0,"- ","- ",,,ALAMEDA,OAKLAND,-122.17160797119141,37.745738983154297
9444828,2022,2022-05-31,0109,2022-04-27,1920,8959,1,3,5,7,0109,0,0,0,,0,16Y,"E 18TH ST","E 18TH ST  421",0.00,,Y,A,-,N,,,,,,,,,,N,4,0,1,2,B,-,22,,,M,G,B,F,A,G,-,C,D,0,Y,,,,Y,,A,01,0,0,1,0,1,0,0,0,0,"- ","- ",,,ALAMEDA,OAKLAND,,
9444892,2022,2022-05-26,0109,2022-03-29,1741,9893,2,2,5,7,0109,0,0,0,,0,26Y,"66TH AV","SAN LEANDRO ST",100.00,S,N,A,-,N,,,,,,,,,,N,4,0,2,2,A,-,03,22350,,N,C,C,A,A,H,-,A,A,0,,,,,Y,,A,01,0,0,2,0,0,0,0,0,0,"- ","- ",,,ALAMEDA,OAKLAND,-122.20109558105469,37.756690979003906
9444893,2022,2022-05-26,0109,2022-03-29,1831,9590,1,2,5,7,0109,0,0,0,,0,12X,"COLLEGE AV","BRYANT ST",240.00,W,N,A,-,N,,,,,,,,,,N,4,0,1,3,A,-,11,21956,,N,G,G,C,A,H,-,A,D,0,Y,Y,,,Y,,N,60,0,0,1,0,0,0,1,0,0,"- ","- ",,,ALAMEDA,OAKLAND,-122.25129699707031,37.837978363037109
9444895,2022,2022-05-26,0109,2022-03-22,1512,9940,2,2,5,7,0109,0,0,0,,0,22X,"MACARTHUR BL","COOLIDGE AV",0.00,,Y,A,-,N,,,,,,,,,,Y,4,0,2,2,A,-,09,21801,A,N,A,C,A,A,H,-,A,A,0,,,,,Y,,A,01,0,0,2,0,0,0,0,0,0,"- ","- ",,,ALAMEDA,OAKLAND,-122.20874786376953,37.798507690429688
9444897,2022,2022-05-26,0109,2022-03-18,2127,9929,1,5,5,7,0109,0,0,0,,0,04X,"21ST ST",BROADWAY,0.00,,Y,A,-,N,,,,,,,,,,N,4,0,1,2,A,-,11,21456,B,N,G,B,B,A,H,-,C,A,0,Y,,,,Y,Y,N,60,0,0,1,0,1,0,0,0,0,"- ","- ",,,ALAMEDA,OAKLAND,-122.26760864257812,37.810043334960938
9444898,2022,2022-05-31,0109,2022-03-14,1201,9736,1,1,5,7,0109,0,0,0,,0,02X,"MARITIME ST","7TH ST",5.00,E,N,A,-,N,,,,,,,,,,N,4,0,1,2,A,-,12,21453,A,N,D,C,A,A,H,-,A,A,0,,,,,Y,,-,"- ",0,0,1,0,0,0,0,0,0,"- ","- ",,,ALAMEDA,OAKLAND,-122.31208801269531,37.808677673339844