CASE_ID,ACCIDENT_YEAR,PROC_DATE,JURIS,COLLISION_DATE,COLLISION_TIME,OFFICER_ID,REPORTING_DISTRICT,DAY_OF_WEEK,CHP_SHIFT,POPULATION,CNTY_CITY_LOC,SPECIAL_COND,BEAT_TYPE,CHP_BEAT_TYPE,CITY_DIVISION_LAPD,CHP_BEAT_CLASS,BEAT_NUMBER,PRIMARY_RD,SECONDARY_RD,DISTANCE,DIRECTION,INTERSECTION,WEATHER_1,WEATHER_2,STATE_HWY_IND,CALTRANS_COUNTY,CALTRANS_DISTRICT,STATE_ROUTE,ROUTE_SUFFIX,POSTMILE_PREFIX,POSTMILE,LOCATION_TYPE,RAMP_INTERSECTION,SIDE_OF_HWY,TOW_AWAY,COLLISION_SEVERITY,NUMBER_KILLED,NUMBER_INJURED,PARTY_COUNT,PRIMARY_COLL_FACTOR,PCF_CODE_OF_VIOL,PCF_VIOL_CATEGORY,PCF_VIOLATION,PCF_VIOL_SUBSECTION,HIT_AND_RUN,TYPE_OF_COLLISION,MVIW,PED_ACTION,ROAD_SURFACE,ROAD_COND_1,ROAD_COND_2,LIGHTING,CONTROL_DEVICE,CHP_ROAD_TYPE,PEDESTRIAN_ACCIDENT,BICYCLE_ACCIDENT,MOTORCYCLE_ACCIDENT,TRUCK_ACCIDENT,NOT_PRIVATE_PROPERTY,ALCOHOL_INVOLVED,STWD_VEHTYPE_AT_FAULT,CHP_VEHTYPE_AT_FAULT,COUNT_SEVERE_INJ,COUNT_VISIBLE_INJ,COUNT_COMPLAINT_PAIN,COUNT_PED_KILLED,COUNT_PED_INJURED,COUNT_BICYCLIST_KILLED,COUNT_BICYCLIST_INJURED,COUNT_MC_KILLED,COUNT_MC_INJURED,PRIMARY_RAMP,SECONDARY_RAMP,LATITUDE,LONGITUDE,COUNTY,CITY,POINT_X,POINT_Y
9445905,2022,2022-05-25,0109,2022-04-12,0903,9954,1,2,5,7,0109,0,0,0,,0,19X,"14TH AV","FOOTHILL BL",0.00,,Y,A,-,N,,,,,,,,,,Y,4,0,1,2,A,-,12,21453,A,F,D,C,A,A,H,-,A,A,0,,,,,Y,,A,01,0,0,1,0,0,0,0,0,0,"- ","- ",,,ALAMEDA,OAKLAND,-122.24411773681641,37.790946960449219
9445977,2022,2022-06-07,0109,2022-05-05,1640,9126,1,4,5,7,0109,0,0,0,,0,06X,"MARKET ST","31ST ST",20.00,N,N,B,-,N,,,,,,,,,,N,3,0,2,2,A,-,04,21703,,N,C,C,A,A,H,-,A,D,0,,,,,Y,,A,01,0,2,0,0,0,0,0,0,0,"- ","- ",,,ALAMEDA,OAKLAND,-122.27620697021484,37.821502685546875
9445978,2022,2022-06-07,0109,2022-05-05,1123,9501,1,4,5,7,0109,0,0,0,,0,19X,"INTERNATIONAL BL","16TH AV",0.00,,Y,B,-,N,,,,,,,,,,Y,4,0,1,2,A,-,12,21453,A,M,A,C,A,A,H,-,A,A,0,,,,,Y,,A,01,0,0,1,0,0,0,0,0,0,"- ","- ",,,ALAMEDA,OAKLAND,-122.24417114257812,37.788337707519531
9446218,2022,2022-05-27,0109,2022-02-04,0828,9339,2,5,5,7,0109,0,0,0,,0,35X,"MOUNTAIN BL","SHONE AV",0.00,,Y,A,-,N,,,,,,,,,,N,4,0,2,2,A,-,09,21802,A,N,D,C,A,A,H,-,A,D,0,,,,,Y,,A,08,0,0,2,0,0,0,0,0,0,"- ","- ",,,ALAMEDA,OAKLAND,-122.15471649169922,37.770912170410156
9446219,2022,2022-05-27,0109,2022-02-04,1412,9732,1,5,5,7,0109,0,0,0,,0,06X,"35TH ST","MARKET ST",0.00,,Y,A,-,N,,,,,,,,,,Y,4,0,1,2,A,-,12,21453,A,N,D,C,A,A,H,-,A,A,0,,,,,Y,,A,01,0,0,1,0,0,0,0,0,0,"- ","- ",,,ALAMEDA,OAKLAND,-122.27519989013672,37.825550079345703
9446223,2022,2022-06-01,0109,2022-02-01,0847,9969,1,2,5,7,0109,0,0,0,,0,19X,"MACARTHUR BL","BEAUMONT ST",0.00,,Y,A,-,N,,,,,,,,,,N,4,0,1,2,A,-,09,21801,A,N,D,C,A,A,H,-,A,A,0,,,,,Y,,-,,0,0,1,0,0,0,0,0,0,"- ","- ",,,ALAMEDA,OAKLAND,-122.22895050048828,37.800529479980469
9446224,2022,2022-06-01,0109,2022-02-06,1227,9339,2,7,5,7,0109,0,0,0,,0,31Z,"SAN LEANDRO ST","STONE ST",0.00,,Y,A,-,N,,,,,,,,,,N,4,0,2,2,A,-,08,22107,,N,D,C,A,A,H,-,A,D,0,,,,,Y,,A,01,0,0,2,0,0,0,0,0,0,"- ","- ",,,ALAMEDA,OAKLAND,-122.17726898193359,37.737190246582031
9446229,2022,2022-06-01,0109,2022-01-20,1310,8681,2,4,5,7,0109,0,0,0,,0,35X,"BANCROFT AV","82ND AV",115.00,E,N,A,-,N,,,,,,,,,,N,3,0,2,2,A,-,03,22350,,N,C,C,A,A,H,-,A,A,0,,,,,Y,Y,A,01,0,1,1,0,0,0,0,0,0,"- ","- ",,,ALAMEDA,OAKLAND,-122.17039489746094,37.759716033935547
9446233,2022,2022-06-01,0109,2022-01-01,0032,9851,2,6,5,7,0109,0,0,0,,0,23X,"FOOTHILL BL","42ND AV",15.00,N,N,A,-,N,,,,,,,,,,N,4,0,1,2,A,-,12,21453,A,N,A,C,A,A,H,-,C,A,0,,,,,Y,,-,"- ",0,0,1,0,0,0,0,0,0,"- ","- ",,,ALAMEDA,OAKLAND,-122.2132568359375,37.775951385498047
9446234,2022,2022-06-01,0109,2022-01-10,1725,9854,1,1,5,7,0109,0,0,0,,0,21X,"E 17TH ST","24TH AV",0.00,,Y,A,-,N,,,,,,,,,,N,4,0,1,3,A,-,01,23152,A,M,A,C,A,A,H,-,C,A,0,,,,,Y,Y,A,01,0,0,1,0,0,0,0,0,0,"- ","- ",,,ALAMEDA,OAKLAND,-122.23198699951172,37.784961700439453
9447841,2022,2022-10-04,0109,2022-08-23,1725,8959,1,2,5,7,0109,0,0,0,,0,17X,"PARK BL","E 28TH ST",0.00,,Y,A,-,N,,,,,,,,,,Y,4,0,2,2,A,-,03,22350,,N,C,C,A,A,H,-,A,D,0,,,,,Y,,A,01,0,0,2,0,0,0,0,0,0,"- ","- ",,,ALAMEDA,OAKLAND,-122.23723602294922,37.803096771240234
9447843,2022,2022-09-16,0109,2022-08-13,2243,9881,1,6,5,7,0109,0,0,0,,0,10X,"54TH ST","MARTIN LUTHER KING JR WY",0.00,,Y,A,-,N,,,,,,,,,,N,4,0,1,2,A,-,10,21950,A,F,G,B,B,A,H,-,C,D,0,Y,,,,Y,,A,01,0,0,1,0,1,0,0,0,0,"- ","- ",,,ALAMEDA,OAKLAND,-122.26959228515625,37.838878631591797
9447846,2022,2022-09-16,0109,2022-08-12,1627,9912,1,5,5,7,0109,0,0,0,,0,02Y,"7TH ST","WOOD ST",0.00,,Y,A,-,N,,,,,,,,,,N,4,0,1,3,A,-,03,22350,,M,C,C,A,A,H,-,A,A,0,,,,,Y,,-,99,0,0,1,0,0,0,0,0,0,"- ","- ",,,ALAMEDA,OAKLAND,-122.3023681640625,37.807018280029297
9447848,2022,2022-09-16,0109,2022-08-24,0333,10005,2,3,5,7,0109,0,0,0,,0,31Y,"EDES AV","MADDUX DR",0.00,,Y,A,-,N,,,,,,,,,,N,4,0,2,2,A,-,12,22450,A,M,D,C,A,A,H,-,C,A,0,,,,,Y,,A,08,0,0,2,0,0,0,0,0,0,"- ","- ",,,ALAMEDA,OAKLAND,-122.18592834472656,37.737163543701172
9447862,2022,2022-09-16,0109,2022-08-03,1930,8347,1,3,5,7,0109,0,0,0,,0,13Z,"MOUNTAIN BL","SNAKE RD",0.00,,Y,A,-,N,,,,,,,,,,N,4,0,2,2,A,-,09,21801,A,N,D,C,A,A,H,-,A,A,0,,,,,Y,,A,07,0,0,2,0,0,0,0,0,0,"- ","- ",,,ALAMEDA,OAKLAND,-122.20906829833984,37.824409484863281
9447863,2022,2022-09-15,0109,2022-08-20,1341,9914,2,6,5,7,0109,0,0,0,,0,32X,"106TH AV","MACARTHUR BL",0.00,,Y,A,-,N,,,,,,,,,,Y,4,0,1,3,A,-,08,22107,,N,A,C,A,A,H,-,A,A,0,,,,,Y,,A,07,0,0,1,0,0,0,0,0,0,"- ","- ",,,ALAMEDA,OAKLAND,-122.15248870849609,37.742965698242188
9447864,2022,2022-09-15,0109,2022-08-16,1020,8347,1,2,5,7,0109,0,0,0,,0,03X,"14TH ST","JEFFERSON ST",0.00,,Y,A,-,N,,,,,,,,,,N,4,0,1,3,A,-,12,21453,A,N,D,C,A,A,H,-,A,A,0,,,,,Y,,A,08,0,0,1,0,0,0,0,0,0,"- ","- ",,,ALAMEDA,OAKLAND,-122.27479553222656,37.805740356445312
9447865,2022,2022-09-15,0109,2022-08-18,1620,9515,2,4,5,7,0109,0,0,0,,0,25X,"SKYLINE BL","PARKRIDGE DR",600.00,E,N,A,-,N,,,,,,,,,,Y,4,0,1,1,A,-,08,22107,,N,F,I,A,A,H,-,A,D,0,,,,,Y,,A,01,0,0,1,0,0,0,0,0,0,"- ","- ",,,ALAMEDA,OAKLAND,-122.149658203125,37.787410736083984
9447867,2022,2022-09-15,0109,2022-08-16,1720,9814,2,2,5,7,0109,0,0,0,,0,30X,"BANCROFT AV","67TH AV",20.00,E,N,A,-,N,,,,,,,,,,N,3,0,1,2,A,-,08,22107,,N,H,G,A,A,H,-,A,D,0,,Y,,,Y,,A,07,0,1,0,0,0,0,1,0,0,"- ","- ",,,ALAMEDA,OAKLAND,-122.18065643310547,37.769096374511719
9447868,2022,2022-10-12,0109,2022-08-18,1641,9242,1,4,5,7,0109,0,0,0,,0,19X,"9TH AV","E 10TH ST",0.00,,Y,A,-,N,,,,,,,,,,N,4,0,1,2,A,-,09,21802,A,N,D,C,A,A,H,-,A,A,0,,,,,Y,,A,07,0,0,1,0,0,0,0,0,0,"- ","- ",,,ALAMEDA,OAKLAND,-122.25337219238281,37.790874481201172
9447872,2022,2022-09-15,0109,2022-08-19,2109,9984,1,5,5,7,0109,0,0,0,,0,14X,"BEAUMONT AV","MACARTHUR BL",0.00,,Y,A,-,N,,,,,,,,,,N,4,0,1,2,A,-,12,21453,A,N,D,C,A,A,H,-,C,A,0,,,,,Y,,A,01,0,0,1,0,0,0,0,0,0,"- ","- ",,,ALAMEDA,OAKLAND,-122.22895050048828,37.800529479980469
9447873,2022,2022-09-15,0109,2022-08-08,0041,9811,2,1,5,7,0109,0,0,0,,0,33X,"95TH AV","B ST",5.00,N,N,A,-,N,,,,,,,,,,N,4,0,1,2,A,-,21,22106,,N,B,B,C,A,H,-,C,D,0,Y,,,,Y,,A,01,0,0,1,0,1,0,0,0,0,"- ","- ",,,ALAMEDA,OAKLAND,-122.17545318603516,37.744876861572266
9447874,2022,2022-09-15,0109,2022-08-11,0820,9501,1,4,5,7,0109,0,0,0,,0,18X,"E 21ST ST","21ST ST",0.00,,Y,A,-,N,,,,,,,,,,N,4,0,4,3,A,-,12,22450,A,N,A,C,A,A,H,-,A,A,0,,,,,Y,,A,07,0,0,4,0,0,0,0,0,0,"- ","- ",,,ALAMEDA,OAKLAND,-122.23412322998047,37.790206909179688
9447875,2022,2022-09-15,0109,2022-08-06,0955,9963,2,6,5,7,0109,0,0,0,,0,31X,"HEGENBERGER RD","EDGEWATER DR",300.00,N,N,A,-,N,,,,,,,,,,N,4,0,1,1,A,-,03,22350,,N,A,I,A,A,H,-,A,D,0,,,,,Y,,A,01,0,0,1,0,0,0,0,0,0,"- ","- ",,,ALAMEDA,OAKLAND,-122.19686889648438,37.737770080566406
9447877,2022,2022-09-15,0109,2022-08-06,1554,9814,2,6,5,7,0109,0,0,0,,0,28X,"MACARTHUR BL","55TH AV",30.00,W,N,A,-,N,,,,,,,,,,N,4,0,1,2,A,-,08,22107,,N,A,C,A,A,H,-,A,A,0,,,,,Y,,A,07,0,0,1,0,0,0,0,0,0,"- ","- ",,,ALAMEDA,OAKLAND,-122.18801116943359,37.777900695800781
9447880,2022,2022-09-15,0109,2022-08-05,1020,9501,1,5,5,7,0109,0,0,0,,0,02X,"PERALTA ST","14TH ST",25.00,S,N,A,-,N,,,,,,,,,,N,3,0,1,2,A,-,08,22107,,N,B,C,A,A,H,-,A,D,0,,,Y,,Y,,A,01,0,1,0,0,0,0,0,0,1,"- ","- ",,,ALAMEDA,OAKLAND,-122.29398345947266,37.811302185058594
9447915,2022,2022-09-14,0109,2022-07-21,2023,8867,2,4,5,7,0109,0,0,0,,0,23X,"35TH AV","INTERNATIONAL BL",30.00,N,N,A,-,N,,,,,,,,,,N,4,0,3,2,A,-,03,22350,,M,B,C,A,A,H,-,B,A,0,,,,,Y,,A,01,0,0,3,0,0,0,0,0,0,"- ","- ",,,ALAMEDA,OAKLAND,-122.22267150878906,37.776210784912109
9447916,2022,2022-09-14,0109,2022-07-20,1132,8824,2,3,5,7,0109,0,0,0,,0,32X,"98TH AV","LAWLOR ST",0.00,,Y,A,-,N,,,,,,,,,,Y,4,0,1,2,A,-,09,21801,A,N,D,C,A,A,H,-,A,A,0,,,,,Y,,A,01,0,0,1,0,0,0,0,0,0,"- ","- ",,,ALAMEDA,OAKLAND,-122.15689086914062,37.750804901123047
9449019,2022,2022-06-15,0109,2022-01-29,1841,9897,1,6,5,7,0109,0,0,0,,0,21X,"FRUITVALE AV","HYDE ST",0.00,,Y,A,-,N,,,,,,,,,,N,4,0,1,2,A,-,03,22350,,F,G,C,A,A,H,-,C,D,0,,,,,Y,,A,07,0,0,1,0,0,0,0,0,0,"- ","- ",,,ALAMEDA,OAKLAND,-122.22087860107422,37.788425445556641
9449780,2022,2022-05-31,0109,2022-03-30,0956,9492,2,3,5,7,0109,0,0,0,,0,30X,"INTERNATIONAL BL","79TH AV",70.00,E,N,B,-,N,,,,,,,,,,N,2,0,1,2,A,-,00,21655,1,F,A,B,D,A,H,-,A,D,0,Y,,,,Y,,A,01,1,0,0,0,1,0,0,0,0,"- ","- ",,,ALAMEDA,OAKLAND,-122.18254852294922,37.757026672363281
9449835,2022,2022-06-03,0109,2022-02-05,1100,9921,1,6,5,7,0109,0,0,0,,0,19X,"E 15TH ST","22ND AV",10.00,E,N,A,-,N,,,,,,,,,,N,4,0,1,2,A,-,08,22107,,N,A,E,A,A,H,-,A,D,0,,,,,Y,,A,01,0,0,1,0,0,0,0,0,0,"- ","- ",,,ALAMEDA,OAKLAND,-122.23707580566406,37.785385131835938
9449838,2022,2022-06-03,0109,2022-02-22,1308,8824,2,2,5,7,0109,0,0,0,,0,01X,"35TH AV","HARPER ST",0.00,,Y,A,-,N,,,,,,,,,,N,4,0,2,2,A,-,09,21801,A,N,A,C,A,A,H,-,A,D,0,,,,,Y,,A,01,0,0,2,0,0,0,0,0,0,"- ","- ",,,ALAMEDA,OAKLAND,-122.21749114990234,37.783718109130859
9449886,2022,2022-06-03,0109,2022-04-24,1338,9933,2,7,5,7,0109,0,0,0,,0,27Y,"INTERNATIONAL BL","65TH AV",0.00,,Y,A,-,N,,,,,,,,,,N,3,0,3,2,A,-,00,21655,1,N,D,C,A,A,H,-,A,D,0,,,,,Y,,A,01,0,1,2,0,0,0,0,0,0,"- ","- ",,,ALAMEDA,OAKLAND,-122.19458770751953,37.76275634765625
9449888,2022,2022-06-03,0109,2022-03-05,0820,9514,2,6,5,7,0109,0,0,0,,0,26X,"60TH AV","TEVIS ST",240.00,S,N,A,-,N,,,,,,,,,,N,3,0,1,2,A,-,21,22106,,N,G,B,E,A,H,-,A,D,0,Y,,,,Y,,A,01,0,1,0,0,1,0,0,0,0,"- ","- ",,,ALAMEDA,OAKLAND,-122.20276641845703,37.761890411376953
9449889,2022,2022-06-03,0109,2022-03-04,0808,9514,2,5,5,7,0109,0,0,0,,0,29X,"EDWARDS AV","GREENLY DR",210.00,S,N,B,-,N,,,,,,,,,,N,4,0,1,2,A,-,08,22107,,N,E,I,A,B,H,-,A,D,0,,,,,Y,,A,01,0,0,1,0,0,0,0,0,0,"- ","- ",,,ALAMEDA,OAKLAND,-122.16741943359375,37.774215698242188
9449891,2022,2022-06-03,0109,2022-03-10,1100,9501,1,4,5,7,0109,0,0,0,,0,10X,"55TH ST","GENOA ST",0.00,,Y,A,-,N,,,,,,,,,,N,4,0,1,2,A,-,02,22400,A,N,C,C,A,A,H,-,A,A,0,,,,,Y,,A,01,0,0,1,0,0,0,0,0,0,"- ","- ",,,ALAMEDA,OAKLAND,-122.27169799804688,37.83953857421875
9449900,2022,2022-06-03,0109,2022-03-27,1948,9807,1,7,5,7,0109,0,0,0,,0,01X,"CENTER ST","7TH ST",20.00,N,N,C,-,N,,,,,,,,,,N,3,0,1,2,A,-,12,21453,A,F,G,B,B,B,H,-,C,A,0,Y,,,,Y,Y,A,01,0,1,0,0,1,0,0,0,0,"- ","- ",,,ALAMEDA,OAKLAND,-122.29487609863281,37.805362701416016
9449901,2022,2022-06-07,0109,2022-04-17,1003,9401,1,7,5,7,0109,0,0,0,,0,08X,"SYCAMORE ST",NORTHGATE,0.00,,Y,A,-,N,,,,,,,,,,N,4,0,1,2,A,-,12,22450,,N,D,C,A,A,H,-,A,A,0,,,,,Y,,A,01,0,0,1,0,0,0,0,0,0,"- ","- ",,,ALAMEDA,OAKLAND,-122.27024078369141,37.815418243408203
9450131,2022,2022-06-14,0109,2022-03-23,0808,9381,2,3,5,7,0109,0,0,0,,0,31X,"EDES AV","HEGENBERGER RD",50.00,E,N,B,-,N,,,,,,,,,,N,4,0,1,2,B,-,22,,,N,D,C,A,A,H,-,A,A,0,,,,,Y,,J,48,0,0,1,0,0,0,0,0,0,"- ","- ",,,ALAMEDA,OAKLAND,-122.19579315185547,37.744705200195312
9450257,2022,2022-07-06,0109,2022-02-26,1258,9940,1,6,5,7,0109,0,0,0,,0,14X,"GRAND AV","PERKINS ST",10.00,E,N,A,-,N,,,,,,,,,,Y,3,0,5,1,B,-,22,,,N,H,I,A,A,H,-,A,A,0,,,,,Y,,J,43,0,3,2,0,0,0,0,0,0,"- ","- ",,,ALAMEDA,OAKLAND,-122.25608825683594,37.808944702148438
9450418,2022,2022-06-03,0109,2022-04-28,1047,9370,1,4,5,7,0109,0,0,0,,0,19X,"9TH AV","E 12TH ST",0.00,,Y,A,-,N,,,,,,,,,,N,4,0,1,2,A,-,10,21950,A,N,A,B,B,A,H,-,A,D,0,Y,,,,Y,,A,01,0,0,1,0,1,0,0,0,0,"- ","- ",,,ALAMEDA,OAKLAND,-122.25148773193359,37.792133331298828
9450644,2022,2022-06-06,0109,2022-01-29,1041,9738,1,6,5,7,0109,0,0,0,,0,07X,"SAN PABLO AV","34TH ST",15.00,W,N,A,-,N,,,,,,,,,,N,4,0,1,2,A,-,09,21802,A,N,D,C,A,A,H,-,A,D,0,,,,,Y,,A,01,0,0,1,0,0,0,0,0,0,"- ","- ",,,ALAMEDA,OAKLAND,-122.27805328369141,37.825191497802734
9450646,2022,2022-06-06,0109,2022-01-27,1618,9966,2,4,5,7,0109,0,0,0,,0,33X,"98TH AV","C ST",15.00,S,N,A,-,N,,,,,,,,,,N,4,0,1,3,A,-,03,22350,,N,C,C,A,A,H,-,A,A,0,,,,,Y,,A,01,0,0,1,0,0,0,0,0,0,"- ","- ",,,ALAMEDA,OAKLAND,-122.17483520507812,37.742332458496094
9450647,2022,2022-06-06,0109,2022-01-27,0655,9968,1,4,5,7,0109,0,0,0,,0,13Z,"SERVICE RD","GRAND AV",350.00,S,N,A,-,N,,,,,,,,,,N,3,0,1,2,A,-,03,22350,,N,D,G,A,A,H,-,D,D,0,,Y,,,Y,,L,04,0,1,0,0,0,0,1,0,0,"- ","- ",,,ALAMEDA,OAKLAND,,
9450648,2022,2022-06-06,0109,2022-01-18,1654,9533,1,2,5,7,0109,0,0,0,,0,03X,"14TH ST","WEBSTER ST",0.00,,Y,A,-,N,,,,,,,,,,N,4,0,1,3,A,-,12,21453,A,N,D,C,F,A,H,-,A,A,0,Y,,,,Y,,A,01,0,0,1,0,1,0,0,0,0,"- ","- ",,,ALAMEDA,OAKLAND,-122.268798828125,37.803367614746094
9450650,2022,2022-06-06,0109,2022-01-30,1847,9812,1,7,5,7,0109,0,0,0,,0,03X,"7TH ST","WEBSTER ST",0.00,,Y,A,-,N,,,,,,,,,,N,4,0,1,2,A,-,12,21453,A,N,D,C,A,A,H,-,C,A,0,,,,,Y,,A,01,0,0,1,0,0,0,0,0,0,"- ","- ",,,ALAMEDA,OAKLAND,-122.27178955078125,37.798561096191406
9450652,2022,2022-06-06,0109,2022-01-27,0806,9786,1,4,5,7,0109,0,0,0,,0,11X,"SHATTUCK AV","51ST ST",40.00,N,N,A,-,N,,,,,,,,,,N,3,0,1,2,A,-,03,22350,,N,C,G,A,A,H,-,A,D,0,,Y,,,Y,,A,01,0,1,0,0,0,0,1,0,0,"- ","- ",,,ALAMEDA,OAKLAND,-122.26417541503906,37.837867736816406
9450656,2022,2022-08-11,0109,2022-01-31,0903,9709,1,1,5,7,0109,0,0,0,,0,16X,"LAKESHORE AV","MANDANA BL",0.00,,Y,A,-,N,,,,,,,,,,N,3,0,1,2,A,-,10,21950,A,N,B,B,B,A,H,-,A,A,0,Y,,,,Y,,A,07,0,1,0,0,1,0,0,0,0,"- ","- ",,,ALAMEDA,OAKLAND,-122.24254608154297,37.811717987060547
9450674,2022,2022-06-07,0109,2022-03-30,1835,9350,2,3,5,7,0109,0,0,0,,0,31X,"ST ELMO ST","STONEFORD AV",0.00,,Y,A,-,N,,,,,,,,,,N,4,0,1,2,A,-,03,22350,,N,D,-,A,A,H,-,A,D,0,,,,,Y,,M,96,0,0,1,0,0,0,0,0,0,"- ","- ",,,ALAMEDA,OAKLAND,-122.18276977539062,37.731716156005859
9450675,2022,2022-06-07,0109,2022-03-28,0849,9914,2,1,5,7,0109,0,0,0,,0,31X,"105TH AV","EDES AV",0.00,,Y,B,-,N,,,,,,,,,,N,4,0,1,2,A,-,10,21950,A,N,G,B,D,B,H,-,A,A,0,Y,,,,Y,,A,01,0,0,1,0,1,0,0,0,0,"- ","- ",,,ALAMEDA,OAKLAND,-122.17831420898438,37.733299255371094
9450676,2022,2022-06-07,0109,2022-03-25,1104,9949,1,5,5,7,0109,0,0,0,,0,03X,"14TH ST","CLAY ST",50.00,E,N,A,-,N,,,,,,,,,,Y,4,0,1,2,A,-,08,22102,,N,D,C,A,A,H,-,A,D,0,,,,,Y,,A,01,0,0,1,0,0,0,0,0,0,"- ","- ",,,ALAMEDA,OAKLAND,-122.27345275878906,37.805221557617188
9450678,2022,2022-06-07,0109,2022-03-28,0024,9944,1,1,5,7,0109,0,0,0,,0,12X,"TELEGRAPH AV","AILEEN ST",112.00,N,N,C,-,N,,,,,,,,,,N,4,0,1,2,A,-,08,22107,,F,C,E,A,B,H,-,C,D,0,,,,,Y,,A,01,0,0,1,0,0,0,0,0,0,"- ","- ",,,ALAMEDA,OAKLAND,-122.26164245605469,37.842086791992188
9450984,2022,2022-06-21,0109,2022-05-22,1335,9885,2,7,5,7,0109,0,0,0,,0,21Y,"FRUITVALE AV","LYNDE ST",0.00,,Y,A,-,N,,,,,,,,,,N,4,0,1,2,A,-,09,21802,A,N,D,C,A,A,H,-,A,D,0,,,,,Y,,D,23,0,0,1,0,0,0,0,0,0,"- ","- ",,,ALAMEDA,OAKLAND,-122.21980285644531,37.791152954101562
9450996,2022,2022-06-21,0109,2022-05-12,1301,8914,1,4,5,7,0109,0,0,0,,0,13Z,"SCOUT RD","ASCOT DR",70.00,W,N,A,-,N,,,,,,,,,,Y,4,0,1,2,A,-,21,22106,,M,B,C,A,A,H,-,A,A,0,,,,,Y,,D,22,0,0,1,0,0,0,0,0,0,"- ","- ",,,ALAMEDA,OAKLAND,-122.20023345947266,37.820083618164062
9451000,2022,2022-06-21,0109,2022-05-16,1830,9892,1,1,5,7,0109,0,0,0,,0,19X,"E 12TH ST","12TH AV",30.00,W,N,A,-,N,,,,,,,,,,N,3,0,1,3,A,-,12,22450,,M,D,E,A,A,H,-,A,A,0,,,,Y,Y,,A,01,0,1,0,0,0,0,0,0,0,"- ","- ",,,ALAMEDA,OAKLAND,-122.24905395507812,37.790000915527344
9451008,2022,2022-06-21,0109,2022-05-19,0737,8557,1,4,5,7,0109,0,0,0,,0,04X,"TELEGRAPH AV","16TH ST",120.00,S,N,A,-,N,,,,,,,,,,N,3,0,1,2,A,-,03,22350,,N,A,E,A,A,H,-,A,D,0,,,,,Y,,A,01,0,1,0,0,0,0,0,0,0,"- ","- ",,,ALAMEDA,OAKLAND,-122.2705078125,37.805763244628906
9451032,2022,2022-07-06,0109,2022-01-31,0630,9070,1,1,5,7,0109,0,0,0,,0,08X,"HARRISON ST","PEARL ST",0.00,,Y,A,-,N,,,,,,,,,,N,4,0,1,2,A,-,08,22100,B,N,B,C,A,A,H,-,B,A,0,,,,,Y,,D,22,0,0,1,0,0,0,0,0,0,"- ","- ",,,ALAMEDA,OAKLAND,-122.25579833984375,37.818214416503906
9451049,2022,2022-07-05,0109,2022-03-10,2330,8425,1,4,5,7,0109,0,0,0,,0,03X,BROADWAY,"6TH ST",30.00,N,N,A,-,N,,,,,,,,,,N,4,0,1,2,A,-,03,22350,,N,C,C,A,A,H,-,C,A,0,,,,,Y,,A,01,0,0,1,0,0,0,0,0,0,"- ","- ",,,ALAMEDA,OAKLAND,-122.27457427978516,37.798866271972656
9451061,2022,2022-07-05,0109,2022-03-02,1612,9929,2,3,5,7,0109,0,0,0,,0,23X,"INTERNATIONAL BL","38TH AV",40.00,W,N,A,-,N,,,,,,,,,,N,4,0,1,4,A,-,03,22350,,M,C,C,A,A,H,-,A,D,0,,,,,Y,,A,01,0,0,1,0,0,0,0,0,0,"- ","- ",,,ALAMEDA,OAKLAND,-122.22004699707031,37.774860382080078
9451071,2022,2022-06-27,0109,2022-02-17,0830,8681,2,4,5,7,0109,0,0,0,,0,35X,"BANCROFT AV","96TH AV",0.00,,Y,A,-,N,,,,,,,,,,N,4,0,1,2,A,-,09,21802,A,N,D,C,A,A,H,-,A,A,0,,,,,Y,,D,22,0,0,1,0,0,0,0,0,0,"- ","- ",,,ALAMEDA,OAKLAND,-122.16300964355469,37.749771118164062
9451077,2022,2022-06-27,0109,2022-02-13,2052,9917,2,7,5,7,0109,0,0,0,,0,20X,"FRUITVALE AV","E 9TH ST",150.00,N,N,A,-,N,,,,,,,,,,N,4,0,2,2,A,-,03,22350,,M,C,C,A,A,H,-,C,D,0,,,,,Y,,A,01,0,0,2,0,0,0,0,0,0,"- ","- ",,,ALAMEDA,OAKLAND,-122.22766876220703,37.773876190185547
9451099,2022,2022-06-27,0109,2022-02-17,1830,9929,1,4,5,7,0109,0,0,0,,0,04X,"17TH ST","BRUSH ST",0.00,,Y,A,-,N,,,,,,,,,,N,4,0,1,2,A,-,12,21453,A,M,D,C,A,A,H,-,B,A,0,,,,,Y,,A,07,0,0,1,0,0,0,0,0,0,"- ","- ",,,ALAMEDA,OAKLAND,-122.27710723876953,37.809169769287109
9451162,2022,2022-06-15,0109,2022-01-27,1644,8959,1,4,5,7,0109,0,0,0,,0,17X,"E 18TH ST","8TH AV",0.00,,Y,A,-,N,,,,,,,,,,N,4,0,1,2,A,-,10,21950,A,N,G,B,B,A,H,-,A,A,0,Y,,,,Y,,A,01,0,0,1,0,1,0,0,0,0,"- ","- ",,,ALAMEDA,OAKLAND,-122.24764251708984,37.796165466308594