CASE_ID,ACCIDENT_YEAR,PROC_DATE,JURIS,COLLISION_DATE,COLLISION_TIME,OFFICER_ID,REPORTING_DISTRICT,DAY_OF_WEEK,CHP_SHIFT,POPULATION,CNTY_CITY_LOC,SPECIAL_COND,BEAT_TYPE,CHP_BEAT_TYPE,CITY_DIVISION_LAPD,CHP_BEAT_CLASS,BEAT_NUMBER,PRIMARY_RD,SECONDARY_RD,DISTANCE,DIRECTION,INTERSECTION,WEATHER_1,WEATHER_2,STATE_HWY_IND,CALTRANS_COUNTY,CALTRANS_DISTRICT,STATE_ROUTE,ROUTE_SUFFIX,POSTMILE_PREFIX,POSTMILE,LOCATION_TYPE,RAMP_INTERSECTION,SIDE_OF_HWY,TOW_AWAY,COLLISION_SEVERITY,NUMBER_KILLED,NUMBER_INJURED,PARTY_COUNT,PRIMARY_COLL_FACTOR,PCF_CODE_OF_VIOL,PCF_VIOL_CATEGORY,PCF_VIOLATION,PCF_VIOL_SUBSECTION,HIT_AND_RUN,TYPE_OF_COLLISION,MVIW,PED_ACTION,ROAD_SURFACE,ROAD_COND_1,ROAD_COND_2,LIGHTING,CONTROL_DEVICE,CHP_ROAD_TYPE,PEDESTRIAN_ACCIDENT,BICYCLE_ACCIDENT,MOTORCYCLE_ACCIDENT,TRUCK_ACCIDENT,NOT_PRIVATE_PROPERTY,ALCOHOL_INVOLVED,STWD_VEHTYPE_AT_FAULT,CHP_VEHTYPE_AT_FAULT,COUNT_SEVERE_INJ,COUNT_VISIBLE_INJ,COUNT_COMPLAINT_PAIN,COUNT_PED_KILLED,COUNT_PED_INJURED,COUNT_BICYCLIST_KILLED,COUNT_BICYCLIST_INJURED,COUNT_MC_KILLED,COUNT_MC_INJURED,PRIMARY_RAMP,SECONDARY_RAMP,LATITUDE,LONGITUDE,COUNTY,CITY,POINT_X,POINT_Y
9451166,2022,2022-06-15,0109,2022-01-06,1841,9480,1,4,5,7,0109,0,0,0,,0,06X,"WEST MACARTHUR BL","MARKET ST",0.00,,Y,A,-,N,,,,,,,,,,N,2,0,1,2,A,-,11,21456,B,N,G,G,A,A,H,-,C,A,0,,Y,,,Y,,L,04,1,0,0,0,0,0,1,0,0,"- ","- ",,,ALAMEDA,OAKLAND,-122.27458953857422,37.827991485595703
9451167,2022,2022-06-15,0109,2022-01-10,0806,9052,1,1,5,7,0109,0,0,0,,0,19X,"12TH ST","12TH AV",0.00,,Y,A,-,N,,,,,,,,,,N,2,0,1,2,A,-,10,21950,A,M,G,B,B,A,H,-,A,D,0,Y,,,,Y,,A,01,1,0,0,0,1,0,0,0,0,"- ","- ",,,ALAMEDA,OAKLAND,-122.24897766113281,37.789939880371094
9451170,2022,2022-06-15,0109,2022-01-12,1716,8966,2,3,5,7,0109,0,0,0,,0,27X,"INTERNATIONAL BL","56TH AV",42.00,W,N,A,-,N,,,,,,,,,,Y,4,0,1,2,A,-,03,22350,,M,C,C,A,A,H,-,C,D,0,,,,,Y,,A,01,0,0,1,0,0,0,0,0,0,"- ","- ",,,ALAMEDA,OAKLAND,-122.20269775390625,37.766635894775391
9451172,2022,2022-06-15,0109,2022-01-17,1426,9275,2,1,5,7,0109,0,0,0,,0,31X,"EDES AV","105TH AV",0.00,,Y,A,-,N,,,,,,,,,,N,4,0,1,2,A,-,12,21453,A,N,B,C,A,A,H,-,A,A,0,,,,,Y,,A,01,0,0,1,0,0,0,0,0,0,"- ","- ",,,ALAMEDA,OAKLAND,-122.17831420898438,37.733299255371094
9451359,2022,2022-06-24,0109,2022-05-07,1245,9603,2,6,5,7,0109,0,0,0,,0,22X,"MONTANA ST","COOLIDGE AV",0.00,,Y,A,-,N,,,,,,,,,,N,4,0,1,2,A,-,12,21453,A,N,B,C,A,A,H,-,A,A,0,,,,,Y,,A,07,0,0,1,0,0,0,0,0,0,"- ","- ",,,ALAMEDA,OAKLAND,-122.21028137207031,37.796993255615234
9451361,2022,2022-06-24,0109,2022-05-12,2251,8459,1,4,5,7,0109,0,0,0,,0,06X,"36TH ST","WEST ST",185.00,E,N,A,-,N,,,,,,,,,,N,2,0,1,3,A,-,08,22107,,N,C,E,A,A,H,-,C,D,0,,,,,Y,,A,01,1,0,0,0,0,0,0,0,0,"- ","- ",,,ALAMEDA,OAKLAND,-122.27153778076172,37.825462341308594
9451363,2022,2022-06-24,0109,2022-05-14,1237,9492,2,6,5,7,0109,0,0,0,,0,24X,"HIGH ST","LYON AV",0.00,,Y,A,-,N,,,,,,,,,,N,4,0,1,2,A,-,07,21658,A,N,A,C,A,A,H,-,A,D,0,,,Y,,Y,,C,02,0,0,1,0,0,0,0,0,1,"- ","- ",,,ALAMEDA,OAKLAND,-122.20542907714844,37.781181335449219
9451366,2022,2022-06-24,0109,2022-05-19,1403,9786,1,4,5,7,0109,0,0,0,,0,09X,"FAIRMOUNT AV","WEST MACARTHUR BL",0.00,,Y,A,-,N,,,,,,,,,,N,4,0,1,2,A,-,12,21453,A,M,B,C,A,A,H,-,A,A,0,,,,,Y,,A,01,0,0,1,0,0,0,0,0,0,"- ","- ",,,ALAMEDA,OAKLAND,-122.25469970703125,37.8214111328125
9451368,2022,2022-06-24,0109,2022-05-14,0858,9374,1,6,5,7,0109,0,0,0,,0,19X,"16TH AV","EMBARCADERO AV",100.00,N,N,A,-,N,,,,,,,,,,N,4,0,1,2,A,-,03,22350,,M,G,G,A,A,H,-,A,D,0,,Y,,,Y,,L,04,0,0,1,0,0,0,1,0,0,"- ","- ",,,ALAMEDA,OAKLAND,-122.24298095703125,37.784267425537109
9451371,2022,2022-06-24,0109,2022-05-10,1854,9833,2,2,5,7,0109,0,0,0,,0,22Y,"35TH AV","CALIFORNIA ST",40.00,N,N,A,-,N,,,,,,,,,,N,4,0,1,1,A,-,03,22350,,N,E,I,A,A,A,-,A,A,0,,,Y,,Y,,C,02,0,0,1,0,0,0,0,0,1,"- ","- ",,,ALAMEDA,OAKLAND,-122.19796752929688,37.795413970947266
9451373,2022,2022-06-24,0109,2022-05-19,2135,9924,1,4,5,7,0109,0,0,0,,0,02X,"7TH ST","ADELINE ST",0.00,,Y,A,-,N,,,,,,,,,,N,2,0,1,3,A,-,09,21801,A,N,D,C,F,A,H,-,C,A,0,Y,,,,Y,,A,01,1,0,0,0,1,0,0,0,0,"- ","- ",,,ALAMEDA,OAKLAND,-122.28820037841797,37.803806304931641
9451376,2022,2022-06-24,0109,2022-05-12,1411,9410,2,4,5,7,0109,0,0,0,,0,32Y,"BANCROFT AV","98TH AV",0.00,,Y,A,-,N,,,,,,,,,,N,4,0,1,2,A,-,12,21453,A,M,B,C,A,A,H,-,A,A,0,,,,,Y,,A,01,0,0,1,0,0,0,0,0,0,"- ","- ",,,ALAMEDA,OAKLAND,-122.1619873046875,37.748420715332031
9453302,2022,2022-06-27,0109,2022-02-07,2101,9590,1,1,5,7,0109,0,0,0,,0,12X,"51ST ST","TELEGRAPH AV",0.00,,Y,A,-,N,,,,,,,,,,N,4,0,1,2,A,-,12,21453,A,M,A,C,A,A,-,-,C,A,0,,,,,Y,,D,22,0,0,1,0,0,0,0,0,0,"- ","- ",,,ALAMEDA,OAKLAND,-122.26235198974609,37.837207794189453
9453495,2022,2022-06-22,0109,2022-04-23,1506,9904,2,6,5,7,0109,0,0,0,,0,31X,"HEGENBERGER RD","BALDWIN ST",75.00,N,N,A,-,N,,,,,,,,,,N,4,0,1,2,A,-,08,22107,,M,B,C,A,A,-,-,A,A,0,,,,,Y,Y,A,01,0,0,1,0,0,0,0,0,0,"- ","- ",,,ALAMEDA,OAKLAND,-122.19628143310547,37.747753143310547
9453499,2022,2022-06-27,0109,2022-04-26,0800,9348,2,2,5,7,0109,0,0,0,,0,21X,"23RD ST","COOLIDGE AV",20.00,N,N,A,-,N,,,,,,,,,,N,4,0,1,2,A,-,10,21950,A,N,G,B,D,A,H,-,A,D,0,Y,,,,Y,,A,01,0,0,1,0,1,0,0,0,0,"- ","- ",,,ALAMEDA,OAKLAND,-122.2203369140625,37.784599304199219
9453500,2022,2022-06-22,0109,2022-04-29,2043,9940,2,5,5,7,0109,0,0,0,,0,22X,"MACARTHUR BL","DIMOND AV",20.00,W,N,A,-,N,,,,,,,,,,N,4,0,1,2,A,-,10,21950,A,N,G,B,D,A,H,-,C,D,0,Y,,,,Y,,A,01,0,0,1,0,1,0,0,0,0,"- ","- ",,,ALAMEDA,OAKLAND,-122.21732330322266,37.800666809082031
9453616,2022,2022-06-21,0109,2022-05-01,1657,9689,1,7,5,7,0109,0,0,0,,0,04X,"W GRAND AV","MARTIN LUTHER KING JR WY",0.00,,Y,A,-,N,,,,,,,,,,N,3,0,1,2,A,-,09,21801,A,N,B,G,A,A,H,-,A,A,0,,Y,,,Y,,A,01,0,1,0,0,0,0,1,0,0,"- ","- ",,,ALAMEDA,OAKLAND,-122.27278137207031,37.812484741210938
9453617,2022,2022-06-21,0109,2022-05-23,0634,8257,1,1,5,7,0109,0,0,0,,0,12X,"KEITH AV",BROADWAY,0.00,,Y,A,-,N,,,,,,,,,,Y,4,0,1,4,A,-,09,21453,B,N,D,C,A,A,H,-,B,A,0,,,,,Y,,A,01,0,0,1,0,0,0,0,0,0,"- ","- ",,,ALAMEDA,OAKLAND,-122.24466705322266,37.846881866455078
9454425,2022,2022-12-28,0109,2022-03-26,1739,9935,2,6,5,7,0109,0,0,0,,0,27X,"BANCROFT AV","SEMINARY AV",90.00,W,N,A,-,N,,,,,,,,,,Y,4,0,2,2,A,-,01,23152,,N,C,C,A,A,H,-,A,A,0,,,,,Y,Y,A,07,0,0,2,0,0,0,0,0,0,"- ","- ",,,ALAMEDA,OAKLAND,-122.19169616699219,37.770885467529297
9454568,2022,2022-07-06,0109,2022-04-27,1604,8585,2,3,5,7,0109,0,0,0,,0,22Y,"35TH AV","CALIFORNIA ST",110.00,N,N,A,-,N,,,,,,,,,,N,4,0,1,2,A,-,03,22350,,N,C,C,A,A,H,-,A,D,0,,,,,Y,,A,01,0,0,1,0,0,0,0,0,0,"- ","- ",,,ALAMEDA,OAKLAND,-122.19776916503906,37.795528411865234
9454572,2022,2022-07-06,0109,2022-04-07,0555,9576,1,4,5,7,0109,0,0,0,,0,05X,"MYRTLE ST","18TH ST",0.00,,Y,A,-,N,,,,,,,,,,N,3,0,1,2,A,-,09,21802,A,N,D,C,A,A,H,-,B,A,0,,,Y,,Y,,A,01,0,1,0,0,0,0,0,0,1,"- ","- ",,,ALAMEDA,OAKLAND,-122.28089141845703,37.811374664306641
9454574,2022,2022-07-06,0109,2022-04-22,0145,8459,1,5,5,7,0109,0,0,0,,0,06X,"WEST ST","35TH ST",0.00,,Y,A,-,N,,,,,,,,,,N,4,0,1,2,A,-,12,21453,A,N,D,C,A,A,H,-,C,A,0,,,,,Y,,A,01,0,0,1,0,0,0,0,0,0,"- ","- ",,,ALAMEDA,OAKLAND,-122.27233123779297,37.8248291015625
9454978,2022,2022-07-11,0109,2022-05-16,0013,9915,2,1,5,7,0109,0,0,0,,0,26X,"OAKLAND AV","50TH AV",50.00,E,N,A,-,N,,,,,,,,,,Y,4,0,1,5,A,-,12,21453,A,M,C,C,A,A,H,-,C,A,0,,,,,Y,,A,01,0,0,1,0,0,0,0,0,0,"- ","- ",,,ALAMEDA,OAKLAND,,
9455075,2022,2022-06-30,0109,2022-05-16,1023,9597,2,1,5,7,0109,0,0,0,,0,30X,"64TH AV","BANCROFT AV",0.00,,Y,A,-,N,,,,,,,,,,N,4,0,1,2,A,-,12,21453,A,M,D,C,A,A,H,-,A,A,0,,,,,Y,,A,01,0,0,1,0,0,0,0,0,0,"- ","- ",,,ALAMEDA,OAKLAND,-122.18539428710938,37.770057678222656
9455076,2022,2022-06-30,0109,2022-05-06,2248,9922,2,5,5,7,0109,0,0,0,,0,24X,"SANTA RITA ST","38TH AV",0.00,,Y,A,-,N,,,,,,,,,,N,4,0,1,2,A,-,08,22102,,N,B,E,A,A,H,-,C,A,0,,,,,Y,,A,01,0,0,1,0,0,0,0,0,0,"- ","- ",,,ALAMEDA,OAKLAND,-122.21067047119141,37.783252716064453
9455170,2022,2022-06-30,0109,2022-05-19,2156,9926,2,4,5,7,0109,0,0,0,,0,34X,"85TH AV","INTERNATIONAL BL",20.00,E,N,-,-,N,,,,,,,,,,Y,3,0,1,2,A,-,12,21453,A,N,D,C,A,A,-,-,C,A,0,,,,,Y,,A,01,0,1,0,0,0,0,0,0,0,"- ","- ",,,ALAMEDA,OAKLAND,-122.17713928222656,37.753330230712891
9456268,2022,2022-07-06,0109,2022-02-09,1318,9562,1,3,5,7,0109,0,0,0,,0,02Y,"PERALTA ST","12TH ST",0.00,,Y,A,-,N,,,,,,,,,,Y,4,0,1,3,A,-,12,21453,A,M,D,C,A,A,H,-,A,A,0,,,,,Y,,A,01,0,0,1,0,0,0,0,0,0,"- ","- ",,,ALAMEDA,OAKLAND,-122.29502105712891,37.809989929199219
9456858,2022,2022-06-24,0109,2022-02-14,2230,9727,2,1,5,7,0109,0,0,0,,0,35X,"90TH AV","BANCROFT AV",0.00,,Y,A,-,N,,,,,,,,,,N,3,0,1,2,A,-,10,21950,A,F,G,B,B,A,H,-,C,A,0,Y,,,,Y,,A,01,0,1,0,0,1,0,0,0,0,"- ","- ",,,ALAMEDA,OAKLAND,-122.16580963134766,37.753559112548828
9456862,2022,2022-06-24,0109,2022-02-14,0812,9522,2,1,5,7,0109,0,0,0,,0,33X,"85TH AV","AMELIA ST",0.00,,Y,A,-,N,,,,,,,,,,N,4,0,1,2,A,-,09,21802,A,N,D,C,A,A,H,-,A,A,0,,,,,Y,,A,01,0,0,1,0,0,0,0,0,0,"- ","- ",,,ALAMEDA,OAKLAND,-122.18637847900391,37.748645782470703
9457644,2022,2022-07-05,0109,2022-03-17,1441,8585,2,4,5,7,0109,0,0,0,,0,27X,"FOOTHILL BL","HIGH ST",0.00,,Y,A,-,N,,,,,,,,,,N,4,0,1,2,A,-,09,21801,A,N,D,C,A,A,H,-,A,A,0,,,,,Y,,A,01,0,0,1,0,0,0,0,0,0,"- ","- ",,,ALAMEDA,OAKLAND,-122.21180725097656,37.774692535400391
9457683,2022,2022-08-22,0109,2022-01-26,1503,9294,1,3,5,7,0109,0,0,0,,0,19X,"FOOTHILL BL","21ST AV",0.00,,Y,A,-,N,,,,,,,,,,N,4,0,1,2,A,-,12,22450,A,N,D,C,A,A,H,-,A,A,0,,,,,Y,,A,07,0,0,1,0,0,0,0,0,0,"- ","- ",,,ALAMEDA,OAKLAND,-122.23733520507812,37.786861419677734
9457687,2022,2022-06-09,0109,2022-01-19,1445,8609,2,3,5,7,0109,0,0,0,,0,23X,"INTERNATIONAL BL","34TH AV",50.00,E,N,B,-,N,,,,,,,,,,N,4,0,1,2,A,-,03,22350,,N,C,C,A,-,H,-,A,A,0,,,,,Y,,A,07,0,0,1,0,0,0,0,0,0,"- ","- ",,,ALAMEDA,OAKLAND,-122.22368621826172,37.776580810546875
9457689,2022,2022-06-09,0109,2022-01-14,0814,9400,2,5,5,7,0109,0,0,0,,0,31X,"98TH AV","DENSLOWE ST",0.00,,Y,A,-,N,,,,,,,,,,N,4,0,2,4,A,-,03,22350,,N,C,C,A,A,H,-,A,D,0,,,,,Y,,A,01,0,0,2,0,0,0,0,0,0,"- ","- ",,,ALAMEDA,OAKLAND,-122.18580627441406,37.733741760253906
9457694,2022,2022-06-09,0109,2022-01-15,1404,9559,2,6,5,7,0109,0,0,0,,0,23X,"N HIGH ONRP ST","47TH AV",0.00,,Y,A,-,N,,,,,,,,,,N,4,0,1,2,A,-,12,21453,A,N,D,C,A,A,H,-,A,A,0,,,,,Y,,-,"- ",0,0,1,0,0,0,0,0,0,"- ","- ",,,ALAMEDA,OAKLAND,,
9457695,2022,2022-06-08,0109,2022-01-20,2109,9552,2,4,5,7,0109,0,0,0,,0,24X,"36TH AV","FOOTHILL BL",30.00,S,N,A,-,N,,,,,,,,,,N,4,0,1,2,A,-,08,22107,,N,A,C,A,A,H,-,C,A,0,,,,,Y,,A,01,0,0,1,0,0,0,0,0,0,"- ","- ",,,ALAMEDA,OAKLAND,-122.21865844726562,37.780799865722656
9457696,2022,2022-06-09,0109,2022-01-03,1523,8811,1,1,5,7,0109,0,0,0,,0,07X,"UNION ST","30TH ST",0.00,,Y,B,-,N,,,,,,,,,,N,4,0,1,2,A,-,09,21802,A,N,D,C,A,A,H,-,A,A,0,,,,,Y,,A,01,0,0,1,0,0,0,0,0,0,"- ","- ",,,ALAMEDA,OAKLAND,-122.28379821777344,37.822509765625
9457698,2022,2022-06-08,0109,2022-01-18,2352,8549,1,2,5,7,0109,0,0,0,,0,08X,"TELEGRAPH AV","30TH ST",0.00,,Y,A,-,N,,,,,,,,,,N,4,0,1,2,A,-,03,22350,,N,C,C,A,A,H,-,C,D,0,,,,,Y,,A,01,0,0,1,0,0,0,0,0,0,"- ","- ",,,ALAMEDA,OAKLAND,-122.26716613769531,37.819026947021484
9457700,2022,2022-06-08,0109,2022-01-18,1615,9275,2,2,5,7,0109,0,0,0,,0,35X,"90TH AV","MACARTHUR BL",15.00,S,N,A,-,N,,,,,,,,,,N,4,0,1,3,A,-,09,21801,A,N,A,C,A,A,H,-,A,A,0,,,,,Y,,A,01,0,0,1,0,0,0,0,0,0,"- ","- ",,,ALAMEDA,OAKLAND,-122.16141510009766,37.755577087402344
9457727,2022,2022-06-28,0109,2022-02-14,2115,9893,2,1,5,7,0109,0,0,0,,0,26X,"HIGH ST","SAN LEANDRO ST",0.00,,Y,A,-,N,,,,,,,,,,N,4,0,4,2,A,-,09,21801,,M,D,C,A,A,H,-,C,A,0,,,,,Y,,A,01,0,0,4,0,0,0,0,0,0,"- ","- ",,,ALAMEDA,OAKLAND,-122.21713256835938,37.770622253417969
9457731,2022,2022-06-09,0109,2022-02-07,1446,9914,2,1,5,7,0109,0,0,0,,0,31X,"HEGENBERGER RD","EDES AV",0.00,,Y,A,-,N,,,,,,,,,,Y,3,0,1,2,A,-,12,21453,A,F,D,C,A,-,H,-,A,A,0,,,,,Y,,A,01,0,1,0,0,0,0,0,0,0,"- ","- ",,,ALAMEDA,OAKLAND,-122.19596099853516,37.744739532470703
9457733,2022,2022-06-09,0109,2022-02-06,0355,9661,1,7,5,7,0109,0,0,0,,0,19X,"INTERNATIONAL BL","22ND AV",0.00,,Y,A,-,N,,,,,,,,,,N,4,0,1,2,A,-,09,21801,A,N,A,C,A,A,H,-,C,A,0,,,,,Y,,A,01,0,0,1,0,0,0,0,0,0,"- ","- ",,,ALAMEDA,OAKLAND,-122.23787689208984,37.784591674804688
9458253,2022,2022-06-14,0109,2022-05-18,0855,8681,2,3,5,7,0109,0,0,0,,0,34X,"INTERNATIONAL BL","96TH AV",10.00,E,N,A,-,N,,,,,,,,,,N,3,0,1,3,A,-,08,22107,,M,B,C,A,A,H,-,A,A,0,,,Y,,Y,,C,03,0,1,0,0,0,0,0,0,1,"- ","- ",,,ALAMEDA,OAKLAND,-122.17159271240234,37.745716094970703
9458257,2022,2022-06-14,0109,2022-05-16,1456,9881,1,1,5,7,0109,0,0,0,,0,09X,"OAKLAND AV","SANTA CLARA AV",0.00,,Y,A,-,N,,,,,,,,,,Y,4,0,1,2,A,-,12,21453,A,N,A,C,A,A,-,-,A,A,0,,,,,Y,,A,01,0,0,1,0,0,0,0,0,0,"- ","- ",,,ALAMEDA,OAKLAND,-122.25344848632812,37.819141387939453
9459030,2022,2022-06-16,0109,2022-02-06,1610,9855,2,7,5,7,0109,0,0,0,,0,22X,"SKYLINE BL","MELVILLE DR",6201.00,,N,A,-,N,,,,,,,,,,N,3,0,1,1,A,-,08,22107,,N,A,I,A,A,H,-,A,D,0,,,,,Y,,A,01,0,1,0,0,0,0,0,0,0,"- ","- ",,,ALAMEDA,OAKLAND,-122.18836212158203,37.819908142089844
9460087,2022,2022-06-24,0109,2022-01-07,1240,9525,1,5,5,7,0109,0,0,0,,0,17X,"FOOTHILL BL","4TH AV",0.00,,Y,B,-,N,,,,,,,,,,N,4,0,2,2,A,-,12,22450,A,M,D,C,A,B,H,-,A,A,0,,,,,Y,,A,01,0,0,2,0,0,0,0,0,0,"- ","- ",,,ALAMEDA,OAKLAND,-122.25279998779297,37.797805786132812
9462094,2022,2022-07-05,0109,2022-04-13,1127,9401,1,3,5,7,0109,0,0,0,,0,08X,BROADWAY,"28TH ST",0.00,,Y,A,-,N,,,,,,,,,,N,4,0,1,2,A,-,03,22350,,N,C,C,A,A,H,-,A,A,0,,,,,Y,,A,01,0,0,1,0,0,0,0,0,0,"- ","- ",,,ALAMEDA,OAKLAND,-122.26375579833984,37.816387176513672
9462095,2022,2022-07-05,0109,2022-04-19,0558,9961,1,2,5,7,0109,0,0,0,,0,19X,"INTERNATIONAL BL","21ST AV",0.00,,Y,B,-,N,,,,,,,,,,N,4,0,1,2,A,-,12,21453,A,M,D,C,A,B,H,-,B,A,0,,,,,Y,,A,08,0,0,1,0,0,0,0,0,0,"- ","- ",,,ALAMEDA,OAKLAND,-122.23890686035156,37.785186767578125
9463442,2022,2022-06-30,0109,2022-05-08,0423,9644,1,7,5,7,0109,0,0,0,,0,18X,"FOOTHILL BL","16TH AV",0.00,,Y,A,-,N,,,,,,,,,,Y,3,0,3,2,A,-,01,23152,A,N,A,C,A,A,H,-,C,A,0,,,,,Y,Y,A,01,0,1,2,0,0,0,0,0,0,"- ","- ",,,ALAMEDA,OAKLAND,-122.24259185791016,37.789993286132812
9464072,2022,2022-09-07,0109,2022-06-13,0246,9644,1,1,5,7,0109,0,0,0,,0,19X,"E 10TH ST","6TH AV",0.00,,Y,A,-,N,,,,,,,,,,Y,4,0,2,2,A,-,12,22450,A,M,D,C,A,A,H,-,C,A,0,,,,,Y,,A,01,0,0,2,0,0,0,0,0,0,"- ","- ",,,ALAMEDA,OAKLAND,-122.25583648681641,37.792980194091797
9465098,2022,2023-02-01,0109,2022-11-22,1701,9832,1,2,5,7,0109,0,0,0,,0,17Y,"MACARTHUR BL","BEAUMONT AV",16.00,E,N,A,-,N,,,,,,,,,,N,4,0,1,2,A,-,08,22107,,N,C,C,A,A,H,-,C,A,0,,,,,Y,,A,01,0,0,1,0,0,0,0,0,0,"- ","- ",,,ALAMEDA,OAKLAND,-122.22889709472656,37.800518035888672
9465099,2022,2023-01-13,0109,2022-11-26,2248,9933,2,6,5,7,0109,0,0,0,,0,27Y,"INTERNATIONAL BL","54TH AV",85.00,W,N,A,-,N,,,,,,,,,,N,4,0,1,1,A,-,08,22107,,N,A,I,A,A,H,-,C,D,0,,,,,Y,,A,01,0,0,1,0,0,0,0,0,0,"- ","- ",,,ALAMEDA,OAKLAND,-122.20516204833984,37.767807006835938
9465100,2022,2023-01-27,0109,2022-11-27,1709,9717,1,7,5,7,0109,0,0,0,,0,19X,"14TH AV","E 15TH ST",0.00,,Y,A,-,N,,,,,,,,,,N,4,0,1,2,A,-,12,21453,A,N,A,C,A,A,H,-,C,A,0,,,,,Y,,A,01,0,0,1,0,0,0,0,0,0,"- ","- ",,,ALAMEDA,OAKLAND,-122.24562072753906,37.789909362792969
9465253,2022,2023-01-13,0109,2022-11-25,2030,9889,1,5,5,7,0109,0,0,0,,0,06X,"27TH ST","NORTHGATE AV",0.00,,Y,A,-,N,,,,,,,,,,N,4,0,1,2,A,-,12,21453,A,M,B,C,A,A,H,-,C,A,0,,,,,Y,,A,01,0,0,1,0,0,0,0,0,0,"- ","- ",,,ALAMEDA,OAKLAND,-122.26984405517578,37.816471099853516
9465379,2022,2022-12-21,0109,2022-10-10,2212,10021,2,1,5,7,0109,0,0,0,,0,01X,"83RD AV","INTERNATIONAL BL",0.00,,Y,A,-,N,,,,,,,,,,N,4,0,4,5,A,-,08,22107,,N,A,E,A,A,H,-,A,A,0,,,,,Y,,A,01,0,0,4,0,0,0,0,0,0,"- ","- ",,,ALAMEDA,OAKLAND,-122.17832183837891,37.754810333251953
9465714,2022,2023-01-04,0109,2022-11-24,2355,10020,2,4,5,7,0109,0,0,0,,0,32Y,"MACARTHUR BL","TRUMAN AV",0.00,,Y,A,-,N,,,,,,,,,,Y,4,0,2,2,A,-,03,22350,,M,B,E,A,A,H,-,C,D,0,,,,,Y,,A,07,0,0,2,0,0,0,0,0,0,"- ","- ",,,ALAMEDA,OAKLAND,-122.15674591064453,37.746685028076172
9465715,2022,2023-01-04,0109,2022-11-25,1534,9173,1,5,5,7,0109,0,0,0,,0,12Y,"60TH ST","COLBY ST",250.00,E,N,A,-,N,,,,,,,,,,Y,4,0,1,2,A,-,08,22107,,N,B,E,A,A,H,-,A,D,0,,,,,Y,,A,01,0,0,1,0,0,0,0,0,0,"- ","- ",,,ALAMEDA,OAKLAND,-122.25556182861328,37.846908569335938
9465717,2022,2023-01-04,0109,2022-11-10,1622,10042,1,4,5,7,0109,0,0,0,,0,27X,"47TH AV","BOND ST",0.00,,Y,A,-,N,,,,,,,,,,N,4,0,3,2,A,-,12,21453,A,N,D,C,A,A,H,-,A,A,0,,,,,Y,,-,"- ",0,0,3,0,0,0,0,0,0,"- ","- ",,,ALAMEDA,OAKLAND,-122.20924377441406,37.772514343261719
9465718,2022,2023-01-04,0109,2022-11-07,1540,9996,1,1,5,7,0109,0,0,0,,0,19X,"E 11TH ST","6TH AV",0.00,,Y,A,-,N,,,,,,,,,,N,4,0,2,2,A,-,09,21802,A,N,D,C,A,A,H,-,A,D,0,,,,,Y,,A,01,0,0,2,0,0,0,0,0,0,"- ","- ",,,ALAMEDA,OAKLAND,-122.25492095947266,37.793663024902344
9465719,2022,2023-01-04,0109,2022-11-11,1044,9738,1,5,5,7,0109,0,0,0,,0,05X,"16TH ST","FILBERT ST",15.00,N,N,A,-,N,,,,,,,,,,N,4,0,2,3,A,-,09,21802,A,N,D,C,A,A,H,-,A,A,0,,,,,Y,,A,01,0,0,2,0,0,0,0,0,0,"- ","- ",,,ALAMEDA,OAKLAND,-122.28244781494141,37.810329437255859
9465991,2022,2022-12-16,0109,2022-11-01,2234,10020,1,2,5,7,0109,0,0,0,,0,34X,"90TH AV","BANCROFT AV",0.00,,Y,B,-,N,,,,,,,,,,Y,4,0,1,2,A,-,03,22350,,M,C,C,A,A,H,-,C,A,0,,,,,Y,,A,07,0,0,1,0,0,0,0,0,0,"- ","- ",,,ALAMEDA,OAKLAND,-122.16580963134766,37.753559112548828
9466826,2022,2023-02-02,0109,2022-11-19,2021,10016,1,6,5,7,0109,0,0,0,,0,03X,"10TH ST","OAK ST",0.00,,Y,A,-,N,,,,,,,,,,N,3,0,3,3,A,-,12,21453,A,N,A,C,A,A,H,-,A,A,0,,,,,Y,,D,22,0,1,2,0,0,0,0,0,0,"- ","- ",,,ALAMEDA,OAKLAND,-122.26456451416016,37.798309326171875
9466982,2022,2023-02-02,0109,2022-12-14,0900,10052,1,3,5,7,0109,0,0,0,,0,16Y,"MACARTHUR BL","SHEFFIELD AV",10.00,W,N,A,-,N,,,,,,,,,,N,4,0,1,3,A,-,03,22350,,M,C,C,A,A,H,-,A,A,0,,,,,Y,,D,22,0,0,1,0,0,0,0,0,0,"- ","- ",,,ALAMEDA,OAKLAND,-122.22077178955078,37.800045013427734
9466983,2022,2023-02-13,0109,2022-12-16,0924,10042,2,5,5,7,0109,0,0,0,,0,23X,"ALAMEDA AV","FRUITVALE AV",0.00,E,N,A,-,N,,,,,,,,,,N,2,0,1,2,A,-,"- ",,,M,A,E,A,A,H,-,A,D,0,,,,,Y,,A,07,1,0,0,0,0,0,0,0,0,"- ","- ",,,ALAMEDA,OAKLAND,-122.22975921630859,37.769580841064453
9466987,2022,2023-01-18,0109,2022-05-21,2236,9887,2,6,5,7,0109,0,0,0,,0,23X,"SAN LEANDRO ST","40TH ST",17.00,W,N,A,-,N,,,,,,,,,,Y,2,0,1,2,A,-,01,23152,A,N,A,C,A,A,H,-,C,A,0,,,,,Y,Y,A,08,1,0,0,0,0,0,0,0,0,"- ","- ",,,ALAMEDA,OAKLAND,-122.21971130371094,37.771854400634766