CASE_ID,ACCIDENT_YEAR,PROC_DATE,JURIS,COLLISION_DATE,COLLISION_TIME,OFFICER_ID,REPORTING_DISTRICT,DAY_OF_WEEK,CHP_SHIFT,POPULATION,CNTY_CITY_LOC,SPECIAL_COND,BEAT_TYPE,CHP_BEAT_TYPE,CITY_DIVISION_LAPD,CHP_BEAT_CLASS,BEAT_NUMBER,PRIMARY_RD,SECONDARY_RD,DISTANCE,DIRECTION,INTERSECTION,WEATHER_1,WEATHER_2,STATE_HWY_IND,CALTRANS_COUNTY,CALTRANS_DISTRICT,STATE_ROUTE,ROUTE_SUFFIX,POSTMILE_PREFIX,POSTMILE,LOCATION_TYPE,RAMP_INTERSECTION,SIDE_OF_HWY,TOW_AWAY,COLLISION_SEVERITY,NUMBER_KILLED,NUMBER_INJURED,PARTY_COUNT,PRIMARY_COLL_FACTOR,PCF_CODE_OF_VIOL,PCF_VIOL_CATEGORY,PCF_VIOLATION,PCF_VIOL_SUBSECTION,HIT_AND_RUN,TYPE_OF_COLLISION,MVIW,PED_ACTION,ROAD_SURFACE,ROAD_COND_1,ROAD_COND_2,LIGHTING,CONTROL_DEVICE,CHP_ROAD_TYPE,PEDESTRIAN_ACCIDENT,BICYCLE_ACCIDENT,MOTORCYCLE_ACCIDENT,TRUCK_ACCIDENT,NOT_PRIVATE_PROPERTY,ALCOHOL_INVOLVED,STWD_VEHTYPE_AT_FAULT,CHP_VEHTYPE_AT_FAULT,COUNT_SEVERE_INJ,COUNT_VISIBLE_INJ,COUNT_COMPLAINT_PAIN,COUNT_PED_KILLED,COUNT_PED_INJURED,COUNT_BICYCLIST_KILLED,COUNT_BICYCLIST_INJURED,COUNT_MC_KILLED,COUNT_MC_INJURED,PRIMARY_RAMP,SECONDARY_RAMP,LATITUDE,LONGITUDE,COUNTY,CITY,POINT_X,POINT_Y
9466997,2022,2023-02-02,0109,2022-12-03,0255,9961,1,6,5,7,0109,0,0,0,,0,15X,"E 10TH ST","5TH AV",0.00,,Y,C,-,N,,,,,,,,,,N,2,0,1,2,A,-,03,22350,,F,G,B,F,B,H,-,C,A,0,Y,,,,Y,Y,A,01,1,0,0,0,1,0,0,0,0,"- ","- ",,,ALAMEDA,OAKLAND,-122.25669097900391,37.793708801269531
9467441,2022,2023-02-23,0109,2022-11-16,1707,9924,1,3,5,7,0109,0,0,0,,0,05X,"MARKET ST","18TH ST",0.00,,Y,A,-,N,,,,,,,,,,N,4,0,1,2,A,-,09,21801,A,M,A,C,A,A,H,-,A,A,0,,,,,Y,,A,01,0,0,1,0,0,0,0,0,0,"- ","- ",,,ALAMEDA,OAKLAND,-122.27989196777344,37.811141967773438
9467932,2022,2023-01-06,0109,2022-11-02,1606,8257,1,3,5,7,0109,0,0,0,,0,19X,"E 12TH ST","6TH AV",0.00,,Y,A,-,N,,,,,,,,,,Y,4,0,3,2,A,-,01,23152,A,N,D,C,A,A,H,-,A,A,0,,,,,Y,Y,A,07,0,0,3,0,0,0,0,0,0,"- ","- ",,,ALAMEDA,OAKLAND,-122.25395965576172,37.794330596923828
9468106,2022,2023-02-22,0109,2022-09-07,0002,9872,2,3,5,7,0109,0,0,0,,0,26X,"75TH AV","HAMILTON ST",256.00,S,N,A,-,N,,,,,,,,,,N,4,0,1,3,A,-,03,22350,,M,B,C,A,A,H,-,C,D,0,,,,,Y,,A,01,0,0,1,0,0,0,0,0,0,"- ","- ",,,ALAMEDA,OAKLAND,-122.19040679931641,37.755386352539062
9468112,2022,2023-02-16,0109,2022-09-19,2348,8549,1,1,5,7,0109,0,0,0,,0,08X,"TELEGRAPH AV","30T ST",25.00,N,N,A,-,N,,,,,,,,,,Y,3,0,2,3,A,-,01,23152,A,N,D,C,E,A,H,-,C,A,0,Y,,,,Y,Y,A,01,0,1,1,0,1,0,0,0,0,"- ","- ",,,ALAMEDA,OAKLAND,,
9468191,2022,2023-01-18,0109,2022-12-22,1654,10051,2,4,5,7,0109,0,0,0,,0,30X,"73RD AV","BANCROFT AV",0.00,,Y,A,-,N,,,,,,,,,,N,4,0,1,2,A,-,12,21453,A,N,D,C,A,A,H,-,B,A,0,,,,,Y,,A,01,0,0,1,0,0,0,0,0,0,"- ","- ",,,ALAMEDA,OAKLAND,-122.17720794677734,37.765819549560547
9472106,2022,2022-07-15,0109,2022-06-12,1745,8198,1,7,5,7,0109,0,0,0,,0,10Y,"ADELINE ST","61ST ST",0.00,,Y,B,-,N,,,,,,,,,,N,4,0,1,2,A,-,09,21802,A,M,D,G,A,A,H,-,A,A,0,,Y,,,Y,,A,01,0,0,1,0,0,0,1,0,0,"- ","- ",,,ALAMEDA,OAKLAND,-122.27265930175781,37.845783233642578
9472260,2022,2022-07-20,0109,2022-03-24,1117,9381,2,4,5,7,0109,0,0,0,,0,27X,"FOOTHILL BL","48TH AV",20.00,E,N,A,-,N,,,,,,,,,,N,4,0,1,2,A,-,03,22350,,N,C,C,A,A,H,-,A,A,0,,,,,Y,,A,01,0,0,1,0,0,0,0,0,0,"- ","- ",,,ALAMEDA,OAKLAND,-122.20758819580078,37.772705078125
9472261,2022,2022-10-27,0109,2022-03-09,1608,9679,2,3,5,7,0109,0,0,0,,0,,"73RD AV","INTERNATIONAL BL",100.00,N,N,A,-,N,,,,,,,,,,N,4,0,1,2,A,-,03,22350,,N,C,C,A,A,H,-,A,A,0,,,,,Y,,A,07,0,0,1,0,0,0,0,0,0,"- ","- ",,,ALAMEDA,OAKLAND,-122.18687438964844,37.759429931640625
9472262,2022,2022-07-20,0109,2022-03-07,2012,8522,1,1,5,7,0109,0,0,0,,0,02X,"7TH ST","WILLOW ST",0.00,,Y,A,-,N,,,,,,,,,,Y,4,0,1,2,A,-,09,21801,A,N,D,C,A,A,H,-,C,D,0,,,,,Y,Y,A,01,0,0,1,0,0,0,0,0,0,"- ","- ",,,ALAMEDA,OAKLAND,-122.30088043212891,37.806560516357422
9472562,2022,2022-07-22,0109,2022-02-21,1557,9874,2,1,5,7,0109,0,0,0,,0,24X,"35TH AV","DAVIS ST",0.00,,Y,A,-,N,,,,,,,,,,N,4,0,1,2,A,-,05,21460,A,M,D,C,A,A,H,-,A,A,0,,,,,Y,,A,01,0,0,1,0,0,0,0,0,0,"- ","- ",,,ALAMEDA,OAKLAND,-122.21401214599609,37.785869598388672
9472563,2022,2022-07-22,0109,2022-02-21,2227,9917,2,1,5,7,0109,0,0,0,,0,20X,"INTERNATIONAL BL","FRUITVALE AV",0.00,,Y,C,-,N,,,,,,,,,,N,4,0,1,1,A,-,08,22107,,F,A,I,A,B,H,-,C,A,0,,,,,Y,,A,01,0,0,1,0,0,0,0,0,0,"- ","- ",,,ALAMEDA,OAKLAND,-122.225830078125,37.777606964111328
9472564,2022,2022-07-21,0109,2022-02-24,1700,9053,1,4,5,7,0109,0,0,0,,0,12Y,"51ST ST","TELERGRAPH AV",0.00,,Y,A,-,N,,,,,,,,,,N,4,0,1,2,A,-,10,21950,A,N,G,B,B,A,H,-,A,A,0,Y,,,,Y,,A,01,0,0,1,0,1,0,0,0,0,"- ","- ",,,ALAMEDA,OAKLAND,-122.26235198974609,37.837207794189453
9472565,2022,2022-07-21,0109,2022-02-22,0935,8681,2,2,5,7,0109,0,0,0,,0,31X,"66TH AV","COLISEUM WY",55.00,N,N,A,-,N,,,,,,,,,,N,4,0,1,2,A,-,03,22350,,M,C,C,A,A,H,-,A,A,0,,,,,Y,,A,01,0,0,1,0,0,0,0,0,0,"- ","- ",,,ALAMEDA,OAKLAND,-122.20513916015625,37.755058288574219
9472567,2022,2022-07-21,0109,2022-02-28,0916,9597,2,1,5,7,0109,0,0,0,,0,23X,"35TH AV","INTERNATIONAL BL",70.00,N,N,A,-,N,,,,,,,,,,N,3,0,1,2,A,-,11,21954,A,N,G,B,D,A,H,-,A,D,0,Y,,,,Y,,N,60,0,1,0,0,1,0,0,0,0,"- ","- ",,,ALAMEDA,OAKLAND,-122.22264099121094,37.776317596435547
9472568,2022,2022-07-21,0109,2022-02-17,0935,9968,1,4,5,7,0109,0,0,0,,0,05X,"W GRAND AV","MARKET ST",265.00,E,N,A,-,N,,,,,,,,,,N,3,0,1,2,A,-,08,22107,,N,B,E,A,A,H,-,A,D,0,,,,,Y,,A,01,0,1,0,0,0,0,0,0,0,"- ","- ",,,ALAMEDA,OAKLAND,-122.27784729003906,37.814132690429688
9472569,2022,2022-07-21,0109,2022-02-16,0806,9968,1,3,5,7,0109,0,0,0,,0,19X,"6TH AV","INTERNATIONAL BL",0.00,,Y,A,-,N,,,,,,,,,,N,4,0,1,2,A,-,12,22450,A,N,D,C,A,A,H,-,A,D,0,,Y,,,Y,,A,01,0,0,1,0,0,0,1,0,0,"- ","- ",,,ALAMEDA,OAKLAND,-122.25301361083984,37.795024871826172
9472572,2022,2022-07-22,0109,2022-02-04,1804,9948,2,5,5,7,0109,0,0,0,,0,24Y,"35TH AV","PENNIMAN AV",100.00,S,N,B,-,N,,,,,,,,,,Y,4,0,1,3,A,-,09,21804,A,N,D,C,A,A,H,-,B,A,0,,,,,Y,,A,01,0,0,1,0,0,0,0,0,0,"- ","- ",,,ALAMEDA,OAKLAND,-122.20777130126953,37.789501190185547
9473869,2022,2022-08-22,0109,2022-07-06,1730,9515,2,3,5,7,0109,0,0,0,,0,31Z,"PIPPAN ST","APPLE ST",0.00,,Y,A,-,N,,,,,,,,,,N,4,0,2,2,A,-,03,22350,,M,D,C,A,A,H,-,A,D,0,,,,,Y,,A,01,0,0,2,0,0,0,0,0,0,"- ","- ",,,ALAMEDA,OAKLAND,-122.17678833007812,37.735729217529297
9473870,2022,2022-08-22,0109,2022-07-05,1602,9893,2,2,5,7,0109,0,0,0,,0,30X,"73RD AV","ARTHUR ST",145.00,S,N,A,-,N,,,,,,,,,,N,2,0,1,2,A,-,03,22350,,F,A,G,A,A,H,-,A,A,0,,Y,,,Y,,A,01,1,0,0,0,0,0,1,0,0,"- ","- ",,,ALAMEDA,OAKLAND,-122.18077850341797,37.763446807861328
9473871,2022,2022-08-22,0109,2022-07-06,1650,9924,1,3,5,7,0109,0,0,0,,0,02X,"14TH ST","MARKET ST",150.00,E,N,A,-,N,,,,,,,,,,N,4,0,1,3,A,-,08,22107,,N,C,E,A,A,H,-,A,D,0,,,,,Y,,A,07,0,0,1,0,0,0,0,0,0,"- ","- ",,,ALAMEDA,OAKLAND,-122.28054046630859,37.807941436767578
9473877,2022,2022-08-22,0109,2022-07-20,0554,9347,2,3,5,7,0109,0,0,0,,0,26X,"79TH AV","RUDSDALE ST",0.00,,-,A,-,N,,,,,,,,,,N,2,0,1,2,A,-,03,22350,,F,G,B,B,A,H,-,A,D,0,Y,,,,Y,,-,99,1,0,0,0,1,0,0,0,0,"- ","- ",,,ALAMEDA,OAKLAND,-122.18647766113281,37.754730224609375
9473878,2022,2022-08-22,0109,2022-07-16,1344,9689,1,6,5,7,0109,0,0,0,,0,13X,BROADWAY,"TAFT AV",0.00,,Y,A,-,N,,,,,,,,,,N,4,0,1,2,A,-,03,22350,,N,C,C,A,A,H,-,A,A,0,,,,,Y,,A,01,0,0,1,0,0,0,0,0,0,"- ","- ",,,ALAMEDA,OAKLAND,-122.24667358398438,37.843597412109375
9473973,2022,2022-08-24,0109,2022-06-26,1118,9953,1,7,5,7,0109,0,0,0,,0,19X,"INTERNATIONAL BL","4TH AV",125.00,W,N,A,-,N,,,,,,,,,,N,2,0,2,2,A,-,03,22350,,N,D,C,A,A,-,-,A,A,0,,,Y,,Y,,C,02,1,0,1,0,0,0,0,0,1,"- ","- ",,,ALAMEDA,OAKLAND,-122.25495147705078,37.796737670898438
9473974,2022,2022-08-24,0109,2022-06-28,1531,9960,1,2,5,7,0109,0,0,0,,0,05Y,"18TH ST","MANDELA PKWY",0.00,,Y,A,-,N,,,,,,,,,,N,4,0,2,2,A,-,03,22350,,M,D,C,A,A,H,-,A,A,0,,,,,Y,,A,07,0,0,2,0,0,0,0,0,0,"- ","- ",,,ALAMEDA,OAKLAND,-122.29060363769531,37.813789367675781
9473978,2022,2022-08-24,0109,2022-06-10,1044,9610,1,5,5,7,0109,0,0,0,,0,07X,"MARKET ST","GRAND AV",50.00,N,N,A,-,N,,,,,,,,,,Y,4,0,1,4,A,-,08,22107,,N,C,E,A,A,H,-,A,A,0,,,,,Y,,A,01,0,0,1,0,0,0,0,0,0,"- ","- ",,,ALAMEDA,OAKLAND,-122.27862548828125,37.814582824707031
9473981,2022,2022-08-25,0109,2022-06-18,2313,9828,2,6,5,7,0109,0,0,0,,0,35Y,"MACARTHUR BL","88TH AV",350.00,W,N,A,-,N,,,,,,,,,,Y,4,0,1,3,A,-,08,22107,,N,B,E,A,A,H,-,C,D,0,,,,,Y,,A,01,0,0,1,0,0,0,0,0,0,"- ","- ",,,ALAMEDA,OAKLAND,-122.16229248046875,37.758163452148438
9473984,2022,2022-09-06,0109,2022-06-24,2320,10003,2,5,5,7,0109,0,0,0,,0,21Y,"FRUITVALE AV","HAROLD ST",0.00,,Y,A,-,N,,,,,,,,,,Y,2,0,1,2,A,-,12,21453,A,N,B,C,A,A,H,-,B,A,0,,,Y,,Y,,-,"- ",1,0,0,0,0,0,0,0,1,"- ","- ",,,ALAMEDA,OAKLAND,-122.21713256835938,37.797931671142578
9473985,2022,2022-09-19,0109,2022-06-24,1744,9294,1,5,5,7,0109,0,0,0,,0,10X,"55TH ST","ADELINE ST",0.00,,-,A,-,N,,,,,,,,,,N,2,0,1,2,A,-,09,21801,A,N,D,G,A,A,-,-,A,A,0,,Y,,,Y,,A,01,1,0,0,0,0,0,1,0,0,"- ","- ",,,ALAMEDA,OAKLAND,-122.27526092529297,37.839096069335938
9473987,2022,2022-08-25,0109,2022-06-10,2226,9915,2,5,5,7,0109,0,0,0,,0,27X,"INTERNATIONAL BL","77TH AV",20.00,W,N,A,-,N,,,,,,,,,,N,3,0,1,2,A,-,08,22107,,M,G,B,A,A,H,-,C,A,0,,Y,,,Y,,-,99,0,1,0,0,0,0,1,0,0,"- ","- ",,,ALAMEDA,OAKLAND,-122.18445587158203,37.757938385009766
9473989,2022,2022-08-25,0109,2022-06-20,0114,9915,2,1,5,7,0109,0,0,0,,0,29X,"SEMINARY AV","OUTLOOK AV",200.00,N,N,A,-,N,,,,,,,,,,Y,4,0,1,1,A,-,08,22107,,N,E,I,A,A,-,-,C,D,0,,,Y,,Y,,C,02,0,0,1,0,0,0,0,0,1,"- ","- ",,,ALAMEDA,OAKLAND,-122.18000793457031,37.779911041259766
9474037,2022,2022-08-25,0109,2022-07-18,1618,9814,2,1,5,7,0109,0,0,0,,0,29X,"SEMINARY AV","OUTLOOK AV",5.00,N,N,A,-,N,,,,,,,,,,N,4,0,2,2,A,-,03,22350,,M,C,C,A,A,H,-,A,A,0,,,,,Y,,A,07,0,0,2,0,0,0,0,0,0,"- ","- ",,,ALAMEDA,OAKLAND,-122.18060302734375,37.779666900634766
9474038,2022,2022-08-25,0109,2022-07-18,1532,9994,1,1,5,7,0109,0,0,0,,0,14X,"27TH ST","HARRISON ST",0.00,,Y,A,-,N,,,,,,,,,,N,3,0,1,2,A,-,10,21950,A,N,G,B,B,A,H,-,A,A,0,Y,,,,Y,,A,01,0,1,0,0,1,0,0,0,0,"- ","- ",,,ALAMEDA,OAKLAND,-122.26149749755859,37.81280517578125
9474039,2022,2022-08-25,0109,2022-07-02,0815,9968,2,6,5,7,0109,0,0,0,,0,31X,"DOOLITTLE DR","SWAN WY",1056.00,S,N,B,-,N,,,,,,,,,,N,4,0,1,1,A,-,08,22107,,N,E,I,A,B,H,-,A,D,0,,,,,Y,,A,01,0,0,1,0,0,0,0,0,0,"- ","- ",,,ALAMEDA,OAKLAND,-122.20462036132812,37.72796630859375
9474285,2022,2022-07-01,0109,2022-03-30,2048,9582,2,3,5,7,0109,0,0,0,,0,26X,"INTERNATIONAL BL","64TH AV",0.00,,Y,A,-,N,,,,,,,,,,Y,4,0,1,2,A,-,09,21802,A,M,D,C,A,A,H,-,C,D,0,,,,,Y,,A,01,0,0,1,0,0,0,0,0,0,"- ","- ",,,ALAMEDA,OAKLAND,-122.19575500488281,37.763332366943359
9474287,2022,2022-07-01,0109,2022-03-22,1828,9807,1,2,5,7,0109,0,0,0,,0,03X,"14TH ST","WEBSTER ST",20.00,S,N,A,-,N,,,,,,,,,,N,4,0,1,2,A,-,12,21453,A,N,D,C,A,A,H,-,A,A,0,,,,,Y,,A,01,0,0,1,0,0,0,0,0,0,"- ","- ",,,ALAMEDA,OAKLAND,-122.26873779296875,37.8033447265625
9474289,2022,2022-07-01,0109,2022-03-28,0045,8226,1,1,5,7,0109,0,0,0,,0,13X,"OCEAN VIEW DR","MARGARIDO DR",0.00,,Y,B,-,N,,,,,,,,,,Y,3,0,2,2,A,-,01,23152,A,M,C,C,A,B,H,-,C,D,0,,,,,Y,Y,A,01,0,1,1,0,0,0,0,0,0,"- ","- ",,,ALAMEDA,OAKLAND,-122.2421875,37.847312927246094
9474520,2022,2022-08-10,0109,2022-05-21,1535,9814,2,6,5,7,0109,0,0,0,,0,30X,"MACARTHUR BL","82ND AV",10.00,E,N,A,-,N,,,,,,,,,,N,4,0,1,2,A,-,03,22350,,N,C,C,A,A,H,-,A,A,0,,,,,Y,,A,01,0,0,1,0,0,0,0,0,0,"- ","- ",,,ALAMEDA,OAKLAND,-122.16487121582031,37.762668609619141
9474642,2022,2022-07-06,0109,2022-01-13,0847,8949,2,4,5,7,0109,0,0,0,,0,34X,"98TH AV","HOLLY ST",8.00,N,N,A,-,N,,,,,,,,,,N,4,0,1,2,A,-,10,21950,A,N,G,B,B,A,H,-,A,A,0,Y,,,,Y,,A,01,0,0,1,0,1,0,0,0,0,"- ","- ",,,ALAMEDA,OAKLAND,-122.16934967041016,37.744922637939453
9474646,2022,2022-07-06,0109,2022-01-16,2249,9893,1,7,5,7,0109,0,0,0,,0,03X,"HARRISON ST","13TH ST",0.00,,Y,A,-,N,,,,,,,,,,N,4,0,1,3,A,-,12,21453,A,N,D,C,A,A,H,-,C,A,0,,,,,Y,,A,01,0,0,1,0,0,0,0,0,0,"- ","- ",,,ALAMEDA,OAKLAND,-122.26804351806641,37.802242279052734
9474650,2022,2022-07-06,0109,2022-01-08,1105,9896,2,6,5,7,0109,0,0,0,,0,05X,"18TH ST","FILBERT ST",0.00,,Y,A,-,N,,,,,,,,,,N,4,0,1,2,A,-,09,21801,A,N,A,C,A,A,B,-,A,D,0,,,Y,,Y,,A,01,0,0,1,0,0,0,0,0,1,"- ","- ",,,ALAMEDA,OAKLAND,-122.28192901611328,37.811611175537109
9474662,2022,2022-07-06,0109,2022-05-24,1824,9874,2,2,5,7,0109,0,0,0,,0,23X,"SAN LEANDRO ST","33RD AV",25.00,E,N,A,-,N,,,,,,,,,,N,3,0,1,1,A,-,03,22350,,N,A,I,A,A,H,-,A,D,0,,,,,Y,,A,01,0,1,0,0,0,0,0,0,0,"- ","- ",,,ALAMEDA,OAKLAND,-122.22605133056641,37.774856567382812
9474663,2022,2022-07-06,0109,2022-05-21,2322,9582,2,6,5,7,0109,0,0,0,,0,30X,"INTERNATIONAL BL","73RD AV",20.00,E,N,A,-,N,,,,,,,,,,Y,3,0,3,2,A,-,03,22350,,M,C,C,A,A,H,-,C,A,0,,,,,Y,,A,01,0,1,2,0,0,0,0,0,0,"- ","- ",,,ALAMEDA,OAKLAND,-122.18701934814453,37.759178161621094
9474716,2022,2022-07-06,0109,2022-05-28,1312,9349,1,6,5,7,0109,0,0,0,,0,05X,"14TH ST","KIRKHAM ST",0.00,,Y,A,-,N,,,,,,,,,,N,4,0,1,2,A,-,09,21802,A,N,D,C,A,A,H,-,A,A,0,,,,,Y,,A,01,0,0,1,0,0,0,0,0,0,"- ","- ",,,ALAMEDA,OAKLAND,-122.29026031494141,37.810512542724609
9474718,2022,2022-07-07,0109,2022-05-17,1751,9679,2,2,5,7,0109,0,0,0,,0,27X,"55TH AV","BANCROFT AV",0.00,,Y,A,-,N,,,,,,,,,,N,4,0,1,2,A,-,12,21453,A,M,G,B,B,A,H,-,A,A,0,Y,,,,Y,,-,99,0,0,1,0,1,0,0,0,0,"- ","- ",,,ALAMEDA,OAKLAND,-122.19734954833984,37.771633148193359
9475477,2022,2022-07-21,0109,2022-05-24,2246,9622,2,2,5,7,0109,0,0,0,,0,33X,"85TH AV","A ST",0.00,,Y,A,-,N,,,,,,,,,,N,4,0,2,2,A,-,12,22450,A,N,D,C,A,A,H,-,C,A,0,,,,,Y,,A,01,0,0,2,0,0,0,0,0,0,"- ","- ",,,ALAMEDA,OAKLAND,-122.17897033691406,37.752487182617188
9475478,2022,2022-07-21,0109,2022-05-26,0301,9385,1,4,5,7,0109,0,0,0,,0,07X,"UNION ST","PERALTA ST",30.00,E,N,A,-,N,,,,,,,,,,N,3,0,2,1,A,-,08,22107,,N,A,I,A,A,H,-,C,D,0,,,,,Y,,A,01,0,2,0,0,0,0,0,0,0,"- ","- ",,,ALAMEDA,OAKLAND,-122.2830810546875,37.824832916259766
9475493,2022,2022-07-20,0109,2022-05-27,1752,9929,1,5,5,7,0109,0,0,0,,0,12X,"51ST ST","CLARKE ST",0.00,,Y,B,-,N,,,,,,,,,,N,3,0,1,2,A,-,10,21950,A,N,G,B,B,A,H,-,A,C,0,Y,,,,Y,,A,01,0,1,0,0,1,0,0,0,0,"- ","- ",,,ALAMEDA,OAKLAND,-122.26089477539062,37.837009429931641
9475495,2022,2022-07-20,0109,2022-05-30,2320,9070,1,1,5,7,0109,0,0,0,,0,08X,"NORTHGATE AV","SYCAMORE ST",0.00,,Y,A,-,N,,,,,,,,,,N,3,0,1,2,A,-,12,22450,A,F,H,G,A,A,H,-,C,D,0,,Y,,,Y,,A,07,0,1,0,0,0,0,1,0,0,"- ","- ",,,ALAMEDA,OAKLAND,-122.27024078369141,37.815418243408203
9475496,2022,2022-07-20,0109,2022-05-27,1944,9682,2,5,5,7,0109,0,0,0,,0,30X,"67TH AV","BANCROFT AV",0.00,,Y,A,-,N,,,,,,,,,,N,4,0,1,2,A,-,09,21802,A,N,B,C,A,A,H,-,A,A,0,,,,,Y,,A,01,0,0,1,0,0,0,0,0,0,"- ","- ",,,ALAMEDA,OAKLAND,-122.18070220947266,37.769138336181641
9475497,2022,2022-07-20,0109,2022-05-28,1536,9881,1,6,5,7,0109,0,0,0,,0,10X,"ALCATRAZ AV","SAN PABLO AV",0.00,,Y,A,-,N,,,,,,,,,,N,4,0,3,2,A,-,08,22107,,N,A,C,A,A,H,-,A,A,0,,,,,Y,,A,01,0,0,3,0,0,0,0,0,0,"- ","- ",,,ALAMEDA,OAKLAND,-122.28492736816406,37.846916198730469
9475751,2022,2022-07-15,0109,2022-02-19,1150,9786,1,6,5,7,0109,0,0,0,,0,09X,"WEST MACARTHUR BL","OAKLAND AV",0.00,,Y,A,-,N,,,,,,,,,,N,4,0,1,3,A,-,12,21453,A,N,D,C,A,A,H,-,A,A,0,,,,,Y,,A,01,0,0,1,0,0,0,0,0,0,"- ","- ",,,ALAMEDA,OAKLAND,-122.25344848632812,37.819141387939453
9475870,2022,2022-07-21,0109,2022-06-01,1843,9671,2,3,5,7,0109,0,0,0,,0,27X,"INTERNATIONAL BL","57TH AV",60.00,E,N,A,-,N,,,,,,,,,,Y,4,0,1,2,A,-,08,22107,,N,B,C,A,A,H,-,A,D,0,,,Y,,Y,,C,02,0,0,1,0,0,0,0,0,1,"- ","- ",,,ALAMEDA,OAKLAND,-122.20143127441406,37.766014099121094
9476840,2022,2022-07-19,0109,2022-06-02,1900,9173,1,4,5,7,0109,0,0,0,,0,17Y,"8TH AV","22ND ST",0.00,,Y,A,-,N,,,,,,,,,,N,3,0,2,2,A,-,12,22450,A,N,D,C,A,A,H,-,A,A,0,,,,,Y,,A,01,0,1,1,0,0,0,0,0,0,"- ","- ",,,ALAMEDA,OAKLAND,-122.24393463134766,37.798812866210938
9477153,2022,2022-07-22,0109,2022-02-22,1017,9727,2,2,5,7,0109,0,0,0,,0,29X,"BANCROFT AV","64TH AV",6.00,E,N,A,-,N,,,,,,,,,,N,4,0,1,2,A,-,12,22450,A,M,G,B,B,A,H,-,A,A,0,Y,,,,Y,,A,01,0,0,1,0,1,0,0,0,0,"- ","- ",,,ALAMEDA,OAKLAND,-122.18537139892578,37.770057678222656
9477154,2022,2022-07-22,0109,2022-02-06,1530,1,1,7,5,7,0109,0,0,0,,0,09X,"OAKLAND AV","MONTE VISTA AV",0.00,,Y,A,-,N,,,,,,,,,,N,3,0,1,2,A,-,10,21950,A,N,G,B,B,A,H,-,A,A,0,Y,,,,Y,,A,01,0,1,0,0,1,0,0,0,0,"- ","- ",,,ALAMEDA,OAKLAND,-122.24839782714844,37.821277618408203
9477156,2022,2022-07-22,0109,2022-02-09,1832,9149,1,3,5,7,0109,0,0,0,,0,06X,"MARTIN LUTHER KING WY","MACARTHUR BL",0.00,,Y,A,-,N,,,,,,,,,,N,4,0,1,2,A,-,09,21801,A,M,B,C,A,A,H,-,B,A,0,,,,,Y,,A,01,0,0,1,0,0,0,0,0,0,"- ","- ",,,ALAMEDA,OAKLAND,-122.26908874511719,37.827117919921875
9477157,2022,2022-07-22,0109,2022-02-23,0930,9381,2,3,5,7,0109,0,0,0,,0,27X,"HIGH ST","COURTLAND AV",0.00,,Y,A,-,N,,,,,,,,,,N,2,0,1,2,A,-,11,21954,A,N,G,B,D,A,H,-,A,A,0,Y,,,,Y,,N,60,1,0,0,0,1,0,0,0,0,"- ","- ",,,ALAMEDA,OAKLAND,-122.21074676513672,37.77557373046875
9477269,2022,2022-08-03,0109,2022-06-06,0838,9381,2,1,5,7,0109,0,0,0,,0,27X,"FOOTHILL BL","47TH AV",12.00,E,N,A,-,N,,,,,,,,,,N,4,0,2,2,A,-,08,22107,,N,A,C,A,A,H,-,A,A,0,,,,Y,Y,,A,01,0,0,2,0,0,0,0,0,0,"- ","- ",,,ALAMEDA,OAKLAND,-122.20865631103516,37.773204803466797
9477306,2022,2022-07-22,0109,2022-03-30,1335,8611,2,3,5,7,0109,0,0,0,,0,34X,"INTERNATIONAL BL","94TH AV",0.00,,Y,A,-,N,,,,,,,,,,Y,4,0,2,2,A,-,08,22107,,N,B,C,A,A,H,-,A,A,0,,,,,Y,,A,01,0,0,2,0,0,0,0,0,0,"- ","- ",,,ALAMEDA,OAKLAND,-122.17264556884766,37.747150421142578
9477367,2022,2022-07-22,0109,2022-06-20,1314,8658,2,1,5,7,0109,0,0,0,,0,24X,"HIGH ST","FLEMING AV",0.00,,Y,A,-,N,,,,,,,,,,Y,3,0,4,2,A,-,08,22107,,N,C,C,A,A,H,-,A,A,0,,,,,Y,,A,01,0,1,3,0,0,0,0,0,0,"- ","- ",,,ALAMEDA,OAKLAND,-122.20176696777344,37.783763885498047
9477368,2022,2022-07-22,0109,2022-05-29,0459,9927,2,7,5,7,0109,0,0,0,,0,20X,"INTERNATIONAL BL","MILLER AV",15.00,W,N,A,-,N,,,,,,,,,,Y,4,0,1,1,A,-,08,22107,,N,E,I,A,A,H,-,B,A,0,,,,,Y,,A,01,0,0,1,0,0,0,0,0,0,"- ","- ",,,ALAMEDA,OAKLAND,-122.23489379882812,37.78277587890625
9477370,2022,2022-07-22,0109,2022-06-17,1218,9991,1,5,5,7,0109,0,0,0,,0,19X,"KENNEDY ST","DENNISON ST",0.00,,Y,A,-,N,,,,,,,,,,N,4,0,2,2,A,-,09,21801,A,N,A,C,A,A,H,-,A,A,0,,,,,Y,,A,01,0,0,2,0,0,0,0,0,0,"- ","- ",,,ALAMEDA,OAKLAND,-122.23846435546875,37.779750823974609