CASE_ID,ACCIDENT_YEAR,PROC_DATE,JURIS,COLLISION_DATE,COLLISION_TIME,OFFICER_ID,REPORTING_DISTRICT,DAY_OF_WEEK,CHP_SHIFT,POPULATION,CNTY_CITY_LOC,SPECIAL_COND,BEAT_TYPE,CHP_BEAT_TYPE,CITY_DIVISION_LAPD,CHP_BEAT_CLASS,BEAT_NUMBER,PRIMARY_RD,SECONDARY_RD,DISTANCE,DIRECTION,INTERSECTION,WEATHER_1,WEATHER_2,STATE_HWY_IND,CALTRANS_COUNTY,CALTRANS_DISTRICT,STATE_ROUTE,ROUTE_SUFFIX,POSTMILE_PREFIX,POSTMILE,LOCATION_TYPE,RAMP_INTERSECTION,SIDE_OF_HWY,TOW_AWAY,COLLISION_SEVERITY,NUMBER_KILLED,NUMBER_INJURED,PARTY_COUNT,PRIMARY_COLL_FACTOR,PCF_CODE_OF_VIOL,PCF_VIOL_CATEGORY,PCF_VIOLATION,PCF_VIOL_SUBSECTION,HIT_AND_RUN,TYPE_OF_COLLISION,MVIW,PED_ACTION,ROAD_SURFACE,ROAD_COND_1,ROAD_COND_2,LIGHTING,CONTROL_DEVICE,CHP_ROAD_TYPE,PEDESTRIAN_ACCIDENT,BICYCLE_ACCIDENT,MOTORCYCLE_ACCIDENT,TRUCK_ACCIDENT,NOT_PRIVATE_PROPERTY,ALCOHOL_INVOLVED,STWD_VEHTYPE_AT_FAULT,CHP_VEHTYPE_AT_FAULT,COUNT_SEVERE_INJ,COUNT_VISIBLE_INJ,COUNT_COMPLAINT_PAIN,COUNT_PED_KILLED,COUNT_PED_INJURED,COUNT_BICYCLIST_KILLED,COUNT_BICYCLIST_INJURED,COUNT_MC_KILLED,COUNT_MC_INJURED,PRIMARY_RAMP,SECONDARY_RAMP,LATITUDE,LONGITUDE,COUNTY,CITY,POINT_X,POINT_Y
9477371,2022,2022-08-12,0109,2022-06-06,0935,9742,1,1,5,7,0109,0,0,0,,0,04X,"ALICE ST","17TH ST",0.00,,Y,A,-,N,,,,,,,,,,N,4,0,1,2,A,-,12,22450,A,N,D,C,A,A,H,-,A,D,0,,,,,Y,,-,"- ",0,0,1,0,0,0,0,0,0,"- ","- ",,,ALAMEDA,OAKLAND,-122.26476287841797,37.805130004882812
9482522,2022,2022-07-28,0109,2022-06-04,2108,9838,2,6,5,7,0109,0,0,0,,0,24Y,"HIGH ST","CULVER ST",10.00,S,N,A,-,N,,,,,,,,,,N,4,0,1,3,A,-,08,22107,,N,B,C,A,A,H,-,A,A,0,,,,,Y,,A,01,0,0,1,0,0,0,0,0,0,"- ","- ",,,ALAMEDA,OAKLAND,-122.19934844970703,37.785003662109375
9482525,2022,2022-07-28,0109,2022-06-22,1730,9259,2,3,5,7,0109,0,0,0,,0,30Y,"75TH AV","GARFIELD AV",0.00,,Y,A,-,N,,,,,,,,,,N,3,0,2,2,A,-,09,21802,A,M,D,C,A,A,H,-,A,A,0,,,,,Y,,A,01,0,1,1,0,0,0,0,0,0,"- ","- ",,,ALAMEDA,OAKLAND,-122.17446136474609,37.765727996826172
9482528,2022,2022-07-28,0109,2022-06-06,1146,9657,1,1,5,7,0109,0,0,0,,0,06X,"MARTIN LUTHER KING JR WY","30TH ST",0.00,,Y,A,-,N,,,,,,,,,,N,4,0,2,3,A,-,03,22350,,M,B,C,A,A,H,-,A,A,0,,,,,Y,,-,99,0,0,2,0,0,0,0,0,0,"- ","- ",,,ALAMEDA,OAKLAND,-122.27095794677734,37.819648742675781
9482529,2022,2022-07-28,0109,2022-06-03,2340,9851,2,5,5,7,0109,0,0,0,,0,28X,"MACARTHER BL","MILLSVIEW AV",10.00,N,N,A,-,N,,,,,,,,,,N,4,0,1,3,A,-,08,22107,,M,A,C,A,A,H,-,C,D,0,,,,,Y,,A,01,0,0,1,0,0,0,0,0,0,"- ","- ",,,ALAMEDA,OAKLAND,-122.18708038330078,37.778957366943359
9482531,2022,2022-07-28,0109,2022-06-11,1854,9807,1,6,5,7,0109,0,0,0,,0,02Y,"MANDELA PKWY","12TH ST",20.00,E,N,A,-,N,,,,,,,,,,N,4,0,1,2,A,-,08,22100,B,F,A,C,A,A,H,-,A,A,0,,,,,Y,,A,01,0,0,1,0,0,0,0,0,0,"- ","- ",,,ALAMEDA,OAKLAND,-122.29225921630859,37.809192657470703
9482708,2022,2022-08-25,0109,2022-05-27,0020,9516,1,5,5,7,0109,0,0,0,,0,02X,"6TH ST","MARKET ST",0.00,,Y,A,-,N,,,,,,,,,,N,4,0,2,2,A,-,12,21453,A,N,D,C,A,A,-,-,C,A,0,,,,,Y,,-,"- ",0,0,2,0,0,0,0,0,0,"- ","- ",,,ALAMEDA,OAKLAND,-122.28311157226562,37.802032470703125
9483959,2022,2022-08-01,0109,2022-06-24,1600,9196,2,5,5,7,0109,0,0,0,,0,30X,"73RD AV","INTERNATIONAL BL",0.00,,Y,A,-,N,,,,,,,,,,N,3,0,1,2,A,-,12,22450,A,M,D,G,A,A,H,-,A,A,0,,Y,,,Y,,A,01,0,1,0,0,0,0,1,0,0,"- ","- ",,,ALAMEDA,OAKLAND,-122.18708038330078,37.759212493896484
9483962,2022,2022-08-01,0109,2022-06-23,0050,9765,1,4,5,7,0109,0,0,0,,0,19X,"E 15TH ST","20TH AV",0.00,,Y,A,-,N,,,,,,,,,,Y,4,0,1,2,A,-,12,22450,A,M,A,C,A,A,H,-,C,A,0,,,,,Y,,-,99,0,0,1,0,0,0,0,0,0,"- ","- ",,,ALAMEDA,OAKLAND,-122.23918151855469,37.786670684814453
9483964,2022,2022-08-08,0109,2022-06-23,1439,9400,2,4,5,7,0109,0,0,0,,0,31X,"HEGENBERGER RD","S COLISEUM WY",0.00,,Y,A,-,N,,,,,,,,,,N,4,0,1,2,A,-,12,21453,A,N,D,C,A,A,H,-,A,A,0,,,,,Y,,-,"- ",0,0,1,0,0,0,0,0,0,"- ","- ",,,ALAMEDA,OAKLAND,-122.19618988037109,37.744758605957031
9483966,2022,2022-08-23,0109,2022-06-13,1522,9878,1,1,5,7,0109,0,0,0,,0,08X,"29TH ST","TELEGRAPH AV",200.00,W,N,A,-,N,,,,,,,,,,N,3,0,1,2,A,-,08,22107,,N,A,B,A,A,H,-,A,D,0,,Y,,,Y,Y,A,01,0,1,0,0,0,0,1,0,0,"- ","- ",,,ALAMEDA,OAKLAND,-122.26805877685547,37.818382263183594
9486161,2022,2022-09-15,0109,2022-07-19,1931,9814,2,2,5,7,0109,0,0,0,,0,25Y,"SKYLINE BL","REDWOOD RD",1.00,E,N,A,-,N,,,,,,,,,,Y,3,0,1,1,A,-,08,22107,,N,H,I,A,A,H,-,B,D,0,,,,,Y,,A,01,0,1,0,0,0,0,0,0,0,"- ","- ",,,ALAMEDA,OAKLAND,-122.17088317871094,37.799007415771484
9486162,2022,2022-09-15,0109,2022-07-02,1652,9933,2,6,5,7,0109,0,0,0,,0,26X,"SAN LEANDRO ST","47TH AV",0.00,,Y,B,-,N,,,,,,,,,,N,4,0,1,3,A,-,08,22107,,N,D,C,A,A,H,-,A,D,0,,,,,Y,,A,07,0,0,1,0,0,0,0,0,0,"- ","- ",,,ALAMEDA,OAKLAND,-122.21418762207031,37.768165588378906
9486166,2022,2022-09-15,0109,2022-07-02,0814,9885,2,6,5,7,0109,0,0,0,,0,35X,"MACARTHUR BL","83RD AV",0.00,,Y,B,C,N,,,,,,,,,,N,4,0,1,2,A,-,03,22350,,M,B,C,A,B,H,-,A,D,0,,,,,Y,,A,01,0,0,1,0,0,0,0,0,0,"- ","- ",,,ALAMEDA,OAKLAND,-122.16436004638672,37.762100219726562
9486167,2022,2022-09-15,0109,2022-07-11,2334,9609,2,1,5,7,0109,0,0,0,,0,26X,"COURTLAND AV","FOOTHILL BL",130.00,N,N,A,-,N,,,,,,,,,,Y,2,0,1,2,A,-,08,22107,,M,B,E,A,A,H,-,C,D,0,,,,,Y,,A,01,1,0,0,0,0,0,0,0,0,"- ","- ",,,ALAMEDA,OAKLAND,-122.2125244140625,37.775791168212891
9486168,2022,2022-09-15,0109,2022-07-09,0907,9988,1,6,5,7,0109,0,0,0,,0,17X,"BEAUMONT AV","MACARTHUR BL",0.00,,Y,B,-,N,,,,,,,,,,N,4,0,1,2,A,-,12,21453,A,M,D,C,A,A,H,-,A,A,0,,,,,Y,,A,01,0,0,1,0,0,0,0,0,0,"- ","- ",,,ALAMEDA,OAKLAND,-122.22895050048828,37.800529479980469
9490187,2022,2022-09-01,0109,2022-06-28,1324,9961,1,2,5,7,0109,0,0,0,,0,03X,"17TH ST","BRUSH ST",0.00,,Y,A,-,N,,,,,,,,,,Y,4,0,1,2,A,-,12,21453,A,N,D,C,A,A,H,-,A,A,0,,,,Y,Y,,F,25,0,0,1,0,0,0,0,0,0,"- ","- ",,,ALAMEDA,OAKLAND,-122.27710723876953,37.809169769287109
9490195,2022,2022-09-01,0109,2022-06-17,0046,9189,2,5,5,7,0109,0,0,0,,0,34X,"94TH AV","BANCROFT AV",0.00,,Y,A,-,N,,,,,,,,,,N,4,0,1,2,A,-,12,21453,A,N,D,C,A,A,H,-,C,A,0,,,,,Y,Y,A,01,0,0,1,0,0,0,0,0,0,"- ","- ",,,ALAMEDA,OAKLAND,-122.1640625,37.751194000244141
9490203,2022,2022-09-01,0109,2022-06-14,1552,9814,2,2,5,7,0109,0,0,0,,0,24X,"38TH AV","SAN JUAN ST",0.00,,Y,A,-,N,,,,,,,,,,Y,4,0,3,2,A,-,04,21703,,N,B,C,A,A,H,-,A,A,0,,,,,Y,,D,22,0,0,3,0,0,0,0,0,0,"- ","- ",,,ALAMEDA,OAKLAND,-122.21588134765625,37.779605865478516
9490273,2022,2022-08-23,0109,2022-07-13,1000,9880,2,3,5,7,0109,0,0,0,,0,22X,"MACARTHUR BL","LINCOLN AV",40.00,W,N,B,-,N,,,,,,,,,,N,4,0,1,2,A,-,06,21755,,N,D,C,A,A,H,-,A,D,0,,,Y,,Y,,C,02,0,0,1,0,0,0,0,0,1,"- ","- ",,,ALAMEDA,OAKLAND,-122.21420288085938,37.799873352050781
9490275,2022,2022-08-25,0109,2022-07-16,1615,9880,2,6,5,7,0109,0,0,0,,0,20X,"29TH AV","E 10TH AV",0.00,,Y,A,-,N,,,,,,,,,,N,3,0,1,2,A,-,10,21950,A,N,G,B,D,A,H,-,A,A,0,Y,,,,Y,,A,01,0,1,0,0,1,0,0,0,0,"- ","- ",,,ALAMEDA,OAKLAND,-122.23216247558594,37.776268005371094
9490276,2022,2022-08-23,0109,2022-07-17,0129,9927,2,7,5,7,0109,0,0,0,,0,25X,"MACARTHUR BL","HIGH ST",5.00,W,N,A,-,N,,,,,,,,,,N,4,0,1,2,A,-,03,22350,,N,C,C,A,A,H,-,C,A,0,,,,,Y,,A,01,0,0,1,0,0,0,0,0,0,"- ","- ",,,ALAMEDA,OAKLAND,-122.19480895996094,37.787380218505859
9490476,2022,2022-09-02,0109,2022-06-14,1911,9988,2,2,5,7,0109,0,0,0,,0,23X,"E 12TH ST","39TH AV",0.00,,Y,A,-,N,,,,,,,,,,N,3,0,1,2,A,-,12,22450,A,F,D,G,A,A,H,-,A,A,0,,Y,,,Y,,D,22,0,1,0,0,0,0,1,0,0,"- ","- ",,,ALAMEDA,OAKLAND,-122.21990966796875,37.773197174072266
9490480,2022,2022-09-12,0109,2022-05-06,1328,9618,2,5,5,7,0109,0,0,0,,0,21Y,"FRUITVALE AV","BROOKDALE AV",25.00,N,N,-,-,N,,,,,,,,,,Y,4,0,1,2,A,-,08,22102,,M,A,C,A,A,H,-,A,D,0,,,,,Y,,A,01,0,0,1,0,0,0,0,0,0,"- ","- ",,,ALAMEDA,OAKLAND,-122.21902465820312,37.793125152587891
9490963,2022,2022-09-01,0109,2022-07-16,1820,9893,2,6,5,7,0109,0,0,0,,0,32X,"C ST","100TH AV",0.00,,Y,A,-,N,,,,,,,,,,N,4,0,1,5,A,-,12,22450,A,M,D,C,A,A,H,-,A,A,0,,,,,Y,,A,01,0,0,1,0,0,0,0,0,0,"- ","- ",,,ALAMEDA,OAKLAND,-122.17337799072266,37.740482330322266
9490964,2022,2022-09-01,0109,2022-07-24,1505,9196,2,7,5,7,0109,0,0,0,,0,01X,"3RD ST","MARTIN LUTHER KING JR WY",0.00,,Y,A,-,N,,,,,,,,,,N,4,0,2,2,A,-,12,22450,A,N,D,C,A,A,H,-,A,D,0,,,,,Y,,A,01,0,0,2,0,0,0,0,0,0,"- ","- ",,,ALAMEDA,OAKLAND,-122.28069305419922,37.798595428466797
9490965,2022,2022-09-01,0109,2022-07-24,0038,9811,2,7,5,7,0109,0,0,0,,0,35X,"98TH AV","BANCROFT AV",0.00,,Y,A,-,N,,,,,,,,,,Y,4,0,1,2,A,-,12,21453,A,M,D,C,A,A,H,-,C,A,0,,,,,Y,,A,01,0,0,1,0,0,0,0,0,0,"- ","- ",,,ALAMEDA,OAKLAND,-122.1619873046875,37.748420715332031
9490967,2022,2022-09-22,0109,2022-07-30,0728,9471,2,6,5,7,0109,0,0,0,,0,25X,"SKYLINE BL","LEXFORD PL",20.00,W,N,E,-,N,,,,,,,,,,Y,4,0,1,1,A,-,03,22350,,N,D,-,A,B,H,-,B,D,0,,,,,Y,,A,01,0,0,1,0,0,0,0,0,0,"- ","- ",,,ALAMEDA,OAKLAND,-122.14665985107422,37.78607177734375
9490968,2022,2022-09-01,0109,2022-07-31,1930,8610,2,7,5,7,0109,0,0,0,,0,30X,"73RD AV","ORRAL ST",0.00,,Y,A,-,N,,,,,,,,,,N,4,0,1,2,A,-,09,21802,A,N,D,C,A,A,H,-,A,A,0,,,,,Y,,A,01,0,0,1,0,0,0,0,0,0,"- ","- ",,,ALAMEDA,OAKLAND,-122.18468475341797,37.760940551757812
9490997,2022,2022-09-02,0109,2022-07-26,1144,8815,1,2,5,7,0109,0,0,0,,0,05X,"GRAND AV","ADELINE ST",0.00,,Y,A,-,N,,,,,,,,,,N,3,0,2,2,A,-,09,21801,A,N,D,C,A,A,H,-,A,A,0,,,,,Y,,A,01,0,1,1,0,0,0,0,0,0,"- ","- ",,,ALAMEDA,OAKLAND,-122.28397369384766,37.815505981445312
9490998,2022,2022-09-02,0109,2022-07-17,1706,9917,2,7,5,7,0109,0,0,0,,0,31X,"98TH AV","AIRPORT ACCESS RD",0.00,,Y,A,-,N,,,,,,,,,,N,3,0,2,2,D,-,00,,,N,A,C,A,A,H,-,A,A,0,,,,,Y,,-,"- ",0,2,0,0,0,0,0,0,0,"- ","- ",,,ALAMEDA,OAKLAND,-122.19868469238281,37.727676391601562
9490999,2022,2022-10-25,0109,2022-07-17,0111,9912,2,7,5,7,0109,0,0,0,,0,25X,"HIGH ST","STEELE ST",20.00,N,N,A,-,N,,,,,,,,,,N,3,0,2,3,A,-,03,22350,,N,H,E,A,A,H,-,C,D,0,,,,,Y,,A,01,0,1,1,0,0,0,0,0,0,"- ","- ",,,ALAMEDA,OAKLAND,-122.18962097167969,37.790069580078125
9491185,2022,2022-09-01,0109,2022-06-10,1051,9951,1,5,5,7,0109,0,0,0,,0,17X,"VALLECITO PL","E 28TH ST",280.00,N,N,A,-,N,,,,,,,,,,N,4,0,2,2,A,-,09,21804,A,N,D,C,A,A,H,-,A,D,0,,,,,Y,,A,01,0,0,2,0,0,0,0,0,0,"- ","- ",,,ALAMEDA,OAKLAND,-122.23308563232422,37.798656463623047
9491187,2022,2022-09-01,0109,2022-06-26,1352,9736,1,7,5,7,0109,0,0,0,,0,07X,"34TH ST","PERALTA ST",5.00,S,N,A,-,N,,,,,,,,,,N,4,0,1,3,A,-,12,22450,A,N,A,C,A,A,H,-,A,A,0,,,,,Y,,A,01,0,0,1,0,0,0,0,0,0,"- ","- ",,,ALAMEDA,OAKLAND,-122.28224182128906,37.825935363769531
9491189,2022,2022-09-01,0109,2022-06-28,0724,9492,2,2,5,7,0109,0,0,0,,0,27X,"FOOTHILL BL","48TH AV",0.00,,Y,A,-,N,,,,,,,,,,N,4,0,1,1,A,-,08,22107,,M,A,I,A,A,H,-,A,A,0,,,,,Y,,A,01,0,0,1,0,0,0,0,0,0,"- ","- ",,,ALAMEDA,OAKLAND,-122.2076416015625,37.772739410400391
9491354,2022,2022-09-08,0109,2022-07-03,2218,9851,2,7,5,7,0109,0,0,0,,0,29X,"BANCROFT AV","57TH AV",0.00,,Y,A,-,N,,,,,,,,,,N,3,0,1,3,A,-,08,22107,,N,A,C,A,A,H,-,A,A,0,,,,,Y,,A,01,0,1,0,0,0,0,0,0,0,"- ","- ",,,ALAMEDA,OAKLAND,-122.19431304931641,37.771255493164062
9491355,2022,2022-09-08,0109,2022-07-15,0947,9689,1,5,5,7,0109,0,0,0,,0,13X,BROADWAY,"KALES AV",0.00,,Y,A,-,N,,,,,,,,,,N,4,0,1,2,A,-,03,22350,,N,C,C,A,A,H,-,A,A,0,,,,,Y,,A,07,0,0,1,0,0,0,0,0,0,"- ","- ",,,ALAMEDA,OAKLAND,-122.24742126464844,37.8424072265625
9491356,2022,2022-09-08,0109,2022-07-16,1926,9994,1,6,5,7,0109,0,0,0,,0,03X,"POSEY TUBE","BARNEY WY",0.00,S,N,A,-,N,,,,,,,,,,N,4,0,1,2,A,-,03,22350,,N,C,C,A,A,H,-,A,D,0,,,Y,,Y,,C,02,0,0,1,0,0,0,0,0,1,"- ","- ",,,ALAMEDA,OAKLAND,-122.27584075927734,37.789756774902344
9491357,2022,2022-09-08,0109,2022-07-18,1011,9657,1,1,5,7,0109,0,0,0,,0,06X,"27TH ST","MARTIN LUTHER KING JR WY",0.00,,Y,A,-,N,,,,,,,,,,N,4,0,1,2,A,-,12,21453,A,N,D,G,A,A,H,-,A,A,0,,Y,,,Y,,L,04,0,0,1,0,0,0,1,0,0,"- ","- ",,,ALAMEDA,OAKLAND,-122.27162933349609,37.817001342773438
9491360,2022,2022-09-08,0109,2022-07-18,1654,9893,2,1,5,7,0109,0,0,0,,0,26X,"INTERNATIONAL BL","65TH AV",129.00,W,N,A,-,N,,,,,,,,,,N,4,0,1,2,A,-,03,22350,,M,C,C,A,A,H,-,A,D,0,,,,,Y,,A,01,0,0,1,0,0,0,0,0,0,"- ","- ",,,ALAMEDA,OAKLAND,-122.19496917724609,37.762943267822266
9491361,2022,2022-10-18,0109,2022-07-24,2120,9892,1,7,5,7,0109,0,0,0,,0,19X,"INTERNATIONAL BL","12TH AV",0.00,,Y,A,-,N,,,,,,,,,,N,4,0,1,2,A,-,12,22450,A,M,D,C,A,A,H,-,C,A,0,,,,,Y,,A,01,0,0,1,0,0,0,0,0,0,"- ","- ",,,ALAMEDA,OAKLAND,-122.24802398681641,37.790603637695312
9491391,2022,2022-10-10,0109,2022-07-14,1845,9269,1,4,5,7,0109,0,0,0,,0,03Y,"7TH ST","JEFFERSON ST",0.00,,Y,A,-,N,,,,,,,,,,N,4,0,1,2,A,-,12,21453,A,N,D,C,A,A,H,-,A,A,0,,,,,Y,,A,07,0,0,1,0,0,0,0,0,0,"- ","- ",,,ALAMEDA,OAKLAND,-122.27777862548828,37.800899505615234
9491392,2022,2022-09-08,0109,2022-07-14,1542,8077,1,4,5,7,0109,0,0,0,,0,19X,EMBARCADERO,"9TH AV",600.00,E,N,A,-,N,,,,,,,,,,N,3,0,1,2,D,-,00,,,N,C,C,A,A,-,-,A,D,0,,,Y,,Y,,-,"- ",0,1,0,0,0,0,0,0,1,"- ","- ",,,ALAMEDA,OAKLAND,-122.25203704833984,37.788379669189453
9491395,2022,2022-09-08,0109,2022-07-09,1209,9963,2,6,5,7,0109,0,0,0,,0,31X,"EDGEWATER DR","PENDLETON WY",0.00,,Y,A,-,N,,,,,,,,,,N,4,0,1,1,A,-,08,22107,,N,A,I,A,A,H,-,A,D,0,,,,,Y,,A,01,0,0,1,0,0,0,0,0,0,"- ","- ",,,ALAMEDA,OAKLAND,-122.19948577880859,37.737667083740234
9491569,2022,2022-09-14,0109,2022-08-03,1402,8914,1,3,5,7,0109,0,0,0,,0,09X,BROADWAY,"49TH ST",0.00,,Y,A,-,N,,,,,,,,,,Y,4,0,2,2,A,-,09,21802,A,N,D,C,A,A,H,-,A,A,0,,,,,Y,,A,07,0,0,2,0,0,0,0,0,0,"- ","- ",,,ALAMEDA,OAKLAND,-122.25296783447266,37.833553314208984
9491572,2022,2022-09-14,0109,2022-08-13,1738,9933,2,6,5,7,0109,0,0,0,,0,33X,"85TH AV","SAN LEANDRO ST",0.00,,Y,A,-,N,,,,,,,,,,N,3,0,1,2,A,-,12,21453,A,M,D,C,A,A,H,-,A,A,0,,,,,Y,,A,01,0,1,0,0,0,0,0,0,0,"- ","- ",,,ALAMEDA,OAKLAND,-122.18907928466797,37.746997833251953
9491576,2022,2022-09-14,0109,2022-08-16,1710,9717,1,2,5,7,0109,0,0,0,,0,16Y,"PARK BL","EVERTTE AV",30.00,S,N,A,-,N,,,,,,,,,,N,4,0,1,2,A,-,08,22107,,N,B,C,A,A,H,-,A,D,0,,,,,Y,,A,01,0,0,1,0,0,0,0,0,0,"- ","- ",,,ALAMEDA,OAKLAND,,
9491577,2022,2022-09-14,0109,2022-08-01,2137,9414,2,1,5,7,0109,0,0,0,,0,32X,"105TH AV","ROYAL ANN ST",0.00,,Y,A,-,N,,,,,,,,,,Y,4,0,1,3,A,-,12,22450,A,F,D,C,A,A,H,-,A,A,0,,,,,Y,,A,07,0,0,1,0,0,0,0,0,0,"- ","- ",,,ALAMEDA,OAKLAND,-122.17079162597656,37.737350463867188
9491603,2022,2022-09-02,0109,2022-07-04,1823,9968,2,1,5,7,0109,0,0,0,,0,23X,"HIGH ST","E 12TH ST",35.00,S,N,A,-,N,,,,,,,,,,N,4,0,1,2,A,-,08,22107,,N,A,C,A,A,H,-,A,A,0,,,,,Y,,A,01,0,0,1,0,0,0,0,0,0,"- ","- ",,,ALAMEDA,OAKLAND,-122.21626281738281,37.771320343017578
9491623,2022,2022-09-02,0109,2022-04-26,1334,9400,2,2,5,7,0109,0,0,0,,0,31X,"ZHONE WY","66TH AV",0.00,,Y,A,-,N,,,,,,,,,,N,4,0,2,2,A,-,03,22350,,N,C,C,A,A,H,-,A,A,0,,,,,Y,,-,,0,0,2,0,0,0,0,0,0,"- ","- ",,,ALAMEDA,OAKLAND,-122.20674896240234,37.754425048828125
9491625,2022,2022-09-02,0109,2022-04-17,1027,9975,2,7,5,7,0109,0,0,0,,0,27X,"FOOTHILL BL","48TH AV",20.00,E,N,A,-,N,,,,,,,,,,N,4,0,1,2,A,-,05,21460,A,N,A,C,A,A,H,-,A,A,0,,,Y,,Y,,C,06,0,0,1,0,0,0,0,0,1,"- ","- ",,,ALAMEDA,OAKLAND,-122.20758819580078,37.772705078125
9491627,2022,2022-09-02,0109,2022-04-09,1410,9811,1,6,5,7,0109,0,0,0,,0,19X,EMBARCADERO,"16TH AV",100.00,,N,A,-,N,,,,,,,,,,N,2,0,1,2,D,-,00,,,F,H,G,A,A,H,-,A,D,0,,Y,,,Y,,-,"- ",1,0,0,0,0,0,1,0,0,"- ","- ",,,ALAMEDA,OAKLAND,-122.24324035644531,37.784088134765625
9491731,2022,2022-09-12,0109,2022-06-14,1115,8824,2,2,5,7,0109,0,0,0,,0,32X,"85TH AV","INTERNATIONAL BL",0.00,,Y,A,-,N,,,,,,,,,,N,4,0,2,3,A,-,08,22107,,M,B,C,A,A,H,-,A,A,0,,,,,Y,,-,99,0,0,2,0,0,0,0,0,0,"- ","- ",,,ALAMEDA,OAKLAND,-122.17720031738281,37.753299713134766
9492247,2022,2022-09-19,0109,2022-03-08,1604,9516,1,2,5,7,0109,0,0,0,,0,02X,"3RD ST","MYRTLE ST",3.00,E,N,A,-,N,,,,,,,,,,N,3,0,1,2,A,-,08,22107,,N,B,C,A,A,-,-,A,D,0,,,Y,Y,Y,,C,03,0,1,0,0,0,0,0,0,1,"- ","- ",,,ALAMEDA,OAKLAND,-122.28498077392578,37.800117492675781
9492251,2022,2022-09-15,0109,2022-08-09,1929,8585,2,2,5,7,0109,0,0,0,,0,23X,"FRUITVALE AV","E 13TH AV",0.00,,Y,A,-,N,,,,,,,,,,N,3,0,1,2,A,-,04,21703,,N,C,C,A,A,H,-,A,D,0,,,,,Y,,D,22,0,1,0,0,0,0,0,0,0,"- ","- ",,,ALAMEDA,OAKLAND,-122.22628021240234,37.776744842529297
9492826,2022,2022-10-17,0109,2022-05-14,2105,9814,2,6,5,7,0109,0,0,0,,0,29X,"MACARTHUR BL","SEMINARY AV",20.00,E,N,A,-,N,,,,,,,,,,Y,4,0,1,4,A,-,01,23152,A,N,C,C,A,A,H,-,C,A,0,,,,,Y,Y,A,01,0,0,1,0,0,0,0,0,0,"- ","- ",,,ALAMEDA,OAKLAND,-122.18531799316406,37.775428771972656
9492832,2022,2022-09-12,0109,2022-05-19,1410,9924,1,4,5,7,0109,0,0,0,,0,07X,"35TH ST","ADELINE ST",0.00,,Y,A,-,N,,,,,,,,,,N,4,0,2,4,A,-,12,22450,A,N,D,C,A,A,D,-,A,A,0,,,,,Y,,A,01,0,0,2,0,0,0,0,0,0,"- ","- ",,,ALAMEDA,OAKLAND,-122.27988433837891,37.826747894287109
9492836,2022,2022-09-12,0109,2022-05-21,0034,9650,1,6,5,7,0109,0,0,0,,0,19X,"INTERNATIONAL BL","6TH AV",75.00,W,N,A,-,N,,,,,,,,,,N,3,0,1,2,A,-,08,22107,,M,G,G,A,A,H,-,C,D,0,,Y,,,Y,,A,01,0,1,0,0,0,0,1,0,0,"- ","- ",,,ALAMEDA,OAKLAND,-122.25318145751953,37.795173645019531
9492891,2022,2022-09-12,0109,2022-02-07,2221,9945,2,1,5,7,0109,0,0,0,,0,32Y,"SUNNYSIDE ST","104TH AV",0.00,,Y,A,-,N,,,,,,,,,,N,3,0,1,2,A,-,12,22450,A,M,D,C,A,A,H,-,C,A,0,,,,,Y,,A,01,0,1,0,0,0,0,0,0,0,"- ","- ",,,ALAMEDA,OAKLAND,-122.15968322753906,37.742111206054688
9492893,2022,2022-10-18,0109,2022-02-15,0850,9492,2,2,5,7,0109,0,0,0,,0,27X,"SEMINARY AV","BROMLEY ST",50.00,N,N,A,-,N,,,,,,,,,,N,4,0,1,2,A,-,11,21954,A,N,A,B,D,A,H,-,A,D,0,Y,,,,Y,,N,60,0,0,1,0,1,0,0,0,0,"- ","- ",,,ALAMEDA,OAKLAND,-122.19636535644531,37.767353057861328
9492894,2022,2022-09-12,0109,2022-02-19,0148,9765,1,6,5,7,0109,0,0,0,,0,15X,"MACARTHUR BL","LAKESHORE AV",0.00,,Y,A,-,N,,,,,,,,,,Y,4,0,1,2,A,-,12,21453,A,N,D,C,A,A,H,-,C,A,0,,,,,Y,,A,01,0,0,1,0,0,0,0,0,0,"- ","- ",,,ALAMEDA,OAKLAND,-122.24680328369141,37.809520721435547
9492895,2022,2022-09-12,0109,2022-02-19,1750,9614,1,6,5,7,0109,0,0,0,,0,03X,"10TH ST","MADISON ST",0.00,,Y,A,-,N,,,,,,,,,,N,4,0,1,2,A,-,12,21453,A,N,D,C,A,A,H,-,A,A,0,,,,,Y,,A,01,0,0,1,0,0,0,0,0,0,"- ","- ",,,ALAMEDA,OAKLAND,-122.26577758789062,37.798748016357422
9492897,2022,2022-10-17,0109,2022-02-06,0257,9953,1,7,5,7,0109,0,0,0,,0,19X,EMBARCADERO,"EMBARCADERO 1700 BLK",0.00,,N,A,-,N,,,,,,,,,,Y,4,0,1,2,A,-,03,22350,,N,B,C,A,A,H,-,C,A,0,,,,,Y,,A,01,0,0,1,0,0,0,0,0,0,"- ","- ",,,ALAMEDA,OAKLAND,-122.26829528808594,37.792079925537109