CASE_ID,ACCIDENT_YEAR,PROC_DATE,JURIS,COLLISION_DATE,COLLISION_TIME,OFFICER_ID,REPORTING_DISTRICT,DAY_OF_WEEK,CHP_SHIFT,POPULATION,CNTY_CITY_LOC,SPECIAL_COND,BEAT_TYPE,CHP_BEAT_TYPE,CITY_DIVISION_LAPD,CHP_BEAT_CLASS,BEAT_NUMBER,PRIMARY_RD,SECONDARY_RD,DISTANCE,DIRECTION,INTERSECTION,WEATHER_1,WEATHER_2,STATE_HWY_IND,CALTRANS_COUNTY,CALTRANS_DISTRICT,STATE_ROUTE,ROUTE_SUFFIX,POSTMILE_PREFIX,POSTMILE,LOCATION_TYPE,RAMP_INTERSECTION,SIDE_OF_HWY,TOW_AWAY,COLLISION_SEVERITY,NUMBER_KILLED,NUMBER_INJURED,PARTY_COUNT,PRIMARY_COLL_FACTOR,PCF_CODE_OF_VIOL,PCF_VIOL_CATEGORY,PCF_VIOLATION,PCF_VIOL_SUBSECTION,HIT_AND_RUN,TYPE_OF_COLLISION,MVIW,PED_ACTION,ROAD_SURFACE,ROAD_COND_1,ROAD_COND_2,LIGHTING,CONTROL_DEVICE,CHP_ROAD_TYPE,PEDESTRIAN_ACCIDENT,BICYCLE_ACCIDENT,MOTORCYCLE_ACCIDENT,TRUCK_ACCIDENT,NOT_PRIVATE_PROPERTY,ALCOHOL_INVOLVED,STWD_VEHTYPE_AT_FAULT,CHP_VEHTYPE_AT_FAULT,COUNT_SEVERE_INJ,COUNT_VISIBLE_INJ,COUNT_COMPLAINT_PAIN,COUNT_PED_KILLED,COUNT_PED_INJURED,COUNT_BICYCLIST_KILLED,COUNT_BICYCLIST_INJURED,COUNT_MC_KILLED,COUNT_MC_INJURED,PRIMARY_RAMP,SECONDARY_RAMP,LATITUDE,LONGITUDE,COUNTY,CITY,POINT_X,POINT_Y
9493094,2022,2022-09-12,0109,2022-01-13,1845,9165,2,4,5,7,0109,0,0,0,,0,27X,"INTERNATIONAL BL","54TH AV",1.00,E,N,A,-,N,,,,,,,,,,Y,3,0,3,2,A,-,01,23152,A,N,C,C,A,A,H,-,C,A,0,,,,,Y,,A,01,0,1,2,0,0,0,0,0,0,"- ","- ",,,ALAMEDA,OAKLAND,-122.20492553710938,37.767669677734375
9493100,2022,2022-09-12,0109,2022-01-11,1913,9325,2,2,5,7,0109,0,0,0,,0,27Y,"BANCROFT AV","TRASK ST",65.00,E,N,A,-,N,,,,,,,,,,N,4,0,2,2,A,-,03,22350,,N,C,C,A,A,H,-,C,D,0,,,,,Y,,A,01,0,0,2,0,0,0,0,0,0,"- ","- ",,,ALAMEDA,OAKLAND,-122.194091796875,37.771217346191406
9493101,2022,2022-09-12,0109,2022-01-14,2034,9084,1,5,5,7,0109,0,0,0,,0,18X,"14TH AV","E 24TH ST",0.00,,Y,-,-,N,,,,,,,,,,N,4,0,1,2,A,-,09,21801,A,N,D,C,A,A,H,-,C,A,0,,,,,Y,,A,07,0,0,1,0,0,0,0,0,0,"- ","- ",,,ALAMEDA,OAKLAND,-122.23674774169922,37.795391082763672
9493107,2022,2022-09-12,0109,2022-01-10,1338,9522,2,1,5,7,0109,0,0,0,,0,31Z,"MACARTHUR BL","FISHER AV",50.00,E,N,A,-,N,,,,,,,,,,N,4,0,1,2,A,-,09,21804,A,N,D,C,A,A,H,-,A,B,0,,,,,Y,,A,01,0,0,1,0,0,0,0,0,0,"- ","- ",,,ALAMEDA,OAKLAND,-122.15351104736328,37.744003295898438
9493905,2022,2022-10-11,0109,2022-08-22,1745,9590,1,1,5,7,0109,0,0,0,,0,09X,"37TH ST","WEST MACARTHUR BL",0.00,,Y,A,-,N,,,,,,,,,,N,4,0,1,2,A,-,12,21453,A,N,A,G,A,A,-,-,A,A,0,,Y,,,Y,,L,04,0,0,1,0,0,0,1,0,0,"- ","- ",,,ALAMEDA,OAKLAND,-122.26676940917969,37.826740264892578
9493913,2022,2022-10-10,0109,2022-08-29,1525,9845,2,1,5,7,0109,0,0,0,,0,29X,"73RD AV","OUTLOOK AV",30.00,S,N,A,-,N,,,,,,,,,,N,4,0,1,4,A,-,08,22107,,N,A,C,A,A,H,-,A,D,0,,,,Y,Y,,F,25,0,0,1,0,0,0,0,0,0,"- ","- ",,,ALAMEDA,OAKLAND,-122.1700439453125,37.770668029785156
9494042,2022,2022-09-29,0109,2022-05-09,2001,9748,2,1,5,7,0109,0,0,0,,0,32Y,"BANCROFT AV","98TH AV",0.00,,Y,A,-,N,,,,,,,,,,N,4,0,1,2,B,-,22,,,N,D,C,A,A,H,-,B,A,0,,,,,Y,,J,48,0,0,1,0,0,0,0,0,0,"- ","- ",,,ALAMEDA,OAKLAND,-122.1619873046875,37.748420715332031
9494047,2022,2022-10-04,0109,2022-08-28,0347,8660,1,7,5,7,0109,0,0,0,,0,02X,"BRUSH ST","12TH ST",0.00,,Y,A,-,Y,ALA,4,980,-,-,0.839,R,4,W,N,4,0,2,2,A,-,12,21453,A,M,D,C,A,A,H,-,C,A,0,,,,,Y,Y,A,01,0,0,2,0,0,0,0,0,0,"- ","- ",,,ALAMEDA,OAKLAND,-122.27687072753906,37.808757781982422
9494067,2022,2022-09-26,0109,2022-05-14,2131,9516,1,6,5,7,0109,0,0,0,,0,05X,"W GRAND AV","MARKET ST",0.00,,Y,A,-,N,,,,,,,,,,N,4,0,1,2,D,-,00,,,M,B,C,A,A,H,-,C,A,0,,,Y,,Y,,-,"- ",0,0,1,0,0,0,0,0,1,"- ","- ",,,ALAMEDA,OAKLAND,-122.27867126464844,37.814453125
9495187,2022,2022-10-04,0109,2022-09-02,1550,8585,2,5,5,7,0109,0,0,0,,0,30X,"78TH AV","ASH ST",30.00,S,N,A,-,N,,,,,,,,,,Y,4,0,1,2,A,-,08,22107,,N,C,E,A,A,H,-,A,D,0,,,,,Y,,A,01,0,0,1,0,0,0,0,0,0,"- ","- ",,,ALAMEDA,OAKLAND,-122.18097686767578,37.759105682373047
9495189,2022,2022-10-04,0109,2022-09-02,1450,10001,1,5,5,7,0109,0,0,0,,0,01X,"WEST GRAND AV","POPLAR ST",100.00,W,N,A,-,N,,,,,,,,,,N,3,0,1,1,A,-,03,22350,,N,H,I,A,A,A,-,A,D,0,,,,,Y,,A,01,0,1,0,0,0,0,0,0,0,"- ","- ",,,ALAMEDA,OAKLAND,-122.28744506835938,37.816303253173828
9495193,2022,2022-10-04,0109,2022-09-01,1200,9169,1,4,5,7,0109,0,0,0,,0,10X,"GENOA ST","52ND ST",10.00,N,N,A,-,N,,,,,,,,,,N,4,0,1,2,A,-,08,22107,,M,D,C,A,A,H,-,A,A,0,,,,,Y,,A,01,0,0,1,0,0,0,0,0,0,"- ","- ",,,ALAMEDA,OAKLAND,-122.27113342285156,37.836856842041016
9495299,2022,2022-10-31,0109,2022-08-30,1030,9148,1,2,5,7,0109,0,0,0,,0,03X,"7TH ST","JACKSON ST",0.00,,Y,A,-,N,,,,,,,,,,N,4,0,1,2,A,-,12,21453,A,N,D,C,A,A,H,-,A,A,0,,,,,Y,,-,"- ",0,0,1,0,0,0,0,0,0,"- ","- ",,,ALAMEDA,OAKLAND,-122.26824951171875,37.797172546386719
9495303,2022,2022-10-03,0109,2022-08-29,0756,9885,2,1,5,7,0109,0,0,0,,0,35X,"90TH AV","BANCROFT AV",30.00,N,N,B,-,N,,,,,,,,,,N,4,0,1,2,A,-,21,22106,,N,G,B,F,A,H,-,A,D,0,Y,,,,Y,,A,01,0,0,1,0,1,0,0,0,0,"- ","- ",,,ALAMEDA,OAKLAND,-122.16571807861328,37.753597259521484
9495304,2022,2022-10-03,0109,2022-08-20,1941,9985,1,6,5,7,0109,0,0,0,,0,03X,"13TH ST","JACKSON ST",0.00,,Y,A,-,N,,,,,,,,,,N,4,0,1,2,A,-,12,21453,,N,D,C,A,A,H,-,B,A,0,,,,,Y,,A,01,0,0,1,0,0,0,0,0,0,"- ","- ",,,ALAMEDA,OAKLAND,-122.26567077636719,37.801277160644531
9495306,2022,2022-10-03,0109,2022-08-15,0933,9951,1,1,5,7,0109,0,0,0,,0,04X,"LAKESIDE DR","JACKSON ST",0.00,,Y,A,-,N,,,,,,,,,,N,4,0,1,2,A,-,12,21453,A,N,G,B,B,A,H,-,A,A,0,Y,,,,Y,Y,M,93,0,0,1,0,1,0,0,0,0,"- ","- ",,,ALAMEDA,OAKLAND,-122.26274108886719,37.805931091308594
9495307,2022,2022-10-07,0109,2022-08-01,1153,9793,1,1,5,7,0109,0,0,0,,0,03Y,"HARRISON ST","12TH ST",0.00,,Y,A,-,N,,,,,,,,,,N,3,0,1,2,A,-,12,21453,A,N,G,G,A,A,H,-,A,A,0,,Y,,,Y,,A,07,0,1,0,0,0,0,1,0,0,"- ","- ",,,ALAMEDA,OAKLAND,-122.26846313476562,37.801548004150391
9495310,2022,2022-10-03,0109,2022-08-31,1211,9142,2,3,5,7,0109,0,0,0,,0,21X,"FRUITVALE AV","NICOL AV",0.00,,Y,A,-,N,,,,,,,,,,Y,3,0,1,2,A,-,09,21801,A,N,D,C,A,A,H,-,A,D,0,,,,,Y,,A,07,0,1,0,0,0,0,0,0,0,"- ","- ",,,ALAMEDA,OAKLAND,-122.21846771240234,37.794475555419922
9495311,2022,2022-10-03,0109,2022-08-20,1520,9501,1,6,5,7,0109,0,0,0,,0,16Y,"PARK BL","GLENFIELD AV",50.00,S,N,A,-,N,,,,,,,,,,Y,4,0,1,1,A,-,08,22107,,N,F,I,A,A,H,-,A,A,0,,,,,Y,,A,01,0,0,1,0,0,0,0,0,0,"- ","- ",,,ALAMEDA,OAKLAND,-122.22261047363281,37.807319641113281
9495312,2022,2022-10-03,0109,2022-08-28,1730,9501,1,7,5,7,0109,0,0,0,,0,19X,"FOOTHILL BL","4TH AV",0.00,,Y,A,-,N,,,,,,,,,,Y,4,0,1,2,A,-,12,22450,A,N,A,C,A,A,H,-,A,A,0,,,,,Y,,A,08,0,0,1,0,0,0,0,0,0,"- ","- ",,,ALAMEDA,OAKLAND,-122.25279998779297,37.797805786132812
9495315,2022,2022-10-03,0109,2022-08-21,1430,9995,2,7,5,7,0109,0,0,0,,0,35Y,"SKYLINE BL","GREEN VALLEY RD",2640.00,W,N,A,-,N,,,,,,,,,,Y,3,0,1,1,A,-,08,22107,,N,A,I,A,A,H,-,A,D,0,,,,,Y,,A,01,0,1,0,0,0,0,0,0,0,"- ","- ",,,ALAMEDA,OAKLAND,,
9495318,2022,2022-10-03,0109,2022-08-29,1649,9269,1,1,5,7,0109,0,0,0,,0,05X,"34TH ST","LOUISE ST",0.00,,Y,A,-,N,,,,,,,,,,N,3,0,1,2,A,-,08,22107,,M,B,C,A,A,H,-,A,A,0,,,,,Y,,A,08,0,1,0,0,0,0,0,0,0,"- ","- ",,,ALAMEDA,OAKLAND,-122.28520202636719,37.825668334960938
9495319,2022,2022-10-03,0109,2022-08-20,1620,9962,2,6,5,7,0109,0,0,0,,0,20X,"23RD AV","FOOTHILL BL",0.00,,Y,A,-,N,,,,,,,,,,N,4,0,1,2,A,-,12,21453,A,F,D,C,A,A,H,-,A,A,0,,,,,Y,,A,01,0,0,1,0,0,0,0,0,0,"- ","- ",,,ALAMEDA,OAKLAND,-122.234130859375,37.785186767578125
9495612,2022,2022-10-06,0109,2022-07-31,1225,9597,2,7,5,7,0109,0,0,0,,0,20X,"28TH AV","FOOTHILL BL",75.00,S,N,A,-,N,,,,,,,,,,N,4,0,1,2,A,-,17,22517,,N,H,G,A,A,H,-,A,D,0,,Y,,,Y,,A,01,0,0,1,0,0,0,1,0,0,"- ","- ",,,ALAMEDA,OAKLAND,-122.22566986083984,37.784210205078125
9495780,2022,2022-10-20,0109,2022-09-10,0401,9828,2,6,5,7,0109,0,0,0,,0,35Y,"98TH AV","MACARTHUR BL",0.00,,Y,A,-,N,,,,,,,,,,Y,4,0,1,2,A,-,12,21453,A,M,D,C,A,A,H,-,C,A,0,,,,,Y,,D,22,0,0,1,0,0,0,0,0,0,"- ","- ",,,ALAMEDA,OAKLAND,-122.15888977050781,37.749931335449219
9495792,2022,2022-11-22,0109,2022-07-15,1616,9165,2,5,5,7,0109,0,0,0,,0,23X,"FOOTHILL BL","COURTLAND AV",25.00,W,N,A,-,N,,,,,,,,,,Y,4,0,1,4,A,-,05,21651,A,M,A,C,A,A,H,-,A,A,0,,,,,Y,,A,01,0,0,1,0,0,0,0,0,0,"- ","- ",,,ALAMEDA,OAKLAND,-122.21302032470703,37.775749206542969
9495800,2022,2022-10-20,0109,2022-09-18,1642,9934,1,7,5,7,0109,0,0,0,,0,03X,"11TH ST","HARRISON ST",0.00,,Y,B,C,N,,,,,,,,,,N,3,0,1,2,A,-,10,21950,A,N,A,B,B,B,H,-,A,A,0,Y,,,,Y,,D,22,0,1,0,0,1,0,0,0,0,"- ","- ",,,ALAMEDA,OAKLAND,-122.26889038085938,37.800846099853516
9495819,2022,2022-10-28,0109,2022-04-23,0428,9869,1,6,5,7,0109,0,0,0,,0,02X,"EMBARCADERO WEST","MARKET ST",300.00,W,N,A,-,N,,,,,,,,,,N,4,0,1,2,A,-,08,22107,,N,B,E,A,A,H,-,C,D,0,,,,,Y,,A,01,0,0,1,0,0,0,0,0,0,"- ","- ",,,ALAMEDA,OAKLAND,-122.28555297851562,37.798419952392578
9497725,2022,2022-09-22,0109,2022-08-01,0458,9575,1,1,5,7,0109,0,0,0,,0,10X,"MARKET ST","AILEEN ST",0.00,,Y,A,-,N,,,,,,,,,,N,4,0,1,2,A,-,08,22107,,N,B,C,A,A,H,-,B,D,0,,,,Y,Y,,F,21,0,0,1,0,0,0,0,0,0,"- ","- ",,,ALAMEDA,OAKLAND,-122.27422332763672,37.840869903564453
9497727,2022,2022-09-22,0109,2022-08-02,0215,9903,2,2,5,7,0109,0,0,0,,0,23X,"HIGH ST","BROOKDALE AV",10.00,S,N,A,-,N,,,,,,,,,,Y,3,0,1,4,A,-,03,22350,,M,C,E,A,A,H,-,C,D,0,,,,,Y,,A,01,0,1,0,0,0,0,0,0,0,"- ","- ",,,ALAMEDA,OAKLAND,-122.20417785644531,37.782520294189453
9498033,2022,2022-09-26,0109,2022-09-02,1637,8867,2,5,5,7,0109,0,0,0,,0,27X,"46TH AV","BANCROFT AV",0.00,,Y,A,-,N,,,,,,,,,,N,4,0,1,2,A,-,10,21950,A,M,G,B,B,A,H,-,A,A,0,Y,,,,Y,,A,01,0,0,1,0,1,0,0,0,0,"- ","- ",,,ALAMEDA,OAKLAND,-122.21073150634766,37.772064208984375
9498034,2022,2022-09-27,0109,2022-09-01,0742,8270,1,4,5,7,0109,0,0,0,,0,15X,"ATHOL AV","MACARTHUR BL",0.00,,Y,A,-,N,,,,,,,,,,N,3,0,1,2,A,-,10,21950,A,N,G,B,B,A,H,-,A,D,0,Y,,,,Y,,A,01,0,1,0,0,1,0,0,0,0,"- ","- ",,,ALAMEDA,OAKLAND,-122.24131011962891,37.806983947753906
9498035,2022,2022-09-26,0109,2022-09-02,2218,8914,1,5,5,7,0109,0,0,0,,0,13Y,"SKYLINE BL","ELVERTON DR",1600.00,W,N,A,-,N,,,,,,,,,,Y,4,0,1,1,A,-,03,22350,,N,E,I,A,A,H,-,C,D,0,,,,,Y,,A,01,0,0,1,0,0,0,0,0,0,"- ","- ",,,ALAMEDA,OAKLAND,-122.20766448974609,37.851192474365234
9498081,2022,2022-09-27,0109,2022-08-09,1928,9169,1,2,5,7,0109,0,0,0,,0,03X,"11TH ST","MARTIN LUTHER KING JR WY",0.00,,Y,A,-,N,,,,,,,,,,N,4,0,2,2,A,-,12,21453,A,N,D,C,A,A,H,-,A,A,0,,,,,Y,,A,01,0,0,2,0,0,0,0,0,0,"- ","- ",,,ALAMEDA,OAKLAND,-122.27725982666016,37.804111480712891
9498088,2022,2022-09-27,0109,2022-08-11,1557,8914,1,4,5,7,0109,0,0,0,,0,10Y,"MARTIN LUTHER KING JR WY","55TH ST",30.00,S,N,A,-,N,,,,,,,,,,N,4,0,1,2,A,-,08,22107,,M,B,C,A,A,H,-,A,A,0,,,,,Y,,D,22,0,0,1,0,0,0,0,0,0,"- ","- ",,,ALAMEDA,OAKLAND,-122.26981353759766,37.839698791503906
9498092,2022,2022-09-27,0109,2022-08-27,1730,9916,2,6,5,7,0109,0,0,0,,0,23X,"BOND ST","HIGH ST",0.00,,Y,A,-,N,,,,,,,,,,N,4,0,3,2,A,-,12,21453,A,N,D,C,A,A,H,-,A,A,0,,,,,Y,Y,A,07,0,0,3,0,0,0,0,0,0,"- ","- ",,,ALAMEDA,OAKLAND,-122.21250915527344,37.77410888671875
9498176,2022,2022-10-11,0109,2022-05-04,1530,9948,2,3,5,7,0109,0,0,0,,0,20X,"29TH AV","FORD ST",0.00,,-,A,-,N,,,,,,,,,,N,4,0,1,2,A,-,08,22107,,N,B,C,A,A,H,-,A,A,0,,,,,Y,,A,01,0,0,1,0,0,0,0,0,0,"- ","- ",,,ALAMEDA,OAKLAND,-122.23481750488281,37.77337646484375
9498178,2022,2022-10-12,0109,2022-05-31,1744,9172,1,2,5,7,0109,0,0,0,,0,14X,"GRAND AV","BELLEVUE AV",0.00,,Y,A,-,N,,,,,,,,,,Y,3,0,2,3,A,-,09,21804,A,N,F,C,A,A,H,-,A,A,0,,,,,Y,,A,01,0,1,1,0,0,0,0,0,0,"- ","- ",,,ALAMEDA,OAKLAND,-122.2593994140625,37.809810638427734
9498287,2022,2022-10-13,0109,2022-08-08,1739,9962,2,1,5,7,0109,0,0,0,,0,33X,"85TH AV","INTERNATIONAL BL",0.00,,Y,A,-,N,,,,,,,,,,N,4,0,1,2,A,-,09,21800,A,M,D,C,A,A,H,-,A,A,0,,,Y,,Y,,-,99,0,0,1,0,0,0,0,0,1,"- ","- ",,,ALAMEDA,OAKLAND,-122.17720031738281,37.753299713134766
9498288,2022,2022-10-13,0109,2022-08-29,1240,8823,2,1,5,7,0109,0,0,0,,0,23X,"FRUITVALE AV","INTERNATIONAL BL",100.00,S,N,A,-,N,,,,,,,,,,Y,4,0,1,2,A,-,09,21804,A,M,D,C,A,A,H,-,A,A,0,,,,,Y,Y,A,01,0,0,1,0,0,0,0,0,0,"- ","- ",,,ALAMEDA,OAKLAND,-122.22596740722656,37.777355194091797
9498289,2022,2022-10-13,0109,2022-08-08,0307,9905,1,1,5,7,0109,0,0,0,,0,03X,"MADISON ST","13TH ST",0.00,,Y,A,-,N,,,,,,,,,,N,3,0,1,2,A,-,12,21453,A,M,B,B,A,A,H,-,C,A,0,,Y,,,Y,,A,01,0,1,0,0,0,0,1,0,0,"- ","- ",,,ALAMEDA,OAKLAND,-122.26448822021484,37.800827026367188
9498309,2022,2022-10-18,0109,2022-09-17,0808,9742,1,6,5,7,0109,0,0,0,,0,03X,"OAK ST","14TH ST",0.00,,Y,A,-,N,,,,,,,,,,N,4,0,1,2,A,-,12,21453,A,N,C,C,A,A,H,-,A,A,0,,,,,Y,,A,01,0,0,1,0,0,0,0,0,0,"- ","- ",,,ALAMEDA,OAKLAND,-122.26287078857422,37.801052093505859
9498310,2022,2022-10-18,0109,2022-09-23,1735,9149,1,5,5,7,0109,0,0,0,,0,10X,"WEST ST","44TH ST",0.00,,Y,A,-,N,,,,,,,,,,N,4,0,1,2,A,-,09,21801,A,N,D,C,A,A,H,-,A,A,0,,,,,Y,,A,01,0,0,1,0,0,0,0,0,0,"- ","- ",,,ALAMEDA,OAKLAND,-122.27021789550781,37.833290100097656
9498312,2022,2022-10-18,0109,2022-09-13,1733,9933,2,2,5,7,0109,0,0,0,,0,27X,"CONGRESS AV","MONTICELLO AV",0.00,,Y,A,-,N,,,,,,,,,,N,4,0,1,2,A,-,09,21802,A,M,D,C,A,A,H,-,A,A,0,,,,,Y,,A,01,0,0,1,0,0,0,0,0,0,"- ","- ",,,ALAMEDA,OAKLAND,-122.20243835449219,37.776706695556641
9498313,2022,2022-10-18,0109,2022-09-01,2102,9929,1,4,5,7,0109,0,0,0,,0,03X,"8TH ST","OAK ST",0.00,,Y,A,-,N,,,,,,,,,,N,4,0,1,2,A,-,10,21950,A,N,G,B,B,A,H,-,C,A,0,Y,,,,Y,,A,01,0,0,1,0,1,0,0,0,0,"- ","- ",,,ALAMEDA,OAKLAND,-122.26546478271484,37.796939849853516
9498314,2022,2022-10-18,0109,2022-09-01,1629,9173,1,4,5,7,0109,0,0,0,,0,13X,"MORAGA AV","THORNHILL DR",500.00,E,N,A,-,N,,,,,,,,,,N,4,0,3,3,A,-,08,22107,,N,B,E,A,A,H,-,A,D,0,,,,,Y,,A,01,0,0,3,0,0,0,0,0,0,"- ","- ",,,ALAMEDA,OAKLAND,-122.21428680419922,37.830448150634766
9498315,2022,2022-10-18,0109,2022-09-07,0826,9410,2,3,5,7,0109,0,0,0,,0,35X,"SKYLINE BL","KELLER AV",30.00,W,N,A,-,N,,,,,,,,,,Y,4,0,2,2,A,-,03,22350,,N,C,C,A,A,H,-,A,A,0,,,,,Y,,A,01,0,0,2,0,0,0,0,0,0,"- ","- ",,,ALAMEDA,OAKLAND,-122.12867736816406,37.769580841064453
9498316,2022,2022-10-18,0109,2022-09-09,0800,9969,2,5,5,7,0109,0,0,0,,0,33X,"SAN LEANDRO ST","81ST AV",20.00,E,N,A,-,N,,,,,,,,,,N,4,0,2,2,A,-,03,22350,,N,C,C,A,A,H,-,A,A,0,,,,,Y,,A,01,0,0,2,0,0,0,0,0,0,"- ","- ",,,ALAMEDA,OAKLAND,-122.19231414794922,37.749721527099609
9498317,2022,2022-10-18,0109,2022-09-08,1205,9113,2,4,5,7,0109,0,0,0,,0,25X,"CAMPUS DR","MARGIE LN",0.00,,Y,A,-,N,,,,,,,,,,N,4,0,2,2,A,-,09,21801,A,N,D,C,A,A,H,-,A,A,0,,,,,Y,,A,01,0,0,2,0,0,0,0,0,0,"- ","- ",,,ALAMEDA,OAKLAND,,
9498333,2022,2022-10-13,0109,2022-06-22,1239,9466,2,3,5,7,0109,0,0,0,,0,,"BANCROFT AV","RITCHIE ST",0.00,,Y,A,-,N,,,,,,,,,,N,4,0,2,2,A,-,03,22350,,N,C,C,A,A,H,-,A,A,0,,,,,Y,,A,01,0,0,2,0,0,0,0,0,0,"- ","- ",,,ALAMEDA,OAKLAND,-122.17267608642578,37.762046813964844
9498409,2022,2022-10-18,0109,2022-09-03,0014,9811,2,6,5,7,0109,0,0,0,,0,33X,"INTERNATIONAL BL","87TH AV",0.00,,Y,A,-,N,,,,,,,,,,N,3,0,1,2,A,-,08,22107,,F,G,B,E,A,H,-,C,D,0,Y,,,,Y,,-,99,0,1,0,0,1,0,0,0,0,"- ","- ",,,ALAMEDA,OAKLAND,-122.17607116699219,37.751758575439453
9498436,2022,2022-10-21,0109,2022-09-08,1159,10044,2,4,5,7,0109,0,0,0,,0,20X,"FOOTHILL BL","23RD AV",1.00,W,N,A,-,N,,,,,,,,,,N,4,0,1,2,A,-,05,21650,1,N,D,G,A,A,H,-,A,A,0,,Y,,,Y,,L,04,0,0,1,0,0,0,1,0,0,"- ","- ",,,ALAMEDA,OAKLAND,-122.234130859375,37.785190582275391
9498609,2022,2022-10-20,0109,2022-09-03,0705,10000,1,6,5,7,0109,0,0,0,,0,19X,"E 12TH ST","22ND AV",10.00,E,N,A,-,N,,,,,,,,,,N,4,0,1,2,A,-,08,22107,,N,D,C,A,A,H,-,A,A,0,,,,,Y,,A,01,0,0,1,0,0,0,0,0,0,"- ","- ",,,ALAMEDA,OAKLAND,-122.23860168457031,37.783725738525391
9498654,2022,2022-10-20,0109,2022-09-16,2314,9242,1,5,5,7,0109,0,0,0,,0,14X,"GRAND AV","LENOX AV",0.00,,Y,A,-,N,,,,,,,,,,N,3,0,1,2,A,-,09,21801,A,N,D,G,A,A,H,-,C,A,0,,Y,,,Y,,A,01,0,1,0,0,0,0,1,0,0,"- ","- ",,,ALAMEDA,OAKLAND,-122.25846099853516,37.809322357177734
9498670,2022,2022-10-24,0109,2022-09-17,1202,10004,1,6,5,7,0109,0,0,0,,0,05X,"MARKET ST","WEST GRAND AV",90.00,S,N,A,-,N,,,,,,,,,,N,4,0,1,2,A,-,21,22106,,N,C,-,A,A,A,H,A,C,0,,,,,Y,,A,07,0,0,1,0,0,0,0,0,0,"- ","- ",,,ALAMEDA,OAKLAND,-122.27875518798828,37.814212799072266
9498672,2022,2022-10-20,0109,2022-09-15,0821,10004,2,4,5,7,0109,0,0,0,,0,26X,"INTERNATIONAL BL","62ND AV",0.00,,Y,A,-,N,,,,,,,,,,N,4,0,1,2,A,-,12,21453,A,M,D,C,A,A,H,-,A,A,0,,,,,Y,,A,01,0,0,1,0,0,0,0,0,0,"- ","- ",,,ALAMEDA,OAKLAND,-122.19718170166016,37.763992309570312
9498688,2022,2022-10-19,0109,2022-08-05,1201,9975,2,5,5,7,0109,0,0,0,,0,32Y,"DURANT AV","BANCROFT AV",0.00,,Y,A,-,N,,,,,,,,,,Y,4,0,1,2,A,-,12,22450,,M,D,C,A,A,H,-,A,D,0,,,,,Y,,A,07,0,0,1,0,0,0,0,0,0,"- ","- ",,,ALAMEDA,OAKLAND,-122.15509033203125,37.739086151123047
9498695,2022,2022-10-19,0109,2022-08-18,2045,9953,2,4,5,7,0109,0,0,0,,0,32X,"BANCROFT AV","103RD AV",0.00,,Y,A,-,N,,,,,,,,,,N,4,0,1,2,A,-,03,22350,,F,A,C,A,A,-,-,C,A,0,,,,,Y,,A,01,0,0,1,0,0,0,0,0,0,"- ","- ",,,ALAMEDA,OAKLAND,-122.15840148925781,37.743553161621094
9498696,2022,2022-10-19,0109,2022-08-02,1010,9377,1,2,5,7,0109,0,0,0,,0,19X,"INTERNATIONAL BL","22ND AV",200.00,E,N,A,-,N,,,,,,,,,,N,4,0,1,2,D,-,00,,,N,G,B,E,A,H,-,A,D,0,Y,,,,Y,,-,"- ",0,0,1,0,1,0,0,0,0,"- ","- ",,,ALAMEDA,OAKLAND,-122.23732757568359,37.784259796142578
9498697,2022,2022-10-19,0109,2022-08-08,1715,9109,1,1,5,7,0109,0,0,0,,0,04X,"W GRAND AV","TELEGRAPH AV",0.00,,Y,-,-,N,,,,,,,,,,N,2,0,1,2,A,-,10,21950,A,N,G,B,B,A,H,-,A,A,0,Y,,,,Y,,A,07,1,0,0,0,1,0,0,0,0,"- ","- ",,,ALAMEDA,OAKLAND,-122.26901245117188,37.811817169189453
9498698,2022,2022-10-24,0109,2022-08-18,1010,8347,1,4,5,7,0109,0,0,0,,0,03Y,"7TH ST","JEFFERSON ST",0.00,,Y,A,-,N,,,,,,,,,,Y,4,0,3,2,A,-,12,21453,A,N,D,C,A,A,H,-,A,A,0,,,,,Y,,-,"- ",0,0,3,0,0,0,0,0,0,"- ","- ",,,ALAMEDA,OAKLAND,-122.27777862548828,37.800899505615234
9499037,2022,2022-10-20,0109,2022-07-09,2319,9960,1,6,5,7,0109,0,0,0,,0,06X,"36TH ST","WEST ST",0.00,,Y,A,-,N,,,,,,,,,,N,4,0,1,2,A,-,12,21453,A,M,H,C,A,A,H,-,C,A,0,,,,,Y,,A,07,0,0,1,0,0,0,0,0,0,"- ","- ",,,ALAMEDA,OAKLAND,-122.27214050292969,37.825630187988281
9499038,2022,2022-10-20,0109,2022-07-13,1930,10010,1,3,5,7,0109,0,0,0,,0,19X,"INTERNATIONAL BL","15TH AV",0.00,,Y,A,-,N,,,,,,,,,,N,3,0,2,2,A,-,12,22450,A,M,B,C,A,A,H,-,A,A,0,,,,,Y,,A,01,0,1,1,0,0,0,0,0,0,"- ","- ",,,ALAMEDA,OAKLAND,-122.24521636962891,37.788967132568359
9499044,2022,2022-10-20,0109,2022-07-08,1333,9971,1,5,5,7,0109,0,0,0,,0,06X,"SHATTUCK AV","65TH ST",0.00,,Y,A,-,N,,,,,,,,,,N,3,0,1,2,A,-,09,21801,A,N,D,G,A,A,H,-,A,D,0,,Y,,,Y,,A,01,0,1,0,0,0,0,1,0,0,"- ","- ",,,ALAMEDA,OAKLAND,-122.26586151123047,37.850337982177734