CASE_ID,ACCIDENT_YEAR,PROC_DATE,JURIS,COLLISION_DATE,COLLISION_TIME,OFFICER_ID,REPORTING_DISTRICT,DAY_OF_WEEK,CHP_SHIFT,POPULATION,CNTY_CITY_LOC,SPECIAL_COND,BEAT_TYPE,CHP_BEAT_TYPE,CITY_DIVISION_LAPD,CHP_BEAT_CLASS,BEAT_NUMBER,PRIMARY_RD,SECONDARY_RD,DISTANCE,DIRECTION,INTERSECTION,WEATHER_1,WEATHER_2,STATE_HWY_IND,CALTRANS_COUNTY,CALTRANS_DISTRICT,STATE_ROUTE,ROUTE_SUFFIX,POSTMILE_PREFIX,POSTMILE,LOCATION_TYPE,RAMP_INTERSECTION,SIDE_OF_HWY,TOW_AWAY,COLLISION_SEVERITY,NUMBER_KILLED,NUMBER_INJURED,PARTY_COUNT,PRIMARY_COLL_FACTOR,PCF_CODE_OF_VIOL,PCF_VIOL_CATEGORY,PCF_VIOLATION,PCF_VIOL_SUBSECTION,HIT_AND_RUN,TYPE_OF_COLLISION,MVIW,PED_ACTION,ROAD_SURFACE,ROAD_COND_1,ROAD_COND_2,LIGHTING,CONTROL_DEVICE,CHP_ROAD_TYPE,PEDESTRIAN_ACCIDENT,BICYCLE_ACCIDENT,MOTORCYCLE_ACCIDENT,TRUCK_ACCIDENT,NOT_PRIVATE_PROPERTY,ALCOHOL_INVOLVED,STWD_VEHTYPE_AT_FAULT,CHP_VEHTYPE_AT_FAULT,COUNT_SEVERE_INJ,COUNT_VISIBLE_INJ,COUNT_COMPLAINT_PAIN,COUNT_PED_KILLED,COUNT_PED_INJURED,COUNT_BICYCLIST_KILLED,COUNT_BICYCLIST_INJURED,COUNT_MC_KILLED,COUNT_MC_INJURED,PRIMARY_RAMP,SECONDARY_RAMP,LATITUDE,LONGITUDE,COUNTY,CITY,POINT_X,POINT_Y
9499048,2022,2022-10-20,0109,2022-07-15,1800,9165,2,5,5,7,0109,0,0,0,,0,26X,"INTERNATIONAL BL","57TH AV",20.00,W,N,A,-,N,,,,,,,,,,N,4,0,1,3,A,-,03,22350,,N,C,C,A,A,H,-,A,A,0,,,,,Y,,A,01,0,0,1,0,0,0,0,0,0,"- ","- ",,,ALAMEDA,OAKLAND,-122.20166778564453,37.766128540039062
9499049,2022,2022-10-20,0109,2022-07-15,1045,8958,2,5,5,7,0109,0,0,0,,0,26X,"76TH AV","SPENCER ST",100.00,N,N,A,-,N,,,,,,,,,,N,3,0,1,3,A,-,08,22107,,N,A,G,A,A,H,-,A,D,0,,Y,Y,,Y,,C,02,0,1,0,0,0,0,1,0,0,"- ","- ",,,ALAMEDA,OAKLAND,-122.19068145751953,37.754341125488281
9499110,2022,2022-10-21,0109,2022-09-06,1945,8347,1,2,5,7,0109,0,0,0,,0,09X,"OAKLAND AV","SANTA CLARA AV",0.00,,Y,A,-,N,,,,,,,,,,N,3,0,2,2,A,-,12,21453,A,N,D,C,A,A,H,-,A,A,0,,,,,Y,,A,01,0,1,1,0,0,0,0,0,0,"- ","- ",,,ALAMEDA,OAKLAND,-122.25344848632812,37.819141387939453
9499274,2022,2022-10-25,0109,2022-10-03,1225,8557,1,1,5,7,0109,0,0,0,,0,04X,"14TH ST","MARTIN LUTHER KING JR",0.00,,Y,A,-,N,,,,,,,,,,N,4,0,1,2,A,-,10,21950,A,N,G,B,B,A,H,-,A,A,0,Y,,,,Y,,A,01,0,0,1,0,1,0,0,0,0,"- ","- ",,,ALAMEDA,OAKLAND,-122.27597045898438,37.806209564208984
9499407,2022,2022-10-24,0109,2022-08-10,1901,9350,2,3,5,7,0109,0,0,0,,0,33X,"INTERNATIONAL BL","96TH AV",0.00,,Y,A,-,N,,,,,,,,,,Y,2,0,1,2,A,-,12,21453,A,N,D,C,A,A,H,-,A,A,0,,,Y,,Y,,D,22,1,0,0,0,0,0,0,0,1,"- ","- ",,,ALAMEDA,OAKLAND,-122.17160797119141,37.745738983154297
9499607,2022,2022-11-03,0109,2022-09-01,2240,9650,2,4,5,7,0109,0,0,0,,0,20X,"23RD AV","E 11TH ST",200.00,S,N,A,-,N,,,,,,,,,,N,3,0,1,2,A,-,12,21453,A,M,B,C,A,A,H,-,C,A,0,,,Y,Y,Y,,F,26,0,1,0,0,0,0,0,0,1,"- ","- ",,,ALAMEDA,OAKLAND,-122.23703765869141,37.779560089111328
9499629,2022,2022-11-08,0109,2022-09-23,1250,9923,2,5,5,7,0109,0,0,0,,0,26Y,"INTERNATIONAL BL","HAVENSCOURT BL",10.00,E,N,A,-,N,,,,,,,,,,N,4,0,1,2,A,-,08,22107,,N,B,C,A,A,H,-,A,A,0,,,,Y,Y,,-,"- ",0,0,1,0,0,0,0,0,0,"- ","- ",,,ALAMEDA,OAKLAND,-122.19286346435547,37.761955261230469
9499659,2022,2022-11-09,0109,2022-10-12,1833,8585,2,3,5,7,0109,0,0,0,,0,30X,"74TH AV","HILLSIDE ST",0.00,,Y,B,-,N,,,,,,,,,,Y,4,0,1,2,A,-,12,22450,A,M,D,C,A,A,H,-,C,A,0,,,,,Y,,A,01,0,0,1,0,0,0,0,0,0,"- ","- ",,,ALAMEDA,OAKLAND,-122.17280578613281,37.767681121826172
9499666,2022,2022-11-14,0109,2022-09-16,0940,10045,1,5,5,7,0109,0,0,0,,0,11X,"TELEGRAPH AV","51ST ST",0.00,,Y,A,-,N,,,,,,,,,,N,3,0,1,2,A,-,03,22350,,N,C,G,A,A,H,-,A,A,0,,Y,,Y,Y,,L,04,0,1,0,0,0,0,1,0,0,"- ","- ",,,ALAMEDA,OAKLAND,-122.26235198974609,37.837207794189453
9499900,2022,2022-11-21,0109,2022-10-25,1131,9381,2,2,5,7,0109,0,0,0,,0,27X,"FOOTHILL BL","55TH AV",155.00,W,N,A,-,N,,,,,,,,,,N,3,0,1,2,A,-,11,21954,A,N,B,B,D,A,H,-,A,B,0,Y,,,,Y,,N,60,0,1,0,0,1,0,0,0,0,"- ","- ",,,ALAMEDA,OAKLAND,-122.19644165039062,37.772617340087891
9500044,2022,2022-10-06,0109,2022-08-20,1400,9736,1,6,5,7,0109,0,0,0,,0,03X,BROADWAY,"12TH ST",0.00,,Y,A,-,N,,,,,,,,,,N,4,0,1,2,A,-,10,21950,A,N,A,B,-,A,H,-,A,A,0,Y,,,,Y,,A,01,0,0,1,0,1,0,0,0,0,"- ","- ",,,ALAMEDA,OAKLAND,-122.27204132080078,37.802932739257812
9500046,2022,2022-09-30,0109,2022-08-05,1456,9960,1,5,5,7,0109,0,0,0,,0,06X,"40TH ST","MARKET ST",0.00,,Y,A,-,N,,,,,,,,,,N,4,0,2,2,A,-,09,21801,A,N,A,C,A,A,H,-,A,A,0,,,,,Y,,A,01,0,0,2,0,0,0,0,0,0,"- ","- ",,,ALAMEDA,OAKLAND,-122.27392578125,37.830635070800781
9500048,2022,2022-09-30,0109,2022-08-29,1723,9985,1,1,5,7,0109,0,0,0,,0,04X,"22ND ST",BROADWAY,1.00,S,N,A,-,N,,,,,,,,,,N,3,0,1,2,A,-,10,21950,A,N,G,B,B,A,H,-,A,A,0,Y,,,,Y,,A,07,0,1,0,0,1,0,0,0,0,"- ","- ",,,ALAMEDA,OAKLAND,-122.26708984375,37.810939788818359
9500121,2022,2023-01-31,0109,2022-07-23,1648,9533,1,6,5,7,0109,0,0,0,,0,05X,"ADELINE ST","W GRAND AV",0.00,,Y,-,-,N,,,,,,,,,,N,4,0,1,2,A,-,"- ",,,N,-,-,A,-,-,-,-,-,0,,,,,Y,,-,99,0,0,1,0,0,0,0,0,0,"- ","- ",,,ALAMEDA,OAKLAND,-122.28397369384766,37.815505981445312
9500128,2022,2022-09-30,0109,2022-07-30,1618,9814,2,6,5,7,0109,0,0,0,,0,27X,"BANCROFT AV","VICKSBURG AV",0.00,,Y,B,-,N,,,,,,,,,,N,4,0,1,2,A,-,12,21453,A,N,D,C,A,A,H,-,A,A,0,,,,,Y,,-,"- ",0,0,1,0,0,0,0,0,0,"- ","- ",,,ALAMEDA,OAKLAND,-122.20308685302734,37.771759033203125
9500129,2022,2022-09-30,0109,2022-07-28,1840,9984,1,4,5,7,0109,0,0,0,,0,14X,"LAKESHORE AV","BEACON ST",0.00,,Y,A,-,N,,,,,,,,,,N,4,0,1,2,A,-,10,21950,A,N,G,B,B,A,H,-,A,A,0,Y,,,,Y,,A,01,0,0,1,0,1,0,0,0,0,"- ","- ",,,ALAMEDA,OAKLAND,-122.24770355224609,37.809062957763672
9500131,2022,2022-09-30,0109,2022-07-30,1155,9968,2,6,5,7,0109,0,0,0,,0,31Y,"85TH AV","EDES AV",0.00,,Y,A,-,N,,,,,,,,,,N,3,0,1,3,A,-,12,22450,A,M,A,C,A,A,H,-,A,A,0,,,,,Y,,A,01,0,1,0,0,0,0,0,0,0,"- ","- ",,,ALAMEDA,OAKLAND,-122.19290161132812,37.739017486572266
9500133,2022,2022-09-30,0109,2022-07-30,1625,9196,2,6,5,7,0109,0,0,0,,0,25X,"MACARTHUR BL","HIGH ST",200.00,W,N,A,-,N,,,,,,,,,,Y,3,0,1,2,A,-,09,21801,A,N,D,C,A,A,H,-,A,D,0,,,,,Y,,A,01,0,1,0,0,0,0,0,0,0,"- ","- ",,,ALAMEDA,OAKLAND,-122.19520568847656,37.787815093994141
9500134,2022,2022-09-30,0109,2022-07-04,2319,8459,1,1,5,7,0109,0,0,0,,0,06X,"MARTIN LUTHER KING JR WY","29TH ST",64.00,S,N,B,-,N,,,,,,,,,,N,4,0,1,2,A,-,21,22106,,M,D,C,A,A,H,-,C,D,0,,,,,Y,,A,01,0,0,1,0,0,0,0,0,0,"- ","- ",,,ALAMEDA,OAKLAND,-122.27123260498047,37.818557739257812
9500165,2022,2022-10-21,0109,2022-06-27,1533,9458,1,1,5,7,0109,0,0,0,,0,09X,"HOWE ST","MACARTHUR BL",700.00,N,N,A,-,N,,,,,,,,,,N,4,0,1,2,A,-,08,22107,,N,D,C,A,A,H,-,A,D,0,,,,,Y,,A,01,0,0,1,0,0,0,0,0,0,"- ","- ",,,ALAMEDA,OAKLAND,-122.25568389892578,37.825138092041016
9500664,2022,2022-10-12,0109,2022-05-01,0018,9842,2,7,5,7,0109,0,0,0,,0,32X,"INTERNATIONAL BL","103RD AV",121.00,W,N,-,-,N,,,,,,,,,,N,2,0,1,2,A,-,11,21954,A,N,G,B,D,A,H,-,C,A,0,Y,,,,Y,,N,60,1,0,0,0,1,0,0,0,0,"- ","- ",,,ALAMEDA,OAKLAND,-122.16815185546875,37.741214752197266
9500674,2022,2022-10-13,0109,2022-05-21,2131,9727,2,6,5,7,0109,0,0,0,,0,33X,"LAWLOR ST","90TH AV",100.00,E,N,A,-,N,,,,,,,,,,N,3,0,1,3,A,-,03,22350,,N,B,E,A,A,H,-,C,D,0,,,,,Y,,A,01,0,1,0,0,0,0,0,0,0,"- ","- ",,,ALAMEDA,OAKLAND,-122.15908813476562,37.755626678466797
9500676,2022,2022-10-13,0109,2022-05-05,1515,9113,2,4,5,7,0109,0,0,0,,0,25X,"QUIGLEY ST","39TH AV",100.00,E,N,A,-,N,,,,,,,,,,N,4,0,1,2,A,-,08,22107,,M,B,C,A,A,H,-,A,A,0,,,,,Y,,A,01,0,0,1,0,0,0,0,0,0,"- ","- ",,,ALAMEDA,OAKLAND,-122.19902038574219,37.789054870605469
9502701,2022,2022-09-19,0109,2022-05-24,1208,9948,2,2,5,7,0109,0,0,0,,0,23X,"E 12TH ST","35TH AV",0.00,,Y,A,-,N,,,,,,,,,,N,4,0,1,2,A,-,11,21954,A,N,G,B,C,A,H,-,A,A,0,Y,,,,Y,,N,60,0,0,1,0,1,0,0,0,0,"- ","- ",,,ALAMEDA,OAKLAND,-122.22307586669922,37.775592803955078
9502720,2022,2022-09-16,0109,2022-05-18,1845,9169,1,3,5,7,0109,0,0,0,,0,03X,"12TH ST","CASTRO ST",0.00,,Y,A,-,N,,,,,,,,,,N,2,0,1,2,A,-,12,21453,A,N,D,G,A,A,H,-,A,A,0,,Y,,,Y,,L,04,1,0,0,0,0,0,1,0,0,"- ","- ",,,ALAMEDA,OAKLAND,-122.27799987792969,37.805255889892578
9502727,2022,2022-09-16,0109,2022-06-04,1935,9275,2,6,5,7,0109,0,0,0,,0,33X,"98TH AV","D ST",0.00,,Y,B,-,N,,,,,,,,,,N,4,0,2,2,A,-,04,21703,,N,C,C,A,A,-,-,B,A,0,,,,,Y,,A,01,0,0,2,0,0,0,0,0,0,"- ","- ",,,ALAMEDA,OAKLAND,-122.17568206787109,37.741931915283203
9502729,2022,2022-09-16,0109,2022-06-23,1631,9924,1,4,5,7,0109,0,0,0,,0,03X,"MADISON ST","12TH ST",12.00,S,N,A,-,N,,,,,,,,,,N,3,0,1,2,A,-,11,21954,A,N,A,B,D,A,H,-,A,A,0,Y,,,,Y,,N,60,0,1,0,0,1,0,0,0,0,"- ","- ",,,ALAMEDA,OAKLAND,-122.26493072509766,37.80010986328125
9502731,2022,2022-09-16,0109,2022-06-04,1550,9275,2,6,5,7,0109,0,0,0,,0,32X,"FOOTHILL BL","105TH AV",0.00,,Y,B,-,N,,,,,,,,,,N,4,0,1,2,A,-,12,21453,A,M,D,C,A,A,-,-,A,A,0,,,,,Y,,A,01,0,0,1,0,0,0,0,0,0,"- ","- ",,,ALAMEDA,OAKLAND,,
9503033,2022,2022-09-19,0109,2022-02-02,1142,8295,2,3,5,7,0109,0,0,0,,0,30X,"BANCROFT AV","66TH AV",35.00,E,N,A,-,N,,,,,,,,,,N,4,0,1,2,A,-,21,22106,,N,B,C,A,A,H,-,A,-,0,,,,,Y,,A,01,0,0,1,0,0,0,0,0,0,"- ","- ",,,ALAMEDA,OAKLAND,-122.18314361572266,37.769763946533203
9503034,2022,2022-09-19,0109,2022-02-27,1604,9975,1,7,5,7,0109,0,0,0,,0,08X,BROADWAY,"30TH ST",6.00,S,N,A,-,N,,,,,,,,,,N,4,0,1,2,A,-,10,21950,A,N,G,B,B,A,H,-,A,A,0,Y,,,,Y,,A,01,0,0,1,0,1,0,0,0,0,"- ","- ",,,ALAMEDA,OAKLAND,-122.26236724853516,37.818584442138672
9503038,2022,2022-09-19,0109,2022-02-20,1636,9975,1,7,5,7,0109,0,0,0,,0,12X,BROADWAY,"42ND ST",0.00,,Y,A,-,N,,,,,,,,,,Y,3,0,2,2,A,-,12,21453,A,N,D,C,A,A,H,-,A,A,0,,,,,Y,,A,01,0,1,1,0,0,0,0,0,0,"- ","- ",,,ALAMEDA,OAKLAND,-122.25437927246094,37.83123779296875
9503690,2022,2022-09-23,0109,2022-04-06,1123,8611,2,3,5,7,0109,0,0,0,,0,34X,"BANCROFT AV","88TH AV",0.00,,Y,A,-,N,,,,,,,,,,Y,4,0,5,2,A,-,09,21801,A,M,D,C,A,A,H,-,A,D,0,,,,,Y,,A,01,0,0,5,0,0,0,0,0,0,"- ","- ",,,ALAMEDA,OAKLAND,-122.16688537597656,37.754989624023438
9504156,2022,2022-11-08,0109,2022-04-22,0700,9733,1,5,5,7,0109,0,0,0,,0,04X,"TELEGRAPH AV","20TH ST",0.00,,Y,A,C,N,,,,,,,,,,N,1,1,0,2,A,-,10,21950,A,N,G,B,B,B,H,-,A,A,0,Y,,,,Y,,A,01,0,0,0,1,0,0,0,0,0,"- ","- ",,,ALAMEDA,OAKLAND,-122.26958465576172,37.809532165527344
9504703,2022,2022-11-01,0109,2022-07-08,0553,9954,1,5,5,7,0109,0,0,0,,0,03X,"12TH ST","HARRISON ST",0.00,,Y,A,-,N,,,,,,,,,,N,4,0,1,2,A,-,12,21453,A,N,D,C,A,A,H,-,A,A,0,,,,,Y,,-,"- ",0,0,1,0,0,0,0,0,0,"- ","- ",,,ALAMEDA,OAKLAND,-122.26846313476562,37.801548004150391
9504707,2022,2022-10-26,0109,2022-07-16,1153,9969,2,6,5,7,0109,0,0,0,,0,23X,"HIGH ST","HOWARD ST",0.00,,Y,A,-,N,,,,,,,,,,Y,4,0,2,2,A,-,09,21801,A,N,D,C,A,A,H,-,A,A,0,,,,,Y,,A,01,0,0,2,0,0,0,0,0,0,"- ","- ",,,ALAMEDA,OAKLAND,-122.22209930419922,37.766880035400391
9504711,2022,2022-10-26,0109,2022-07-22,1751,10010,1,5,5,7,0109,0,0,0,,0,16X,"MANDANA BL","LAKESHORE BL",0.00,,Y,A,-,N,,,,,,,,,,N,4,0,1,2,A,-,10,21950,A,N,G,B,B,A,H,-,A,A,0,Y,,,,Y,,A,01,0,0,1,0,1,0,0,0,0,"- ","- ",,,ALAMEDA,OAKLAND,-122.24254608154297,37.811717987060547
9504743,2022,2022-11-03,0109,2022-06-04,2305,10005,2,6,5,7,0109,0,0,0,,0,21X,"23RD AV","E 21ST ST",0.00,,Y,A,-,N,,,,,,,,,,N,4,0,1,3,A,-,12,21453,A,M,D,C,A,A,H,-,C,A,0,,,,,Y,,-,,0,0,1,0,0,0,0,0,0,"- ","- ",,,ALAMEDA,OAKLAND,-122.23168182373047,37.788715362548828
9504780,2022,2022-10-31,0109,2022-06-01,1618,9872,2,3,5,7,0109,0,0,0,,0,35X,"BANCROFT AV","96TH AV",20.00,E,N,A,-,N,,,,,,,,,,N,4,0,1,2,A,-,03,22350,,N,C,C,A,A,H,-,A,D,0,,,,,Y,,A,01,0,0,1,0,0,0,0,0,0,"- ","- ",,,ALAMEDA,OAKLAND,-122.16297149658203,37.749721527099609
9504782,2022,2022-10-31,0109,2022-06-10,1810,9516,1,5,5,7,0109,0,0,0,,0,03X,"14TH ST","HARRISON ST",0.00,,Y,A,-,N,,,,,,,,,,N,3,0,1,2,A,-,08,22107,,M,B,C,A,A,H,-,A,A,0,,,Y,,Y,,A,01,0,1,0,0,0,0,0,0,1,"- ","- ",,,ALAMEDA,OAKLAND,-122.26760101318359,37.802906036376953
9504784,2022,2022-10-31,0109,2022-06-03,1653,9872,2,5,5,7,0109,0,0,0,,0,33X,"98TH AV","C ST",0.00,,Y,A,-,N,,,,,,,,,,N,4,0,1,2,A,-,03,22350,,M,D,C,A,A,H,-,A,D,0,,,,,Y,,A,01,0,0,1,0,0,0,0,0,0,"- ","- ",,,ALAMEDA,OAKLAND,-122.17478942871094,37.742347717285156
9505404,2022,2022-11-22,0109,2022-07-28,1009,9960,1,4,5,7,0109,0,0,0,,0,06X,"NORTHGATE AV","27TH ST",0.00,,Y,A,-,N,,,,,,,,,,N,4,0,2,2,A,-,12,21453,A,N,D,C,A,A,H,-,A,A,0,,,,,Y,,D,22,0,0,2,0,0,0,0,0,0,"- ","- ",,,ALAMEDA,OAKLAND,-122.26984405517578,37.816471099853516
9505436,2022,2022-10-31,0109,2022-06-07,1347,9638,1,2,5,7,0109,0,0,0,,0,05X,"20TH ST","WILLOW ST",80.00,W,N,A,-,N,,,,,,,,,,N,2,0,1,2,A,-,03,22350,,F,A,C,A,A,H,-,A,D,0,,,,,Y,,A,07,1,0,0,0,0,0,0,0,0,"- ","- ",,,ALAMEDA,OAKLAND,-122.29350280761719,37.81683349609375
9507149,2022,2022-11-29,0109,2022-07-30,1200,9914,2,6,5,7,0109,0,0,0,,0,32X,"INTERNATIONAL BL","106TH AV",150.00,E,N,A,-,N,,,,,,,,,,N,4,0,1,2,A,-,10,21950,A,N,G,B,C,A,H,-,A,A,0,Y,,,,Y,,D,22,0,0,1,0,1,0,0,0,0,"- ","- ",,,ALAMEDA,OAKLAND,-122.16600799560547,37.738258361816406
9507161,2022,2022-10-31,0109,2022-09-15,1720,9173,1,4,5,7,0109,0,0,0,,0,10X,"MARTIN LUTHER KING JR WY","45TH ST",0.00,,Y,A,-,N,,,,,,,,,,Y,3,0,2,3,A,-,12,21453,A,N,D,C,A,A,-,-,A,A,0,,,,,Y,,A,07,0,1,1,0,0,0,0,0,0,"- ","- ",,,ALAMEDA,OAKLAND,-122.26744842529297,37.833568572998047
9507240,2022,2022-10-21,0109,2022-08-18,2318,9942,1,4,5,7,0109,0,0,0,,0,14X,"LAKE PARK AV","WALKER AV",0.00,,Y,A,-,N,,,,,,,,,,N,4,0,1,1,A,-,03,22350,,F,A,I,A,A,H,-,C,A,0,,,,,Y,,A,07,0,0,1,0,0,0,0,0,0,"- ","- ",,,ALAMEDA,OAKLAND,-122.24765777587891,37.811176300048828
9508611,2022,2022-10-25,0109,2022-05-10,1635,9115,1,2,5,7,0109,0,0,0,,0,13Y,BROADWAY,"CALDECOTT LN",5280.00,W,N,A,-,N,,,,,,,,,,N,4,0,2,2,A,-,08,22107,,N,F,C,A,A,H,-,A,D,0,,,,,Y,,A,01,0,0,2,0,0,0,0,0,0,"- ","- ",,,ALAMEDA,OAKLAND,-122.2171630859375,37.854759216308594
9508614,2022,2022-10-24,0109,2022-06-30,1727,9924,1,4,5,7,0109,0,0,0,,0,05X,"W GRAND AV","POPLAR ST",100.00,W,N,A,-,N,,,,,,,,,,N,3,0,1,1,A,-,03,22350,,N,E,I,A,A,A,B,A,A,0,,,Y,,Y,,C,02,0,1,0,0,0,0,0,0,1,"- ","- ",,,ALAMEDA,OAKLAND,-122.28744506835938,37.816303253173828
9512265,2022,2022-10-20,0109,2022-08-19,0950,8681,2,5,5,7,0109,0,0,0,,0,29X,"MACARTHUR BL","55TH AV",0.00,,Y,A,-,N,,,,,,,,,,N,4,0,1,3,A,-,12,21453,A,M,D,C,A,A,H,-,A,A,0,,,,,Y,,A,07,0,0,1,0,0,0,0,0,0,"- ","- ",,,ALAMEDA,OAKLAND,-122.18800354003906,37.777824401855469
9512486,2022,2022-11-03,0109,2022-04-21,1608,9515,2,4,5,7,0109,0,0,0,,0,32X,"RT 580","STANLEY AV",15.00,N,N,A,-,Y,ALA,4,580,-,R,35.961,R,1,E,Y,4,0,1,2,A,-,03,22350,,M,C,C,A,A,H,-,A,A,0,,,,,Y,Y,A,01,0,0,1,0,0,0,0,0,0,EF,"- ",,,ALAMEDA,OAKLAND,-122.15065765380859,37.748210906982422
9513094,2022,2022-10-31,0109,2022-01-04,2013,9516,1,2,5,7,0109,0,0,0,,0,06X,"WEST ST","31ST ST",2.00,S,N,A,-,N,,,,,,,,,,N,3,0,2,2,A,-,03,22350,,N,C,C,A,B,-,-,C,B,0,,,,,Y,,A,01,0,2,0,0,0,0,0,0,0,"- ","- ",,,ALAMEDA,OAKLAND,-122.27330780029297,37.82098388671875
9513095,2022,2022-10-31,0109,2022-01-23,1921,9916,2,7,5,7,0109,0,0,0,,0,27X,"FOOTHILL RD","48TH AV",0.00,,Y,A,-,N,,,,,,,,,,N,4,0,1,2,A,-,10,21950,A,M,D,B,-,A,H,-,C,A,0,Y,,,,Y,,-,99,0,0,1,0,1,0,0,0,0,"- ","- ",,,ALAMEDA,OAKLAND,-122.2076416015625,37.772739410400391
9513869,2022,2022-11-07,0109,2022-09-11,0422,9954,1,7,5,7,0109,0,0,0,,0,08X,"GRAND AV","HARRISON ST",0.00,,Y,A,-,N,,,,,,,,,,N,4,0,2,2,A,-,12,21453,A,N,D,C,A,A,H,-,C,A,0,,,,,Y,,A,01,0,0,2,0,0,0,0,0,0,"- ","- ",,,ALAMEDA,OAKLAND,-122.26245880126953,37.810909271240234
9513870,2022,2022-11-07,0109,2022-09-30,2153,10041,2,5,5,7,0109,0,0,0,,0,31Y,"98TH AV","AIRPORT ACCESS RD",0.00,,Y,A,-,N,,,,,,,,,,N,4,0,2,2,A,-,09,21801,A,N,D,C,A,A,H,-,C,A,0,,,,,Y,,A,01,0,0,2,0,0,0,0,0,0,"- ","- ",,,ALAMEDA,OAKLAND,-122.19868469238281,37.727676391601562
9513871,2022,2022-11-07,0109,2022-09-06,0827,10044,2,2,5,7,0109,0,0,0,,0,22X,"PARK BL","ESTATES DR",0.00,,Y,A,-,N,,,,,,,,,,Y,4,0,2,2,A,-,09,21802,A,N,D,C,A,A,H,-,A,A,0,,,,,Y,,A,01,0,0,2,0,0,0,0,0,0,"- ","- ",,,ALAMEDA,OAKLAND,-122.21369934082031,37.813861846923828
9513872,2022,2022-11-07,0109,2022-09-12,2123,9944,2,1,5,7,0109,0,0,0,,0,23X,"FRUITVALE AV","FOOTHILL BL",30.00,N,N,A,-,N,,,,,,,,,,N,4,0,1,2,A,-,09,21801,A,N,D,C,A,A,H,-,C,A,0,,,,,Y,,A,01,0,0,1,0,0,0,0,0,0,"- ","- ",,,ALAMEDA,OAKLAND,-122.22271728515625,37.783828735351562
9513873,2022,2022-11-28,0109,2022-09-24,0042,9851,2,6,5,7,0109,0,0,0,,0,29X,"MACARTHUR BL","64TH AV",5.00,N,N,A,-,N,,,,,,,,,,N,4,0,1,2,A,-,08,22107,,N,B,C,A,A,H,-,C,B,0,,,,,Y,,-,,0,0,1,0,0,0,0,0,0,"- ","- ",,,ALAMEDA,OAKLAND,-122.17969512939453,37.773910522460938
9516066,2022,2022-12-15,0109,2022-11-03,1157,9929,1,4,5,7,0109,0,0,0,,0,07X,"36TH ST","SAN PABLO AV",0.00,,Y,A,-,N,,,,,,,,,,N,3,0,1,2,A,-,10,21950,A,F,G,B,B,A,H,-,A,A,0,Y,,,,Y,,A,07,0,1,0,0,1,0,0,0,0,"- ","- ",,,ALAMEDA,OAKLAND,-122.27863311767578,37.827037811279297
9516069,2022,2022-12-15,0109,2022-11-05,1408,9742,1,6,5,7,0109,0,0,0,,0,07X,"SAN PABLO AV","34TH ST",0.00,,Y,A,-,N,,,,,,,,,,N,4,0,1,2,A,-,09,21802,A,N,D,C,A,A,H,-,A,A,0,,,,,Y,,A,01,0,0,1,0,0,0,0,0,0,"- ","- ",,,ALAMEDA,OAKLAND,-122.27803802490234,37.825145721435547
9516070,2022,2022-12-15,0109,2022-11-03,1555,9889,1,4,5,7,0109,0,0,0,,0,07X,"HOLLIS ST","MANDELA PKWY",0.00,,Y,A,-,N,,,,,,,,,,N,3,0,2,2,A,-,09,21802,A,N,D,C,A,A,H,-,A,D,0,,,,,Y,,A,01,0,1,1,0,0,0,0,0,0,"- ","- ",,,ALAMEDA,OAKLAND,,
9516071,2022,2022-12-15,0109,2022-11-02,0904,9381,2,3,5,7,0109,0,0,0,,0,20X,"E 12TH ST","DERBY AV",0.00,,Y,A,-,N,,,,,,,,,,N,4,0,1,2,A,-,09,21453,C,N,D,C,A,A,H,-,A,A,0,,,,,Y,,A,01,0,0,1,0,0,0,0,0,0,"- ","- ",,,ALAMEDA,OAKLAND,-122.22837066650391,37.777023315429688
9516072,2022,2022-12-15,0109,2022-11-01,0946,8824,2,2,5,7,0109,0,0,0,,0,35X,"82ND AV",DOWLING,60.00,N,N,B,-,N,,,,,,,,,,N,4,0,1,5,A,-,03,22350,,N,B,C,A,B,H,-,B,D,0,,,,,Y,,A,01,0,0,1,0,0,0,0,0,0,"- ","- ",,,ALAMEDA,OAKLAND,-122.16889953613281,37.76080322265625
9516074,2022,2022-12-15,0109,2022-11-03,1839,10025,2,4,5,7,0109,0,0,0,,0,26X,"HIGH ST","COLISEUM WY",300.00,N,N,F,-,N,,,,,,,,,,N,4,0,1,2,A,-,08,22100,5,N,D,C,A,A,H,-,B,D,0,,,Y,,Y,Y,A,01,0,0,1,0,0,0,0,0,1,"- ","- ",,,ALAMEDA,OAKLAND,-122.21919250488281,37.769073486328125
9516101,2022,2022-12-14,0109,2022-10-07,1800,9377,1,5,5,7,0109,0,0,0,,0,19X,"INTERNATIONAL BL","4TH AV",0.00,,Y,A,-,N,,,,,,,,,,Y,3,0,1,2,A,-,06,21750,,M,B,C,A,A,H,-,A,A,0,,,Y,,Y,,C,02,0,1,0,0,0,0,0,0,1,"- ","- ",,,ALAMEDA,OAKLAND,-122.25466156005859,37.796482086181641