CASE_ID,ACCIDENT_YEAR,PROC_DATE,JURIS,COLLISION_DATE,COLLISION_TIME,OFFICER_ID,REPORTING_DISTRICT,DAY_OF_WEEK,CHP_SHIFT,POPULATION,CNTY_CITY_LOC,SPECIAL_COND,BEAT_TYPE,CHP_BEAT_TYPE,CITY_DIVISION_LAPD,CHP_BEAT_CLASS,BEAT_NUMBER,PRIMARY_RD,SECONDARY_RD,DISTANCE,DIRECTION,INTERSECTION,WEATHER_1,WEATHER_2,STATE_HWY_IND,CALTRANS_COUNTY,CALTRANS_DISTRICT,STATE_ROUTE,ROUTE_SUFFIX,POSTMILE_PREFIX,POSTMILE,LOCATION_TYPE,RAMP_INTERSECTION,SIDE_OF_HWY,TOW_AWAY,COLLISION_SEVERITY,NUMBER_KILLED,NUMBER_INJURED,PARTY_COUNT,PRIMARY_COLL_FACTOR,PCF_CODE_OF_VIOL,PCF_VIOL_CATEGORY,PCF_VIOLATION,PCF_VIOL_SUBSECTION,HIT_AND_RUN,TYPE_OF_COLLISION,MVIW,PED_ACTION,ROAD_SURFACE,ROAD_COND_1,ROAD_COND_2,LIGHTING,CONTROL_DEVICE,CHP_ROAD_TYPE,PEDESTRIAN_ACCIDENT,BICYCLE_ACCIDENT,MOTORCYCLE_ACCIDENT,TRUCK_ACCIDENT,NOT_PRIVATE_PROPERTY,ALCOHOL_INVOLVED,STWD_VEHTYPE_AT_FAULT,CHP_VEHTYPE_AT_FAULT,COUNT_SEVERE_INJ,COUNT_VISIBLE_INJ,COUNT_COMPLAINT_PAIN,COUNT_PED_KILLED,COUNT_PED_INJURED,COUNT_BICYCLIST_KILLED,COUNT_BICYCLIST_INJURED,COUNT_MC_KILLED,COUNT_MC_INJURED,PRIMARY_RAMP,SECONDARY_RAMP,LATITUDE,LONGITUDE,COUNTY,CITY,POINT_X,POINT_Y
9516104,2022,2022-12-14,0109,2022-10-21,0830,10043,1,5,5,7,0109,0,0,0,,0,01X,"47TH ST","SHATTUCK AV",0.00,,Y,A,-,N,,,,,,,,,,N,4,0,1,2,A,-,10,21950,A,M,G,B,B,A,H,-,A,C,0,Y,,,,Y,,A,07,0,0,1,0,1,0,0,0,0,"- ","- ",,,ALAMEDA,OAKLAND,-122.26374053955078,37.834442138671875
9516105,2022,2022-12-14,0109,2022-10-01,1917,10017,2,6,5,7,0109,0,0,0,,0,31Z,"105TH AV","PIPPIN ST",0.00,,Y,A,-,N,,,,,,,,,,N,3,0,3,3,A,-,12,22450,A,F,D,C,A,A,H,-,C,A,0,,,,,Y,,A,01,0,2,1,0,0,0,0,0,0,"- ","- ",,,ALAMEDA,OAKLAND,-122.17591857910156,37.7349853515625
9516201,2022,2022-12-08,0109,2022-02-20,0047,9860,1,7,5,7,0109,0,0,0,,0,06X,"35TH ST","MARKET ST",0.00,,Y,A,-,N,,,,,,,,,,Y,4,0,1,2,A,-,01,23152,A,N,B,C,A,A,H,-,C,A,0,,,,,Y,Y,A,01,0,0,1,0,0,0,0,0,0,"- ","- ",,,ALAMEDA,OAKLAND,-122.27519989013672,37.825550079345703
9516696,2022,2022-12-13,0109,2022-10-20,1707,9350,2,4,5,7,0109,0,0,0,,0,31Y,"98TH AV","MADDUX AV",0.00,,Y,A,-,N,,,,,,,,,,N,4,0,3,2,A,-,09,21801,A,N,D,C,A,A,H,-,A,A,0,,,,,Y,,A,01,0,0,3,0,0,0,0,0,0,"- ","- ",,,ALAMEDA,OAKLAND,-122.18408203125,37.735000610351562
9516903,2022,2022-12-15,0109,2022-06-13,1935,9962,1,1,5,7,0109,0,0,0,,0,19X,"22ND AV","INTERNATIONAL BL",0.00,,Y,A,-,N,,,,,,,,,,N,4,0,1,2,A,-,08,22107,,F,D,C,A,A,H,-,A,A,0,,,,,Y,Y,-,99,0,0,1,0,0,0,0,0,0,"- ","- ",,,ALAMEDA,OAKLAND,-122.23787689208984,37.784591674804688
9516909,2022,2022-12-15,0109,2022-09-20,0943,10044,2,2,5,7,0109,0,0,0,,0,26Y,"INTERNATIONAL BL","57TH AV",5.00,W,N,A,-,N,,,,,,,,,,Y,4,0,1,2,A,-,08,22107,,N,C,C,A,A,H,-,A,A,0,,,,,Y,,A,08,0,0,1,0,0,0,0,0,0,"- ","- ",,,ALAMEDA,OAKLAND,-122.20162200927734,37.766105651855469
9516910,2022,2022-12-15,0109,2022-09-27,0515,9995,2,2,5,7,0109,0,0,0,,0,26X,"SEMINARY AV","INTERNATIONAL BL",0.00,,Y,A,-,N,,,,,,,,,,N,4,0,1,2,A,-,12,21453,A,N,D,G,A,A,H,-,C,A,0,,Y,,,Y,,-,"- ",0,0,1,0,0,0,1,0,0,"- ","- ",,,ALAMEDA,OAKLAND,-122.19956207275391,37.765087127685547
9516912,2022,2022-12-15,0109,2022-09-20,0845,10044,2,2,5,7,0109,0,0,0,,0,21Y,"E 23RD ST","FRUITVALE AV",10.00,S,N,A,-,N,,,,,,,,,,N,3,0,1,2,A,-,08,22107,,N,H,C,A,A,H,-,A,A,0,,,Y,,Y,,C,02,0,1,0,0,0,0,0,0,1,"- ","- ",,,ALAMEDA,OAKLAND,-122.22203826904297,37.785415649414062
9518716,2022,2023-01-26,0109,2022-11-05,0242,9879,2,6,5,7,0109,0,0,0,,0,32Y,"THERMAL ST",98TH,0.00,,Y,C,-,N,,,,,,,,,,Y,4,0,1,2,A,-,09,21802,A,N,D,C,A,B,H,-,C,D,0,,,,,Y,,A,01,0,0,1,0,0,0,0,0,0,"- ","- ",,,ALAMEDA,OAKLAND,-122.15795135498047,37.750339508056641
9518995,2022,2023-03-08,0109,2022-11-17,1744,10036,2,4,5,7,0109,0,0,0,,0,33X,"INTERNATIONAL BL","94TH AV",80.00,E,N,A,-,N,,,,,,,,,,Y,4,0,2,5,A,-,08,22107,,N,B,E,F,A,H,-,C,A,0,Y,,,,Y,,-,,0,0,2,0,1,0,0,0,0,"- ","- ",,,ALAMEDA,OAKLAND,-122.17250061035156,37.746959686279297
9518997,2022,2023-02-02,0109,2022-11-12,1726,9962,2,6,5,7,0109,0,0,0,,0,21X,"FRUITVALE AV","BROODALE AV",150.00,S,N,A,-,N,,,,,,,,,,N,4,0,1,2,A,-,11,21954,A,N,G,B,D,A,H,-,B,D,0,Y,,,,Y,,N,60,0,0,1,0,1,0,0,0,0,"- ","- ",,,ALAMEDA,OAKLAND,-122.21920776367188,37.792667388916016
9518998,2022,2023-02-02,0109,2022-11-15,0824,10071,1,2,5,7,0109,0,0,0,,0,19X,"MACARTHUR BL","ATHOL AV",0.00,,Y,A,-,N,,,,,,,,,,N,4,0,1,2,A,-,10,21950,A,N,G,B,B,A,H,-,A,D,0,Y,,,,Y,,A,01,0,0,1,0,1,0,0,0,0,"- ","- ",,,ALAMEDA,OAKLAND,-122.24131011962891,37.806983947753906
9518999,2022,2023-02-02,0109,2022-11-19,0005,9945,2,6,5,7,0109,0,0,0,,0,30Y,"MACARTHUR BL","78TH AV",30.00,E,N,A,-,N,,,,,,,,,,N,2,0,2,4,A,-,01,23152,A,F,C,E,E,A,H,-,C,A,0,Y,,,,Y,Y,A,01,1,0,1,0,1,0,0,0,0,"- ","- ",,,ALAMEDA,OAKLAND,-122.16820526123047,37.766487121582031
9519001,2022,2023-02-02,0109,2022-11-24,0110,8742,1,4,5,7,0109,0,0,0,,0,05X,"W GRAND AV","MARKET ST",2100.00,E,N,A,-,N,,,,,,,,,,N,4,0,1,2,A,-,08,22107,,M,B,B,E,A,H,-,C,D,0,Y,,,,Y,,-,99,0,0,1,0,1,0,0,0,0,"- ","- ",,,ALAMEDA,OAKLAND,-122.27194976806641,37.812339782714844
9519002,2022,2023-02-02,0109,2022-11-26,1741,9727,2,6,5,7,0109,0,0,0,,0,31X,"98TH AV","RAILROAD AV",20.00,N,N,A,-,N,,,,,,,,,,N,4,0,2,4,A,-,03,22350,,N,C,C,A,A,H,-,C,A,0,,,,,Y,,A,01,0,0,2,0,0,0,0,0,0,"- ","- ",,,ALAMEDA,OAKLAND,-122.18175506591797,37.737678527832031
9519003,2022,2023-02-02,0109,2022-11-26,1951,9727,2,6,5,7,0109,0,0,0,,0,32X,"FOOTHILL BL","108TH AV",20.00,E,N,A,-,N,,,,,,,,,,N,3,0,2,3,A,-,03,22350,,N,B,C,A,A,H,-,C,D,0,,,Y,,Y,,C,02,0,1,1,0,0,0,0,0,1,"- ","- ",,,ALAMEDA,OAKLAND,-122.14717864990234,37.743171691894531
9519004,2022,2023-02-02,0109,2022-11-05,1628,9944,2,6,5,7,0109,0,0,0,,0,24X,"HIGH ST","BROOKDALE AV",20.00,S,N,C,-,N,,,,,,,,,,N,4,0,1,3,A,-,08,22107,,M,C,E,A,B,H,-,A,A,0,,,,,Y,,A,01,0,0,1,0,0,0,0,0,0,"- ","- ",,,ALAMEDA,OAKLAND,-122.20420074462891,37.782497406005859
9519005,2022,2023-02-02,0109,2022-11-19,1656,9996,1,6,5,7,0109,0,0,0,,0,19X,"21ST AV","INTERNATIONAL BL",0.00,,Y,A,-,N,,,,,,,,,,N,4,0,1,3,A,-,12,21453,A,F,D,C,A,A,H,-,B,A,0,,,,,Y,,-,"- ",0,0,1,0,0,0,0,0,0,"- ","- ",,,ALAMEDA,OAKLAND,-122.23890686035156,37.785186767578125
9519352,2022,2023-02-22,0109,2022-02-18,1307,9867,2,5,5,7,0109,0,0,0,,0,20X,"FRUITVALE AV","ALAMEDA AV",100.00,S,N,A,-,N,,,,,,,,,,N,1,1,2,3,A,-,03,22350,,N,C,C,A,A,H,-,A,A,0,,,,,Y,Y,A,01,0,0,2,0,0,0,0,0,0,"- ","- ",,,ALAMEDA,OAKLAND,-122.22994995117188,37.769351959228516
9520181,2022,2023-03-06,0109,2022-02-01,2136,8483,2,2,5,7,0109,0,0,0,,0,30X,"RT 185","79TH AV",40.00,N,N,A,-,Y,ALA,4,185,-,-,8.330,H,-,S,Y,1,2,2,3,A,-,05,21460,A,F,A,C,A,A,H,-,C,A,0,,,,,Y,,A,01,0,1,1,0,0,0,0,0,0,"- ","- ",,,ALAMEDA,OAKLAND,-122.18173980712891,37.756614685058594
9520271,2022,2023-01-25,0109,2022-10-17,0700,8958,2,1,5,7,0109,0,0,0,,0,26X,"69TH AV","SAN LEANDRO ST",0.00,,Y,A,-,N,,,,,,,,,,Y,1,1,0,2,A,-,12,21453,A,N,D,C,A,A,H,-,A,A,0,,,,,Y,,A,01,0,0,0,0,0,0,0,0,0,"- ","- ",,,ALAMEDA,OAKLAND,-122.19889068603516,37.755153656005859
9520453,2022,2023-02-22,0109,2022-03-19,0040,9372,2,6,5,7,0109,0,0,0,,0,34X,"INTERNATIONAL BL","89TH AV",130.00,E,N,A,-,N,,,,,,,,,,N,1,1,0,2,A,-,11,21954,A,F,G,B,D,A,H,-,C,A,0,Y,,,,Y,,N,60,0,0,0,1,0,0,0,0,0,"- ","- ",,,ALAMEDA,OAKLAND,-122.17487335205078,37.750152587890625
9520492,2022,2023-05-10,0109,2022-03-16,2047,9372,2,3,5,7,0109,0,0,0,,0,26Y,"76TH AV","RUDSDALE ST",0.00,,Y,A,-,N,,,,,,,,,,Y,1,2,1,4,A,-,01,23152,F,F,D,C,A,A,H,-,C,A,0,,,,,Y,,A,01,1,0,0,0,0,0,0,0,0,"- ","- ",,,ALAMEDA,OAKLAND,-122.18737030029297,37.756431579589844
9520674,2022,2023-06-28,0109,2022-10-03,2147,9689,2,1,5,7,0109,0,0,0,,0,26Y,"HEGENBERGER RD","HAMILTON ST",350.00,S,N,B,-,N,,,,,,,,,,Y,1,1,0,2,A,-,11,21954,A,F,G,B,C,A,H,-,C,D,0,Y,,,,Y,,N,60,0,0,0,1,0,0,0,0,0,"- ","- ",,,ALAMEDA,OAKLAND,-122.19130706787109,37.755832672119141
9520718,2022,2023-07-10,0109,2022-05-31,1733,8483,2,2,5,7,0109,0,0,0,,0,19X,"16TH AV","INTERNATIONAL BL",3.00,N,N,A,-,N,,,,,,,,,,N,1,1,0,2,A,-,10,21950,A,F,G,B,B,A,H,-,A,A,0,Y,,,,Y,,A,07,0,0,0,1,0,0,0,0,0,"- ","- ",,,ALAMEDA,OAKLAND,-122.24416351318359,37.788345336914062
9520740,2022,2023-07-12,0109,2022-12-20,0044,9689,1,2,5,7,0109,0,0,0,,0,13Y,"GRIZZLY PEAK BL","FISH RANCH RD",3696.00,W,N,A,-,N,,,,,,,,,,Y,1,1,1,1,A,-,01,23152,A,N,F,I,A,A,H,-,D,D,0,,,,,Y,Y,A,07,0,0,1,0,0,0,0,0,0,"- ","- ",,,ALAMEDA,OAKLAND,-122.21950531005859,37.863582611083984
9522870,2022,2023-01-24,0109,2022-11-01,0114,9811,2,2,5,7,0109,0,0,0,,0,33X,"85TH AV","INTERNATIONAL BL",0.00,,Y,A,-,N,,,,,,,,,,N,4,0,2,2,A,-,12,21453,A,N,A,C,A,A,H,-,C,A,0,,,,,Y,,-,"- ",0,0,2,0,0,0,0,0,0,"- ","- ",,,ALAMEDA,OAKLAND,-122.17720031738281,37.753299713134766
9522966,2022,2023-01-03,0109,2022-11-26,0239,9517,2,6,5,7,0109,0,0,0,,0,29X,"SEMINARY AV","MACARTHUR BL",0.00,,Y,A,-,N,,,,,,,,,,N,4,0,1,2,A,-,12,21453,A,N,A,C,A,A,H,-,C,A,0,,,,,Y,,A,01,0,0,1,0,0,0,0,0,0,"- ","- ",,,ALAMEDA,OAKLAND,-122.18531799316406,37.775428771972656
9522967,2022,2023-01-03,0109,2022-11-04,1842,10042,1,5,5,7,0109,0,0,0,,0,29X,"MACARTHUR BL","64TH AV",5.00,S,N,A,-,N,,,,,,,,,,N,4,0,1,2,A,-,11,21950,B,N,G,B,E,A,H,-,C,A,0,Y,,,,Y,,N,60,0,0,1,0,1,0,0,0,0,"- ","- ",,,ALAMEDA,OAKLAND,-122.17966461181641,37.773891448974609
9522968,2022,2023-01-03,0109,2022-11-09,0756,9381,2,3,5,7,0109,0,0,0,,0,27X,"BANCROFT AV","64TH AV",0.00,,Y,A,-,N,,,,,,,,,,N,4,0,1,2,A,-,09,21802,A,N,G,G,A,B,H,-,A,A,0,,Y,,,Y,,A,01,0,0,1,0,0,0,1,0,0,"- ","- ",,,ALAMEDA,OAKLAND,-122.18539428710938,37.770057678222656
9522989,2022,2023-01-04,0109,2022-11-14,0830,9409,2,1,5,7,0109,0,0,0,,0,32X,"SUNNYSIDE ST","98TH AV",50.00,E,N,A,-,N,,,,,,,,,,N,4,0,1,2,A,-,03,22350,,N,C,C,A,A,H,-,A,D,0,,,,,Y,,A,07,0,0,1,0,0,0,0,0,0,"- ","- ",,,ALAMEDA,OAKLAND,-122.16284942626953,37.747802734375
9522990,2022,2023-01-04,0109,2022-11-15,0804,9149,1,2,5,7,0109,0,0,0,,0,03X,"7TH ST","HARRISON ST",0.00,,Y,A,-,N,,,,,,,,,,N,3,0,1,2,A,-,12,21453,A,N,D,C,A,A,H,-,A,A,0,,,,,Y,,A,01,0,1,0,0,0,0,0,0,0,"- ","- ",,,ALAMEDA,OAKLAND,-122.2706298828125,37.798091888427734
9522992,2022,2023-01-04,0109,2022-11-14,1135,9742,1,1,5,7,0109,0,0,0,,0,07X,"BRUSH ST","SAN PABLO AV",40.00,S,N,A,-,N,,,,,,,,,,N,4,0,1,2,A,-,09,21801,A,N,D,G,A,A,H,-,A,A,0,,Y,,,Y,,L,04,0,0,1,0,0,0,1,0,0,"- ","- ",,,ALAMEDA,OAKLAND,-122.27436065673828,37.813430786132812
9522993,2022,2023-01-04,0109,2022-11-12,0050,9809,1,6,5,7,0109,0,0,0,,0,10X,"SAN PABLO AV","59TH ST",0.00,,Y,A,-,N,,,,,,,,,,Y,4,0,1,3,A,-,09,21802,A,N,D,C,A,A,H,-,C,A,0,,,,,Y,,A,01,0,0,1,0,0,0,0,0,0,"- ","- ",,,ALAMEDA,OAKLAND,-122.28334808349609,37.842029571533203
9522995,2022,2023-01-04,0109,2022-11-15,0830,9958,1,2,5,7,0109,0,0,0,,0,12X,"MANILA AV",BROADWAY,10.00,W,N,A,-,N,,,,,,,,,,N,4,0,1,2,A,-,08,22107,,N,G,B,E,A,C,-,A,A,0,Y,,,,Y,,A,01,0,0,1,0,1,0,0,0,0,"- ","- ",,,ALAMEDA,OAKLAND,-122.24802398681641,37.841419219970703
9522999,2022,2023-01-04,0109,2022-11-13,1337,9880,2,7,5,7,0109,0,0,0,,0,29X,"HILLMONT DR","ARCHMONT PL",25.00,W,N,A,-,N,,,,,,,,,,N,3,0,1,1,A,-,08,22107,,N,H,A,A,A,H,-,A,A,0,,,Y,,Y,,C,02,0,1,0,0,0,0,0,0,1,"- ","- ",,,ALAMEDA,OAKLAND,-122.17279052734375,37.778446197509766
9523146,2022,2023-01-14,0109,2022-10-20,0915,10019,2,4,5,7,0109,0,0,0,,0,35X,"96TH AV","BANCROFT AV",0.00,,Y,A,-,N,,,,,,,,,,N,4,0,1,2,A,-,09,21802,A,N,D,C,A,A,H,-,A,D,0,,,,,Y,,A,08,0,0,1,0,0,0,0,0,0,"- ","- ",,,ALAMEDA,OAKLAND,-122.16300964355469,37.749771118164062
9523149,2022,2022-12-27,0109,2022-10-11,1547,9838,2,2,5,7,0109,0,0,0,,0,31X,"HEGENBERGER RD","EDES AV",0.00,,Y,A,-,N,,,,,,,,,,Y,4,0,1,2,A,-,12,21453,A,N,D,C,A,A,H,-,A,A,0,,,,,Y,,A,01,0,0,1,0,0,0,0,0,0,"- ","- ",,,ALAMEDA,OAKLAND,-122.19596099853516,37.744739532470703
9523151,2022,2022-12-27,0109,2022-10-16,1108,9969,2,7,5,7,0109,0,0,0,,0,30X,"70TH AV","INTERNATIONAL BL",100.00,N,N,B,-,N,,,,,,,,,,N,4,0,1,4,A,-,08,22107,,N,G,B,E,A,H,-,A,D,0,Y,,,,Y,,A,01,0,0,1,0,1,0,0,0,0,"- ","- ",,,ALAMEDA,OAKLAND,-122.18931579589844,37.760562896728516
9523451,2022,2022-11-18,0109,2022-03-07,0006,9661,1,1,5,7,0109,0,0,0,,0,17X,"BEAUMONT AV","MACARTHUR BL",0.00,,Y,A,-,N,,,,,,,,,,Y,4,0,1,2,A,-,01,23152,A,N,B,C,A,A,H,-,C,A,0,,,,,Y,Y,A,01,0,0,1,0,0,0,0,0,0,"- ","- ",,,ALAMEDA,OAKLAND,-122.22895050048828,37.800529479980469
9523459,2022,2022-11-28,0109,2022-03-30,1242,9057,1,3,5,7,0109,0,0,0,,0,12X,"51ST ST","SHAFTER ST",0.00,,Y,A,-,N,,,,,,,,,,Y,4,0,2,2,A,-,09,21801,A,N,D,C,A,A,H,-,A,A,0,,,,,Y,,A,08,0,0,2,0,0,0,0,0,0,"- ","- ",,,ALAMEDA,OAKLAND,-122.25833129882812,37.836612701416016
9523511,2022,2022-11-18,0109,2022-04-02,1421,9867,2,6,5,7,0109,0,0,0,,0,24X,"35TH AV","SALISBURY ST",75.00,S,N,-,-,N,,,,,,,,,,N,4,0,1,2,A,-,08,22107,,N,C,E,A,A,H,-,A,D,0,,,,,Y,Y,A,01,0,0,1,0,0,0,0,0,0,"- ","- ",,,ALAMEDA,OAKLAND,-122.21575927734375,37.784816741943359
9523542,2022,2022-11-30,0109,2022-10-03,2138,9995,2,1,5,7,0109,0,0,0,,0,26X,"SPENCER ST","71ST AV",0.00,,Y,A,-,N,,,,,,,,,,N,4,0,1,2,A,-,12,22450,A,M,D,C,A,A,-,-,C,A,0,,,,,Y,,A,01,0,0,1,0,0,0,0,0,0,"- ","- ",,,ALAMEDA,OAKLAND,-122.19361114501953,37.756782531738281
9523546,2022,2022-12-12,0109,2022-10-01,1900,9196,2,6,5,7,0109,0,0,0,,0,25X,"MACARTHUR BL","HIGH ST",500.00,E,N,A,-,N,,,,,,,,,,N,4,0,1,2,A,-,05,21650,1,N,D,G,A,A,H,-,B,B,0,,Y,,,Y,,L,04,0,0,1,0,0,0,1,0,0,"- ","- ",,,ALAMEDA,OAKLAND,-122.19370269775391,37.786312103271484
9523804,2022,2022-11-23,0109,2022-09-19,1139,9963,2,1,5,7,0109,0,0,0,,0,31X,"98TH AV","EDES AV",0.00,,Y,A,-,N,,,,,,,,,,N,4,0,1,2,D,-,00,,,N,D,C,A,A,H,-,A,A,0,,,,,Y,,-,"- ",0,0,1,0,0,0,0,0,0,"- ","- ",,,ALAMEDA,OAKLAND,-122.18331146240234,37.736431121826172
9523814,2022,2022-11-23,0109,2022-09-10,1014,10000,1,6,5,7,0109,0,0,0,,0,19X,"FOOTHILL BL","11TH AV",180.00,E,N,A,-,N,,,,,,,,,,Y,4,0,1,3,A,-,09,21804,A,N,D,C,A,A,H,-,A,D,0,,,,,Y,,A,01,0,0,1,0,0,0,0,0,0,"- ","- ",,,ALAMEDA,OAKLAND,-122.24658203125,37.792293548583984
9523820,2022,2022-11-23,0109,2022-09-22,1653,9966,2,4,5,7,0109,0,0,0,,0,26Y,"INTERNATIONAL BL","80TH AV",0.00,,Y,A,-,N,,,,,,,,,,N,3,0,1,2,A,-,10,21950,A,N,G,B,B,A,H,-,A,A,0,Y,,,,Y,,A,01,0,1,0,0,1,0,0,0,0,"- ","- ",,,ALAMEDA,OAKLAND,-122.18166351318359,37.756610870361328
9523822,2022,2022-11-30,0109,2022-09-08,0903,10000,1,4,5,7,0109,0,0,0,,0,19X,"E 11TH ST","23RD AV",0.00,,Y,A,-,N,,,,,,,,,,N,4,0,2,2,D,-,00,,,N,D,C,A,A,H,-,A,A,0,,,,,Y,,-,"- ",0,0,2,0,0,0,0,0,0,"- ","- ",,,ALAMEDA,OAKLAND,-122.23702239990234,37.780109405517578
9523824,2022,2022-11-22,0109,2022-09-18,1219,9969,2,7,5,7,0109,0,0,0,,0,33X,"INTERNATIONAL BL","98TH AV",25.00,W,N,C,-,N,,,,,,,,,,N,4,0,1,2,A,-,08,22107,,M,B,C,A,B,H,-,A,A,0,,,,,Y,,A,01,0,0,1,0,0,0,0,0,0,"- ","- ",,,ALAMEDA,OAKLAND,-122.17062377929688,37.744388580322266
9523825,2022,2022-11-22,0109,2022-09-25,1422,9510,2,7,5,7,0109,0,0,0,,0,20X,"23RD AV","FOOTHILL BL",0.00,,Y,A,-,N,,,,,,,,,,N,4,0,2,4,A,-,12,21453,A,N,B,C,A,A,H,-,A,A,0,,,,,Y,,A,07,0,0,2,0,0,0,0,0,0,"- ","- ",,,ALAMEDA,OAKLAND,-122.234130859375,37.785186767578125
9523826,2022,2022-11-30,0109,2022-09-25,1214,9963,2,7,5,7,0109,0,0,0,,0,33X,"INTERNATIONAL BL","92ND AV",25.00,W,N,A,-,N,,,,,,,,,,Y,2,0,3,3,A,-,03,22350,,N,C,C,A,A,H,-,A,A,0,,,,,Y,,A,01,1,0,2,0,0,0,0,0,0,"- ","- ",,,ALAMEDA,OAKLAND,-122.17367553710938,37.748538970947266
9523827,2022,2022-11-22,0109,2022-09-14,1633,10008,2,3,5,7,0109,0,0,0,,0,23X,"FOOTHILL BL","HIGH ST",0.00,,Y,A,-,N,,,,,,,,,,Y,4,0,2,2,A,-,12,21453,A,N,D,C,A,A,H,-,A,A,0,,,,,Y,,A,01,0,0,2,0,0,0,0,0,0,"- ","- ",,,ALAMEDA,OAKLAND,-122.21180725097656,37.774692535400391
9523828,2022,2022-11-22,0109,2022-09-02,2018,9831,2,5,5,7,0109,0,0,0,,0,30X,"82ND AV","INTERNATIONAL BL",0.00,,Y,A,-,N,,,,,,,,,,N,3,0,1,1,D,-,00,,,M,H,-,A,A,H,-,C,D,0,,,Y,,Y,,-,"- ",0,1,0,0,0,0,0,0,1,"- ","- ",,,ALAMEDA,OAKLAND,-122.17953491210938,37.755558013916016
9523831,2022,2022-11-22,0109,2022-09-28,2029,9377,1,3,5,7,0109,0,0,0,,0,16X,"BEAUMONT AV","PARK BL",12.00,E,N,A,-,N,,,,,,,,,,N,3,0,1,3,A,-,03,22350,,N,C,C,A,A,H,-,B,D,0,,,,,Y,,A,07,0,1,0,0,0,0,0,0,0,"- ","- ",,,ALAMEDA,OAKLAND,-122.22713470458984,37.805141448974609
9523833,2022,2022-11-21,0109,2022-09-23,1532,10007,1,5,5,7,0109,0,0,0,,0,23X,"34TH AV","INTERNATIONAL BL",0.00,,Y,A,-,N,,,,,,,,,,N,4,0,1,2,A,-,12,21453,A,M,H,B,B,A,H,-,A,A,0,Y,,,,Y,,A,01,0,0,1,0,1,0,0,0,0,"- ","- ",,,ALAMEDA,OAKLAND,-122.22383117675781,37.776664733886719
9524128,2022,2022-12-05,0109,2022-09-21,0831,10015,1,3,5,7,0109,0,0,0,,0,18X,"PARK BL","E 19 ST",0.00,,Y,B,-,N,,,,,,,,,,N,4,0,1,2,A,-,09,21801,A,N,D,C,A,B,H,-,A,A,0,,,Y,,Y,,A,01,0,0,1,0,0,0,0,0,1,"- ","- ",,,ALAMEDA,OAKLAND,-122.25003051757812,37.799812316894531
9524138,2022,2022-12-08,0109,2022-10-28,1616,9742,1,5,5,7,0109,0,0,0,,0,03Y,"14TH ST","MARTIN LUTHER KING WY",25.00,W,N,A,-,N,,,,,,,,,,N,3,0,2,2,A,-,08,22107,,N,D,G,A,A,H,-,A,A,0,,Y,,,Y,,L,04,0,1,1,0,0,0,1,0,0,"- ","- ",,,ALAMEDA,OAKLAND,-122.27604675292969,37.806240081787109
9524139,2022,2022-12-08,0109,2022-10-30,1637,9893,2,7,5,7,0109,0,0,0,,0,30X,"BANCROFT AV","RITCHIE ST",0.00,,Y,A,-,N,,,,,,,,,,N,4,0,2,2,A,-,09,21802,A,N,D,C,A,A,H,-,A,D,0,,,,,Y,,A,01,0,0,2,0,0,0,0,0,0,"- ","- ",,,ALAMEDA,OAKLAND,-122.17267608642578,37.762046813964844
9524140,2022,2022-12-08,0109,2022-10-23,1316,9969,2,7,5,7,0109,0,0,0,,0,27X,"BANCROFT AV","VICKSBURG AV",0.00,,Y,A,-,N,,,,,,,,,,N,2,0,7,2,A,-,12,21453,A,N,D,C,A,A,H,-,A,A,0,,,,,Y,,A,07,2,0,5,0,0,0,0,0,0,"- ","- ",,,ALAMEDA,OAKLAND,-122.20308685302734,37.771759033203125
9524156,2022,2022-12-07,0109,2022-10-15,1606,10020,1,6,5,7,0109,0,0,0,,0,12X,"51ST ST","LAWTON AV",0.00,,Y,B,-,N,,,,,,,,,,Y,4,0,1,2,A,-,09,21802,A,N,D,C,A,A,H,-,A,A,0,,,Y,,Y,,A,01,0,0,1,0,0,0,0,0,1,"- ","- ",,,ALAMEDA,OAKLAND,-122.25653076171875,37.836235046386719
9524158,2022,2022-12-07,0109,2022-10-02,1749,9984,1,7,5,7,0109,0,0,0,,0,15X,"MONTCLAIR AV","PARK BL",0.00,,Y,A,-,N,,,,,,,,,,N,4,0,1,1,A,-,08,22107,,N,E,I,A,A,H,-,A,D,0,,,,,Y,,A,01,0,0,1,0,0,0,0,0,0,"- ","- ",,,ALAMEDA,OAKLAND,-122.24394989013672,37.801807403564453
9524159,2022,2022-12-07,0109,2022-10-28,1930,9173,1,5,5,7,0109,0,0,0,,0,08X,"TELEGRAPH AV","28TH ST",0.00,,Y,A,-,N,,,,,,,,,,N,4,0,1,2,A,-,09,21801,A,N,D,C,A,A,H,-,C,D,0,,,,,Y,,D,22,0,0,1,0,0,0,0,0,0,"- ","- ",,,ALAMEDA,OAKLAND,-122.26773071289062,37.816867828369141
9524323,2022,2022-12-12,0109,2022-08-21,1216,9916,2,7,5,7,0109,0,0,0,,0,27X,"FAIRFAX AV","HIGH ST",5.00,E,N,A,-,N,,,,,,,,,,N,4,0,1,2,A,-,10,21950,A,N,G,B,B,A,H,-,A,A,0,Y,,,,Y,Y,A,01,0,0,1,0,1,0,0,0,0,"- ","- ",,,ALAMEDA,OAKLAND,-122.205810546875,37.780750274658203