CASE_ID,ACCIDENT_YEAR,PROC_DATE,JURIS,COLLISION_DATE,COLLISION_TIME,OFFICER_ID,REPORTING_DISTRICT,DAY_OF_WEEK,CHP_SHIFT,POPULATION,CNTY_CITY_LOC,SPECIAL_COND,BEAT_TYPE,CHP_BEAT_TYPE,CITY_DIVISION_LAPD,CHP_BEAT_CLASS,BEAT_NUMBER,PRIMARY_RD,SECONDARY_RD,DISTANCE,DIRECTION,INTERSECTION,WEATHER_1,WEATHER_2,STATE_HWY_IND,CALTRANS_COUNTY,CALTRANS_DISTRICT,STATE_ROUTE,ROUTE_SUFFIX,POSTMILE_PREFIX,POSTMILE,LOCATION_TYPE,RAMP_INTERSECTION,SIDE_OF_HWY,TOW_AWAY,COLLISION_SEVERITY,NUMBER_KILLED,NUMBER_INJURED,PARTY_COUNT,PRIMARY_COLL_FACTOR,PCF_CODE_OF_VIOL,PCF_VIOL_CATEGORY,PCF_VIOLATION,PCF_VIOL_SUBSECTION,HIT_AND_RUN,TYPE_OF_COLLISION,MVIW,PED_ACTION,ROAD_SURFACE,ROAD_COND_1,ROAD_COND_2,LIGHTING,CONTROL_DEVICE,CHP_ROAD_TYPE,PEDESTRIAN_ACCIDENT,BICYCLE_ACCIDENT,MOTORCYCLE_ACCIDENT,TRUCK_ACCIDENT,NOT_PRIVATE_PROPERTY,ALCOHOL_INVOLVED,STWD_VEHTYPE_AT_FAULT,CHP_VEHTYPE_AT_FAULT,COUNT_SEVERE_INJ,COUNT_VISIBLE_INJ,COUNT_COMPLAINT_PAIN,COUNT_PED_KILLED,COUNT_PED_INJURED,COUNT_BICYCLIST_KILLED,COUNT_BICYCLIST_INJURED,COUNT_MC_KILLED,COUNT_MC_INJURED,PRIMARY_RAMP,SECONDARY_RAMP,LATITUDE,LONGITUDE,COUNTY,CITY,POINT_X,POINT_Y
9524324,2022,2022-12-12,0109,2022-08-21,1612,9985,1,7,5,7,0109,0,0,0,,0,03Y,"10TH ST","CLAY ST",0.00,,Y,A,-,N,,,,,,,,,,N,3,0,2,2,A,-,01,23152,A,N,D,C,A,A,H,-,A,A,0,,,,,Y,Y,A,07,0,1,1,0,0,0,0,0,0,"- ","- ",,,ALAMEDA,OAKLAND,-122.27532196044922,37.802501678466797
9524687,2022,2022-12-16,0109,2022-10-20,1110,10043,1,4,5,7,0109,0,0,0,,0,08X,"24TH ST","TELEGRAPH AV",115.00,E,N,A,-,N,,,,,,,,,,N,4,0,1,3,A,-,08,22102,,N,A,E,F,A,H,-,A,C,0,Y,,,,Y,,A,01,0,0,1,0,1,0,0,0,0,"- ","- ",,,ALAMEDA,OAKLAND,-122.26859283447266,37.813438415527344
9524690,2022,2022-12-08,0109,2022-10-19,1611,9924,1,3,5,7,0109,0,0,0,,0,03Y,"12TH ST","CASTRO ST",0.00,,Y,A,-,N,,,,,,,,,,N,4,0,1,2,A,-,08,22107,,N,D,C,A,A,G,-,A,A,0,,,,,Y,,A,07,0,0,1,0,0,0,0,0,0,"- ","- ",,,ALAMEDA,OAKLAND,-122.27799987792969,37.805255889892578
9524692,2022,2022-12-14,0109,2022-10-20,1330,10043,1,4,5,7,0109,0,0,0,,0,09X,"OAKLAND AV","MACARTHUR BL",0.00,,Y,A,-,N,,,,,,,,,,N,4,0,2,2,A,-,12,21453,A,N,D,C,A,A,H,-,A,A,0,,,,,Y,,-,"- ",0,0,2,0,0,0,0,0,0,"- ","- ",,,ALAMEDA,OAKLAND,-122.25344848632812,37.819141387939453
9525514,2022,2023-02-07,0109,2022-12-27,0913,10037,2,2,5,7,0109,0,0,0,,0,12Y,"E 12TH","HIGH ST",0.00,,Y,C,-,N,,,,,,,,,,N,4,0,2,2,A,-,03,22350,,N,C,C,A,B,G,-,A,A,0,,,,,Y,,A,01,0,0,2,0,0,0,0,0,0,"- ","- ",,,ALAMEDA,OAKLAND,-122.21617889404297,37.771389007568359
9525515,2022,2023-02-07,0109,2022-12-27,1717,9981,2,2,5,7,0109,0,0,0,,0,33X,"SAN LEANDRO ST","85TH AV",100.00,W,N,-,-,N,,,,,,,,,,N,4,0,3,2,A,-,09,21804,A,N,D,C,A,B,H,-,C,A,0,,,,,Y,,A,01,0,0,3,0,0,0,0,0,0,"- ","- ",,,ALAMEDA,OAKLAND,-122.18931579589844,37.747200012207031
9525517,2022,2023-02-02,0109,2022-12-10,1521,9962,2,6,5,7,0109,0,0,0,,0,21X,"CHAMPION ST",LINCOLN,100.00,N,N,-,-,N,,,,,,,,,,N,4,0,1,3,A,-,08,22107,,N,A,C,A,A,H,-,A,D,0,,,,,Y,,A,01,0,0,1,0,0,0,0,0,0,"- ","- ",,,ALAMEDA,OAKLAND,-122.21498870849609,37.799358367919922
9525518,2022,2023-02-02,0109,2022-12-23,1824,10022,2,5,5,7,0109,0,0,0,,0,23X,"37TH AV","SAN LEANDRO ST",3.00,S,N,A,-,N,,,,,,,,,,N,4,0,1,2,A,-,08,22107,,N,G,C,E,A,H,-,C,A,0,Y,,,,Y,,A,01,0,0,1,0,1,0,0,0,0,"- ","- ",,,ALAMEDA,OAKLAND,-122.22243499755859,37.773143768310547
9525522,2022,2023-02-02,0109,2022-12-07,1158,9222,1,3,5,7,0109,0,0,0,,0,10X,"ADELINE ST","56TH ST",0.00,,Y,A,-,N,,,,,,,,,,N,4,0,1,2,A,-,12,22450,A,F,D,C,A,A,H,-,A,A,0,,,,,Y,,A,01,0,0,1,0,0,0,0,0,0,"- ","- ",,,ALAMEDA,OAKLAND,-122.27491760253906,37.840015411376953
9525536,2022,2023-01-30,0109,2022-05-05,1745,9796,1,4,5,7,0109,0,0,0,,0,19X,"E 10TH ST","5TH AV",0.00,,Y,A,-,N,,,,,,,,,,N,4,0,1,2,A,-,12,21453,A,F,A,C,A,A,H,-,A,A,0,,,,,Y,,A,01,0,0,1,0,0,0,0,0,0,"- ","- ",,,ALAMEDA,OAKLAND,-122.25669097900391,37.793708801269531
9525554,2022,2023-01-30,0109,2022-03-14,0440,9879,2,1,5,7,0109,0,0,0,,0,34X,INTERNATIONAL,"98TH AV",0.00,,Y,A,-,N,,,,,,,,,,N,4,0,2,2,A,-,08,22107,,M,D,C,A,A,H,-,C,A,0,,,,,Y,,-,99,0,0,2,0,0,0,0,0,0,"- ","- ",,,ALAMEDA,OAKLAND,-122.17057800292969,37.744327545166016
9525555,2022,2023-01-30,0109,2022-03-28,0030,9944,1,1,5,7,0109,0,0,0,,0,09X,BROADWAY,"34TH ST",250.00,N,N,C,-,N,,,,,,,,,,N,4,0,1,2,A,-,01,23152,A,M,C,C,A,B,H,-,C,A,0,,,,,Y,Y,A,01,0,0,1,0,0,0,0,0,0,"- ","- ",,,ALAMEDA,OAKLAND,-122.25996398925781,37.822322845458984
9527252,2022,2023-03-03,0109,2022-09-25,0454,9828,2,7,5,7,0109,0,0,0,,0,23X,"SAN LEANDRO ST","HIGH ST",236.00,W,N,A,-,N,,,,,,,,,,Y,3,0,2,3,A,-,08,22107,,N,C,E,A,A,H,-,C,A,0,,,,Y,Y,,A,01,0,2,0,0,0,0,0,0,0,"- ","- ",,,ALAMEDA,OAKLAND,-122.21783447265625,37.770950317382812
9527414,2022,2023-02-22,0109,2022-07-16,1014,9867,2,6,5,7,0109,0,0,0,,0,23X,"35TH AV","E 18TH ST",0.00,,Y,A,-,N,,,,,,,,,,N,4,0,1,2,A,-,09,21802,A,N,D,C,A,A,H,-,A,D,0,,,,,Y,,A,01,0,0,1,0,0,0,0,0,0,"- ","- ",,,ALAMEDA,OAKLAND,-122.22007751464844,37.780750274658203
9527532,2022,2023-02-23,0109,2022-11-27,1734,9916,2,7,5,7,0109,0,0,0,,0,27X,"47TH AV","MELROSE AV",0.00,,Y,A,-,N,,,,,,,,,,Y,3,0,2,2,A,-,01,23152,A,N,D,C,A,A,H,-,C,A,0,,,,,Y,Y,A,01,0,2,0,0,0,0,0,0,0,"- ","- ",,,ALAMEDA,OAKLAND,-122.20731353759766,37.775077819824219
9527573,2022,2023-02-21,0109,2022-09-20,1613,9377,1,2,5,7,0109,0,0,0,,0,07X,"24TH ST","LINDEN ST",0.00,,Y,B,-,N,,,,,,,,,,Y,4,0,1,2,A,-,09,21802,,M,D,C,A,A,H,-,A,C,0,,,,,Y,,A,01,0,0,1,0,0,0,0,0,0,"- ","- ",,,ALAMEDA,OAKLAND,-122.28118896484375,37.816684722900391
9527574,2022,2023-02-21,0109,2022-09-01,1041,9994,2,4,5,7,0109,0,0,0,,0,26X,"75TH AV","SNELL ST",264.00,S,N,A,-,N,,,,,,,,,,Y,4,0,1,3,A,-,09,21802,A,N,D,C,A,A,H,-,A,A,0,,Y,,,Y,,A,01,0,0,1,0,0,0,1,0,0,"- ","- ",,,ALAMEDA,OAKLAND,-122.19556427001953,37.751934051513672
9527575,2022,2023-02-21,0109,2022-11-25,1330,10027,1,5,5,7,0109,0,0,0,,0,08X,"TELEGRAPH AV","39TH ST",160.00,S,N,A,-,N,,,,,,,,,,N,4,0,2,2,A,-,01,23152,A,N,B,C,A,A,H,-,A,D,0,,,,,Y,Y,A,01,0,0,2,0,0,0,0,0,0,"- ","- ",,,ALAMEDA,OAKLAND,-122.2647705078125,37.827968597412109
9527578,2022,2023-02-27,0109,2022-06-04,0006,9853,1,6,5,7,0109,0,0,0,,0,04X,"CLAY ST","16TH ST",0.00,,Y,A,-,N,,,,,,,,,,N,3,0,1,2,A,-,08,22107,,N,B,C,A,A,H,-,C,A,0,,,,,Y,,A,01,0,1,0,0,0,0,0,0,0,"- ","- ",,,ALAMEDA,OAKLAND,-122.27277374267578,37.806606292724609
9528166,2022,2022-11-07,0109,2022-08-28,0006,9793,1,7,5,7,0109,0,0,0,,0,05X,"BRUSH ST",17TH,0.00,,Y,A,-,N,,,,,,,,,,N,4,0,1,2,A,-,09,21802,A,N,B,C,A,A,H,-,C,A,0,,,,,Y,Y,A,07,0,0,1,0,0,0,0,0,0,"- ","- ",,,ALAMEDA,OAKLAND,-122.27710723876953,37.809169769287109
9528169,2022,2022-11-07,0109,2022-08-23,1517,9682,2,2,5,7,0109,0,0,0,,0,26X,"HEGENBERGER RD","HAMILTON ST",0.00,,Y,A,-,N,,,,,,,,,,N,4,0,1,2,A,-,12,21453,A,N,D,C,A,A,H,-,A,A,0,,,,,Y,,-,"- ",0,0,1,0,0,0,0,0,0,"- ","- ",,,ALAMEDA,OAKLAND,-122.19038391113281,37.756450653076172
9528170,2022,2022-11-07,0109,2022-08-27,0830,9987,2,6,5,7,0109,0,0,0,,0,24X,"38TH AV","FOOTHILL BL",5.00,N,N,A,-,N,,,,,,,,,,Y,4,0,1,1,A,-,01,23152,A,N,H,J,A,A,H,-,A,D,0,,,,,Y,Y,A,01,0,0,1,0,0,0,0,0,0,"- ","- ",,,ALAMEDA,OAKLAND,-122.21669006347656,37.779029846191406
9528412,2022,2022-11-21,0109,2022-10-05,0958,8551,2,3,5,7,0109,0,0,0,,0,35X,"90TH AV","BANCROFT AV",0.00,,Y,B,-,N,,,,,,,,,,N,4,0,2,2,A,-,12,21453,A,N,B,C,A,A,H,-,A,A,0,,,,,Y,,-,,0,0,2,0,0,0,0,0,0,"- ","- ",,,ALAMEDA,OAKLAND,-122.16580963134766,37.753559112548828
9528449,2022,2022-11-17,0109,2022-10-01,0200,9860,1,6,5,7,0109,0,0,0,,0,03X,"12TH ST",BROADWAY,20.00,S,N,-,-,N,,,,,,,,,,N,4,0,1,2,A,-,08,22107,,M,G,B,F,A,-,-,C,A,0,Y,,,,Y,,A,01,0,0,1,0,1,0,0,0,0,"- ","- ",,,ALAMEDA,OAKLAND,-122.27198028564453,37.802906036376953
9528466,2022,2022-11-16,0109,2022-10-23,1717,9828,2,7,5,7,0109,0,0,0,,0,33X,"INTERNATIONAL BL","82ND AV",15.00,W,N,A,-,N,,,,,,,,,,N,4,0,2,2,A,-,08,22107,,M,C,C,A,A,H,-,A,A,0,,,,,Y,,A,07,0,0,2,0,0,0,0,0,0,"- ","- ",,,ALAMEDA,OAKLAND,-122.17957305908203,37.755580902099609
9528468,2022,2022-11-22,0109,2022-10-12,1751,10007,1,3,5,7,0109,0,0,0,,0,05X,"16TH ST","ADELINE ST",0.00,,N,A,-,N,,,,,,,,,,N,4,0,1,2,A,-,08,22107,,M,B,-,A,A,H,-,A,D,0,,Y,,,Y,,-,,0,0,1,0,0,0,1,0,0,"- ","- ",,,ALAMEDA,OAKLAND,-122.28559875488281,37.811061859130859
9528469,2022,2022-11-16,0109,2022-10-11,0752,9466,2,2,5,7,0109,0,0,0,,0,30X,"HAVENSCOURT BL","INTERNATIONAL BL",310.00,N,N,A,-,N,,,,,,,,,,N,4,0,2,3,A,-,08,22107,,N,C,C,A,A,H,-,A,D,0,,,,,Y,,A,01,0,0,2,0,0,0,0,0,0,"- ","- ",,,ALAMEDA,OAKLAND,-122.19206237792969,37.762508392333984
9528470,2022,2022-11-16,0109,2022-10-19,0852,8824,2,3,5,7,0109,0,0,0,,0,,"66TH AV","EASTLAWN ST",0.00,,Y,A,-,N,,,,,,,,,,N,4,0,3,2,A,-,12,22450,A,M,D,D,A,A,H,-,A,D,0,,,,,Y,,A,01,0,0,3,0,0,0,0,0,0,"- ","- ",,,ALAMEDA,OAKLAND,-122.19631195068359,37.760147094726562
9528473,2022,2022-11-16,0109,2022-10-08,1531,9832,1,6,5,7,0109,0,0,0,,0,17X,"BEAUMONT AV","MACARTHUR BL",0.00,,Y,A,-,N,,,,,,,,,,N,4,0,1,2,A,-,12,21453,A,M,D,C,A,A,H,-,A,A,0,,,,,Y,Y,A,01,0,0,1,0,0,0,0,0,0,"- ","- ",,,ALAMEDA,OAKLAND,-122.22895050048828,37.800529479980469
9528478,2022,2022-11-16,0109,2022-10-12,0921,8551,2,3,5,7,0109,0,0,0,,0,33X,"INTERNATIONAL BL","87TH AV",30.00,E,N,A,-,N,,,,,,,,,,N,4,0,2,2,A,-,03,22350,,N,D,C,A,A,H,-,A,A,0,,,,,Y,,A,01,0,0,2,0,0,0,0,0,0,"- ","- ",,,ALAMEDA,OAKLAND,-122.17601776123047,37.751689910888672
9529008,2022,2022-11-29,0109,2022-10-19,1545,10033,2,3,5,7,0109,0,0,0,,0,32X,"100TH AV","INTERNATIONAL BL",5.00,S,N,A,-,N,,,,,,,,,,N,3,0,1,2,A,-,10,21950,A,N,G,B,B,A,H,-,A,A,0,Y,,,,Y,,A,01,0,1,0,0,1,0,0,0,0,"- ","- ",,,ALAMEDA,OAKLAND,-122.16927337646484,37.742740631103516
9529009,2022,2022-11-29,0109,2022-10-09,1514,9944,2,7,5,7,0109,0,0,0,,0,27X,"FOOTHILL BL","VICKSBURG AV",20.00,E,N,A,-,N,,,,,,,,,,N,4,0,5,2,A,-,12,21453,A,N,D,-,A,A,H,-,A,A,0,,,,,Y,Y,A,01,0,0,5,0,0,0,0,0,0,"- ","- ",,,ALAMEDA,OAKLAND,-122.20285797119141,37.772632598876953
9529015,2022,2022-11-29,0109,2022-10-22,1854,9832,1,6,5,7,0109,0,0,0,,0,17X,"FOOTHILL BL","12TH AV",0.00,,Y,A,-,N,,,,,,,,,,N,4,0,1,2,A,-,09,21802,,N,D,C,A,A,H,-,C,A,0,,,,,Y,,A,01,0,0,1,0,0,0,0,0,0,"- ","- ",,,ALAMEDA,OAKLAND,-122.24617004394531,37.791927337646484
9529017,2022,2022-11-29,0109,2022-10-24,1711,9614,1,1,5,7,0109,0,0,0,,0,02X,"GOSS ST","WOOD ST",0.00,,Y,A,-,N,,,,,,,,,,N,4,0,1,2,A,-,09,21802,A,N,A,G,A,A,H,-,A,A,0,,Y,,,Y,,A,01,0,0,1,0,0,0,1,0,0,"- ","- ",,,ALAMEDA,OAKLAND,-122.30210113525391,37.807712554931641
9529028,2022,2022-11-29,0109,2022-10-09,1708,9933,2,7,5,7,0109,0,0,0,,0,27X,"FOOTHILL BL","47TH AV",10.00,W,N,A,-,N,,,,,,,,,,N,4,0,2,2,A,-,03,22350,,M,C,C,A,A,H,-,A,D,0,,,,,Y,,A,01,0,0,2,0,0,0,0,0,0,"- ","- ",,,ALAMEDA,OAKLAND,-122.20871734619141,37.773235321044922
9529029,2022,2022-11-29,0109,2022-10-01,1059,9969,2,6,5,7,0109,0,0,0,,0,32X,"104TH AV","INTERNATIONAL BL",0.00,,Y,A,-,N,,,,,,,,,,N,4,0,1,2,A,-,12,21453,A,M,D,C,A,A,H,-,A,A,0,,,,,Y,,A,01,0,0,1,0,0,0,0,0,0,"- ","- ",,,ALAMEDA,OAKLAND,-122.16745758056641,37.74029541015625
9529030,2022,2022-11-29,0109,2022-10-14,2320,9917,2,5,5,7,0109,0,0,0,,0,20X,"FRUITVALE AV","E 17TH ST",0.00,,Y,A,-,N,,,,,,,,,,N,3,0,1,2,A,-,08,22107,,F,D,C,A,A,-,-,C,C,0,,,,,Y,,A,01,0,1,0,0,0,0,0,0,0,"- ","- ",,,ALAMEDA,OAKLAND,-122.22409057617188,37.7811279296875
9529031,2022,2022-11-29,0109,2022-10-02,0500,9917,2,7,5,7,0109,0,0,0,,0,26X,"46TH AV","COLISEUM WY",150.00,N,N,A,-,N,,,,,,,,,,N,3,0,1,2,B,-,22,,,F,A,B,F,A,-,-,B,D,0,Y,,,,Y,,A,01,0,1,0,0,1,0,0,0,0,"- ","- ",,,ALAMEDA,OAKLAND,-122.21736145019531,37.766334533691406
9529032,2022,2022-11-29,0109,2022-10-15,1326,9963,2,6,5,7,0109,0,0,0,,0,33X,"INTERNATIONAL BL","96TH AV",200.00,W,N,B,-,N,,,,,,,,,,N,4,0,1,2,A,-,05,21460,B,M,G,B,D,A,H,-,A,A,0,Y,,,,Y,,A,01,0,0,1,0,1,0,0,0,0,"- ","- ",,,ALAMEDA,OAKLAND,-122.17195892333984,37.7462158203125
9529033,2022,2022-11-29,0109,2022-10-22,2314,9879,2,6,5,7,0109,0,0,0,,0,31X,"HEGENBERGER RD","BALDWIN ST",300.00,N,N,A,-,N,,,,,,,,,,N,4,0,1,2,A,-,08,22107,,M,C,C,A,A,H,-,C,A,0,,,,,Y,,A,01,0,0,1,0,0,0,0,0,0,"- ","- ",,,ALAMEDA,OAKLAND,-122.19637298583984,37.748367309570312
9529085,2022,2022-11-21,0109,2022-09-23,0804,9885,2,5,5,7,0109,0,0,0,,0,35X,"BANCROFT AV","94TH AV",180.00,W,N,A,-,N,,,,,,,,,,Y,4,0,1,4,C,-,18,,,N,B,E,F,A,H,-,A,D,0,Y,,,,Y,,-,"- ",0,0,1,0,1,0,0,0,0,"- ","- ",,,ALAMEDA,OAKLAND,-122.16437530517578,37.751617431640625
9529406,2022,2022-11-21,0109,2022-05-22,1250,9963,2,7,5,7,0109,0,0,0,,0,32Y,"MACARTHUR BL","FISHER AV",0.00,,Y,A,-,N,,,,,,,,,,N,4,0,1,2,A,-,03,22350,,M,D,C,A,A,H,-,A,D,0,,,,,Y,,A,01,0,0,1,0,0,0,0,0,0,"- ","- ",,,ALAMEDA,OAKLAND,-122.15361785888672,37.744110107421875
9529415,2022,2022-11-21,0109,2022-05-12,1906,9466,2,4,5,7,0109,0,0,0,,0,26Y,"73RD AV","INTERNATIONAL BL",0.00,,Y,A,-,N,,,,,,,,,,N,4,0,2,2,A,-,12,21453,A,N,A,C,A,A,H,-,A,A,0,,,,,Y,,A,01,0,0,2,0,0,0,0,0,0,"- ","- ",,,ALAMEDA,OAKLAND,-122.18708038330078,37.759212493896484
9529424,2022,2022-11-22,0109,2022-05-10,1100,9957,1,2,5,7,0109,0,0,0,,0,02X,"12TH ST","BRUSH ST",0.00,,Y,A,-,N,,,,,,,,,,Y,4,0,1,2,A,-,12,21453,A,N,D,C,A,A,H,-,A,A,0,,,,,Y,,A,01,0,0,1,0,0,0,0,0,0,"- ","- ",,,ALAMEDA,OAKLAND,-122.27947235107422,37.805877685546875
9531882,2022,2022-11-09,0109,2022-09-12,1756,9985,1,1,5,7,0109,0,0,0,,0,06X,"WEST ST","SYCAMORE ST",20.00,W,N,A,-,N,,,,,,,,,,N,4,0,1,2,A,-,09,21802,A,N,D,C,A,A,H,-,B,D,0,,,,,Y,,A,01,0,0,1,0,0,0,0,0,0,"- ","- ",,,ALAMEDA,OAKLAND,-122.27455902099609,37.816028594970703
9532390,2022,2022-11-18,0109,2022-07-08,0614,9595,2,5,5,7,0109,0,0,0,,0,33X,"98TH AV","SAN LEANDRO BL",0.00,,Y,-,-,N,,,,,,,,,,Y,4,0,1,3,A,-,12,21453,A,N,D,C,A,A,-,-,A,A,0,,,,,Y,,A,07,0,0,1,0,0,0,0,0,0,"- ","- ",,,ALAMEDA,OAKLAND,-122.17976379394531,37.739177703857422
9536256,2022,2023-01-12,0109,2022-10-29,2157,10041,1,6,5,7,0109,0,0,0,,0,19X,"20TH AV","INTERNATIONAL BL",0.00,,Y,A,-,N,,,,,,,,,,N,3,0,1,2,A,-,12,21453,A,M,G,G,A,A,H,-,C,A,0,,Y,,,Y,,A,01,0,1,0,0,0,0,1,0,0,"- ","- ",,,ALAMEDA,OAKLAND,-122.23998260498047,37.785835266113281
9536260,2022,2023-01-12,0109,2022-10-22,2044,10036,1,6,5,7,0109,0,0,0,,0,03X,"BRUSH ST","7TH ST",0.00,,Y,A,-,N,,,,,,,,,,N,4,0,1,2,A,-,12,21453,A,M,G,B,B,A,H,-,C,A,0,Y,,,,Y,,D,22,0,0,1,0,1,0,0,0,0,"- ","- ",,,ALAMEDA,OAKLAND,-122.28131866455078,37.802284240722656
9536756,2022,2023-11-22,0109,2022-03-09,1945,9515,2,3,5,7,0109,0,0,0,,0,26X,"HEGENBERGER RD","INTERNATIONAL BL",10.00,S,N,A,-,N,,,,,,,,,,N,3,0,1,2,A,-,12,21453,A,M,D,G,A,A,H,-,C,A,0,,Y,,,Y,,A,01,0,1,0,0,0,0,1,0,0,"- ","- ",,,ALAMEDA,OAKLAND,-122.18709564208984,37.759185791015625
9536757,2022,2022-12-12,0109,2022-03-25,1900,9385,1,5,5,7,0109,0,0,0,,0,05X,"FRONTAGE RD","14TH ST",100.00,N,N,A,-,N,,,,,,,,,,N,2,0,1,2,A,-,03,22350,,N,C,C,A,A,H,-,A,D,0,,,Y,,Y,,C,02,1,0,0,0,0,0,0,0,1,"- ","- ",,,ALAMEDA,OAKLAND,-122.29959106445312,37.814495086669922
9536855,2022,2022-12-27,0109,2022-03-05,1539,9962,2,6,5,7,0109,0,0,0,,0,24X,"BROOKDALE AV","HIGH ST",0.00,,Y,A,-,N,,,,,,,,,,N,4,0,1,2,A,-,08,22107,,F,B,C,A,A,H,-,A,A,0,,,,,Y,,A,01,0,0,1,0,0,0,0,0,0,"- ","- ",,,ALAMEDA,OAKLAND,-122.20416259765625,37.782539367675781
9536856,2022,2022-12-27,0109,2022-03-18,2054,8881,2,5,5,7,0109,0,0,0,,0,30X,"BANCROFT AV","HAVENSCOURT BL",0.00,,Y,A,-,N,,,,,,,,,,N,2,0,1,2,A,-,12,21453,A,F,D,C,A,A,H,-,C,A,0,,,,,Y,,A,01,1,0,0,0,0,0,0,0,0,"- ","- ",,,ALAMEDA,OAKLAND,-122.18215179443359,37.769641876220703
9537423,2022,2023-01-04,0109,2022-11-12,1920,9353,2,6,5,7,0109,0,0,0,,0,27X,"INTERNATIONAL BL","55TH AV",5.00,W,N,A,-,N,,,,,,,,,,N,3,0,1,2,A,-,08,22107,,M,G,C,A,A,H,-,C,A,0,,,,,Y,Y,-,99,0,1,0,0,0,0,0,0,0,"- ","- ",,,ALAMEDA,OAKLAND,-122.20369720458984,37.767086029052734
9537424,2022,2023-01-04,0109,2022-11-15,0841,9409,2,2,5,7,0109,0,0,0,,0,29X,"62ND AV","MAJESTIC AV",0.00,,Y,A,-,N,,,,,,,,,,N,4,0,1,2,A,-,03,22350,,M,D,C,A,A,H,-,A,D,0,,,,,Y,,A,01,0,0,1,0,0,0,0,0,0,"- ","- ",,,ALAMEDA,OAKLAND,-122.17876434326172,37.776760101318359
9537539,2022,2023-01-13,0109,2022-11-12,1955,10052,2,6,5,7,0109,0,0,0,,0,24Y,"35TH AV","RT 580",0.00,,Y,A,-,Y,ALA,4,580,-,R,40.771,R,4,E,Y,3,0,2,2,A,-,03,22350,,M,C,C,A,A,H,-,C,A,0,,,,,Y,,A,07,0,1,1,0,0,0,0,0,0,"- ",EF,,,ALAMEDA,OAKLAND,-122.20500946044922,37.793586730957031
9537868,2022,2022-12-22,0109,2022-09-15,1640,10026,2,4,5,7,0109,0,0,0,,0,23X,"INTERNATIONAL BL","33RD ST",20.00,N,N,A,-,N,,,,,,,,,,N,4,0,1,2,A,-,10,21950,A,N,G,B,C,A,-,-,A,A,0,Y,,,,Y,,A,01,0,0,1,0,1,0,0,0,0,"- ","- ",,,ALAMEDA,OAKLAND,-122.22458648681641,37.777008056640625
9538354,2022,2023-02-02,0109,2022-12-07,1958,10028,2,3,5,7,0109,0,0,0,,0,21X,"FOOTHILL BL","26TH AV",0.00,,Y,A,-,N,,,,,,,,,,N,2,0,1,4,A,-,05,21651,B,F,D,C,A,A,H,-,C,C,0,,,,,Y,,A,01,1,0,0,0,0,0,0,0,0,"- ","- ",,,ALAMEDA,OAKLAND,-122.22892761230469,37.784584045410156
9538355,2022,2023-02-02,0109,2022-12-06,2355,10036,2,2,5,7,0109,0,0,0,,0,27X,"SEMINARY AV","E 16TH ST",0.00,,Y,A,-,N,,,,,,,,,,N,4,0,1,2,A,-,12,21453,A,M,B,C,A,A,H,-,C,D,0,,,,,Y,,A,01,0,0,1,0,0,0,0,0,0,"- ","- ",,,ALAMEDA,OAKLAND,-122.19812774658203,37.766098022460938
9538356,2022,2023-02-02,0109,2022-12-05,1506,8824,1,1,5,7,0109,0,0,0,,0,03X,"HARRISON ST","10TH ST",0.00,,Y,B,-,N,,,,,,,,,,N,4,0,1,2,D,-,00,,,N,G,B,B,A,H,-,A,A,0,Y,,,,Y,,-,"- ",0,0,1,0,1,0,0,0,0,"- ","- ",,,ALAMEDA,OAKLAND,-122.26931762695312,37.800151824951172
9538357,2022,2023-02-02,0109,2022-12-03,0236,9851,2,6,5,7,0109,0,0,0,,0,29X,"FOOTHILL BL","SEMINARY AV",0.00,,Y,A,-,N,,,,,,,,,,N,3,0,2,2,A,-,12,21453,A,N,A,C,A,D,H,-,C,A,0,,,,,Y,,A,01,0,1,1,0,0,0,0,0,0,"- ","- ",,,ALAMEDA,OAKLAND,-122.19039154052734,37.771541595458984
9538358,2022,2023-02-02,0109,2022-12-19,1201,9657,1,1,5,7,0109,0,0,0,,0,04X,"BRUSH ST","17TH ST",0.00,,Y,A,-,N,,,,,,,,,,N,4,0,2,2,A,-,12,21453,A,N,D,C,A,A,H,-,A,A,0,,,,,Y,,A,07,0,0,2,0,0,0,0,0,0,"- ","- ",,,ALAMEDA,OAKLAND,-122.27710723876953,37.809169769287109
9538359,2022,2023-02-02,0109,2022-12-16,0856,9514,2,5,5,7,0109,0,0,0,,0,30X,"73RD AV","WELD ST",60.00,N,N,A,-,N,,,,,,,,,,Y,3,0,1,2,A,-,09,21801,A,M,D,C,A,A,H,-,A,A,0,,,,,Y,,A,01,0,1,0,0,0,0,0,0,0,"- ","- ",,,ALAMEDA,OAKLAND,-122.18184661865234,37.762763977050781
9538598,2022,2023-01-04,0109,2022-06-10,1344,10007,1,5,5,7,0109,0,0,0,,0,15X,"LAKESHORE AV","BROOKLYN AV",0.00,,Y,A,-,N,,,,,,,,,,N,4,0,2,3,A,-,03,22350,,N,A,C,A,A,H,-,A,A,0,,,,,Y,,A,01,0,0,2,0,0,0,0,0,0,"- ","- ",,,ALAMEDA,OAKLAND,-122.25054168701172,37.805248260498047