CASE_ID,ACCIDENT_YEAR,PROC_DATE,JURIS,COLLISION_DATE,COLLISION_TIME,OFFICER_ID,REPORTING_DISTRICT,DAY_OF_WEEK,CHP_SHIFT,POPULATION,CNTY_CITY_LOC,SPECIAL_COND,BEAT_TYPE,CHP_BEAT_TYPE,CITY_DIVISION_LAPD,CHP_BEAT_CLASS,BEAT_NUMBER,PRIMARY_RD,SECONDARY_RD,DISTANCE,DIRECTION,INTERSECTION,WEATHER_1,WEATHER_2,STATE_HWY_IND,CALTRANS_COUNTY,CALTRANS_DISTRICT,STATE_ROUTE,ROUTE_SUFFIX,POSTMILE_PREFIX,POSTMILE,LOCATION_TYPE,RAMP_INTERSECTION,SIDE_OF_HWY,TOW_AWAY,COLLISION_SEVERITY,NUMBER_KILLED,NUMBER_INJURED,PARTY_COUNT,PRIMARY_COLL_FACTOR,PCF_CODE_OF_VIOL,PCF_VIOL_CATEGORY,PCF_VIOLATION,PCF_VIOL_SUBSECTION,HIT_AND_RUN,TYPE_OF_COLLISION,MVIW,PED_ACTION,ROAD_SURFACE,ROAD_COND_1,ROAD_COND_2,LIGHTING,CONTROL_DEVICE,CHP_ROAD_TYPE,PEDESTRIAN_ACCIDENT,BICYCLE_ACCIDENT,MOTORCYCLE_ACCIDENT,TRUCK_ACCIDENT,NOT_PRIVATE_PROPERTY,ALCOHOL_INVOLVED,STWD_VEHTYPE_AT_FAULT,CHP_VEHTYPE_AT_FAULT,COUNT_SEVERE_INJ,COUNT_VISIBLE_INJ,COUNT_COMPLAINT_PAIN,COUNT_PED_KILLED,COUNT_PED_INJURED,COUNT_BICYCLIST_KILLED,COUNT_BICYCLIST_INJURED,COUNT_MC_KILLED,COUNT_MC_INJURED,PRIMARY_RAMP,SECONDARY_RAMP,LATITUDE,LONGITUDE,COUNTY,CITY,POINT_X,POINT_Y
9538609,2022,2023-01-04,0109,2022-06-29,1150,9940,1,3,5,7,0109,0,0,0,,0,02Y,"7TH ST","MANDELA PKWY",0.00,,Y,A,-,N,,,,,,,,,,N,4,0,1,2,A,-,10,21950,A,N,G,B,B,A,H,-,A,A,0,Y,,,,Y,,A,01,0,0,1,0,1,0,0,0,0,"- ","- ",,,ALAMEDA,OAKLAND,-122.29389953613281,37.804248809814453
9538610,2022,2023-01-04,0109,2022-06-29,1809,9943,1,3,5,7,0109,0,0,0,,0,18X,"19TH AV","21ST ST",5.00,S,N,A,-,N,,,,,,,,,,N,3,0,1,2,A,-,12,22450,A,N,D,C,A,A,H,-,A,D,0,,,Y,,Y,,C,02,0,1,0,0,0,0,0,0,1,"- ","- ",,,ALAMEDA,OAKLAND,-122.23625183105469,37.791439056396484
9538613,2022,2023-01-06,0109,2022-03-15,1309,8815,1,2,5,7,0109,0,0,0,,0,06X,"40TH ST","LUTHER KING JR WY",0.00,,Y,A,-,N,,,,,,,,,,N,4,0,1,2,A,-,08,22107,,N,H,G,A,A,H,-,A,A,0,,Y,,,Y,,A,01,0,0,1,0,0,0,1,0,0,"- ","- ",,,ALAMEDA,OAKLAND,-122.2684326171875,37.82977294921875
9538742,2022,2023-01-17,0109,2022-11-27,1013,9968,2,7,5,7,0109,0,0,0,,0,31Z,"105TH AV","JUNE CT",170.00,S,N,A,-,N,,,,,,,,,,N,4,0,1,2,A,-,21,22106,,N,G,B,F,A,H,-,A,D,0,Y,,,,Y,,A,01,0,0,1,0,1,0,0,0,0,"- ","- ",,,ALAMEDA,OAKLAND,-122.179443359375,37.731559753417969
9539005,2022,2023-01-24,0109,2022-12-17,1321,10042,2,6,5,7,0109,0,0,0,,0,22Y,"SERENO CIR","REDWOOD RD",85.00,W,N,A,-,N,,,,,,,,,,N,2,0,1,1,A,-,13,22515,A,N,F,A,A,A,H,-,A,D,0,,,,,Y,,A,01,1,0,0,0,0,0,0,0,0,"- ","- ",,,ALAMEDA,OAKLAND,-122.17623138427734,37.794937133789062
9539030,2022,2023-01-18,0109,2022-07-30,1722,9974,2,6,5,7,0109,0,0,0,,0,26X,"INTERNATIONAL BL","76TH AV",50.00,W,N,A,-,N,,,,,,,,,,N,4,0,1,2,A,-,08,22107,,N,B,E,A,A,H,-,A,A,0,,,,,Y,,A,01,0,0,1,0,0,0,0,0,0,"- ","- ",,,ALAMEDA,OAKLAND,-122.18511199951172,37.758251190185547
9539037,2022,2023-01-18,0109,2022-07-02,1549,9075,2,6,5,7,0109,0,0,0,,0,26X,"INTERNATIONAL BL","52ND AV",0.00,,Y,B,-,N,,,,,,,,,,Y,4,0,1,3,A,-,12,21453,A,M,D,C,A,A,H,-,A,A,0,,,,,Y,,A,01,0,0,1,0,0,0,0,0,0,"- ","- ",,,ALAMEDA,OAKLAND,-122.20706939697266,37.768562316894531
9539221,2022,2023-01-25,0109,2022-12-30,0021,10015,1,5,5,7,0109,0,0,0,,0,19X,"20TH AV","INTERNATIONAL BL",0.00,,Y,C,-,N,,,,,,,,,,N,4,0,1,2,A,-,12,21453,A,N,D,C,A,B,H,-,A,A,0,,,,,Y,,A,01,0,0,1,0,0,0,0,0,0,"- ","- ",,,ALAMEDA,OAKLAND,-122.23998260498047,37.785835266113281
9539223,2022,2023-01-20,0109,2022-12-29,1211,9276,1,4,5,7,0109,0,0,0,,0,19X,EMBARCADERO,"16TH AV",75.00,E,N,C,-,N,,,,,,,,,,N,4,0,1,1,A,-,08,22107,,N,A,I,A,B,H,-,A,D,0,,,,,Y,,A,01,0,0,1,0,0,0,0,0,0,"- ","- ",,,ALAMEDA,OAKLAND,-122.24318695068359,37.783889770507812
9539234,2022,2023-01-20,0109,2022-12-23,0029,9809,1,5,5,7,0109,0,0,0,,0,10X,"SAN PABLO AV","60TH ST",0.00,,Y,A,-,N,,,,,,,,,,N,3,0,1,2,A,-,08,22107,,N,C,E,A,A,H,-,C,D,0,,,,,Y,,A,01,0,1,0,0,0,0,0,0,0,"- ","- ",,,ALAMEDA,OAKLAND,-122.28367614746094,37.843055725097656
9539236,2022,2023-01-25,0109,2022-12-19,2007,9839,2,1,5,7,0109,0,0,0,,0,22X,"MOUNTAIN BL","JOAQUIN MILLER CT",50.00,W,N,A,-,N,,,,,,,,,,N,4,0,2,2,A,-,03,22350,,N,B,C,A,A,H,-,C,D,0,,,,,Y,,A,01,0,0,2,0,0,0,0,0,0,"- ","- ",,,ALAMEDA,OAKLAND,-122.20242309570312,37.816257476806641
9539238,2022,2023-01-20,0109,2022-12-10,1114,9949,1,6,5,7,0109,0,0,0,,0,08X,"OAKLAND AV","PERRY PL",10.00,S,N,C,-,N,,,,,,,,,,Y,3,0,1,2,A,-,08,22107,,N,B,C,A,B,H,-,A,A,0,,,,,Y,,A,01,0,1,0,0,0,0,0,0,0,"- ","- ",,,ALAMEDA,OAKLAND,-122.25420379638672,37.818603515625
9539239,2022,2023-01-20,0109,2022-12-14,1812,9929,1,3,5,7,0109,0,0,0,,0,02Y,"7TH ST","CHESTER ST",30.00,E,N,A,-,N,,,,,,,,,,N,2,0,1,2,A,-,11,21954,A,N,G,B,D,A,H,-,C,D,0,Y,,,,Y,,N,60,1,0,0,0,1,0,0,0,0,"- ","- ",,,ALAMEDA,OAKLAND,-122.29615783691406,37.804828643798828
9539305,2022,2023-02-04,0109,2022-12-13,1637,9981,2,2,5,7,0109,0,0,0,,0,30X,"BANCROFT AV","CHURCH ST",0.00,,Y,A,-,N,,,,,,,,,,Y,4,0,2,3,A,-,12,21453,A,M,D,C,A,A,H,-,A,A,0,,,,,Y,Y,A,01,0,0,2,0,0,0,0,0,0,"- ","- ",,,ALAMEDA,OAKLAND,-122.17955780029297,37.768032073974609
9539306,2022,2023-02-04,0109,2022-12-24,1319,9742,1,6,5,7,0109,0,0,0,,0,04X,"FRANKLIN ST","15TH ST",0.00,,Y,A,-,N,,,,,,,,,,N,4,0,1,2,A,-,08,22107,,N,D,C,A,A,H,-,A,A,0,,,,,Y,,A,01,0,0,1,0,0,0,0,0,0,"- ","- ",,,ALAMEDA,OAKLAND,-122.26936340332031,37.804805755615234
9539311,2022,2023-02-04,0109,2022-12-04,1921,9717,1,7,5,7,0109,0,0,0,,0,18X,"CLAREMONT AV","COLLEGE AV",20.00,N,N,C,-,N,,,,,,,,,,N,2,0,1,2,A,-,10,21950,A,N,G,B,B,B,H,-,C,A,0,Y,,,,Y,,A,01,1,0,0,0,1,0,0,0,0,"- ","- ",,,ALAMEDA,OAKLAND,-122.25224304199219,37.8494873046875
9539313,2022,2023-02-04,0109,2022-12-11,0108,9691,1,7,5,7,0109,0,0,0,,0,19X,"INTERNATIONAL BL","14TH AV",40.00,E,N,C,-,N,,,,,,,,,,Y,4,0,1,2,A,-,08,22107,,N,A,C,A,B,H,-,C,A,0,,,,,Y,,A,01,0,0,1,0,0,0,0,0,0,"- ","- ",,,ALAMEDA,OAKLAND,-122.24604034423828,37.789352416992188
9539314,2022,2023-02-04,0109,2022-12-02,1938,10008,1,5,5,7,0109,0,0,0,,0,15X,"LAKESHORE AV","BROOKLYN AV",100.00,N,N,A,-,N,,,,,,,,,,N,4,0,2,3,A,-,08,22107,,N,B,E,A,A,H,-,C,D,0,,,,,Y,,A,01,0,0,2,0,0,0,0,0,0,"- ","- ",,,ALAMEDA,OAKLAND,-122.25042724609375,37.805511474609375
9539351,2022,2023-01-18,0109,2022-08-19,1335,9189,2,5,5,7,0109,0,0,0,,0,31Y,"98TH AV","BESSIE COLEMAN",0.00,,Y,A,-,N,,,,,,,,,,N,3,0,2,2,A,-,09,21801,A,N,D,C,A,A,H,-,A,A,0,,,,,Y,,A,07,0,1,1,0,0,0,0,0,0,"- ","- ",,,ALAMEDA,OAKLAND,,
9539578,2022,2023-01-20,0109,2022-06-05,1501,9985,1,7,5,7,0109,0,0,0,,0,03X,"17TH ST","BRUSH ST",0.00,,Y,B,-,N,,,,,,,,,,Y,4,0,1,2,A,-,12,21453,A,M,D,C,A,A,H,-,A,A,0,,,,,Y,Y,A,01,0,0,1,0,0,0,0,0,0,"- ","- ",,,ALAMEDA,OAKLAND,-122.27710723876953,37.809169769287109
9539592,2022,2023-01-20,0109,2022-05-18,1216,9948,2,3,5,7,0109,0,0,0,,0,24X,"42ND AV","MERA ST",0.00,,Y,A,-,N,,,,,,,,,,N,4,0,1,2,A,-,09,21800,,F,D,C,A,A,H,-,A,D,0,,,,,Y,,A,01,0,0,1,0,0,0,0,0,0,"- ","- ",,,ALAMEDA,OAKLAND,-122.2113037109375,37.776760101318359
9539672,2022,2023-02-02,0109,2022-12-15,0714,8824,2,4,5,7,0109,0,0,0,,0,31X,"EDES AV","HEGENBERGER RD",0.00,,Y,A,-,N,,,,,,,,,,N,4,0,1,2,A,-,12,21453,A,N,D,C,A,A,H,-,A,A,0,,,,,Y,,A,01,0,0,1,0,0,0,0,0,0,"- ","- ",,,ALAMEDA,OAKLAND,-122.19596099853516,37.744739532470703
9540165,2022,2023-02-06,0109,2022-12-14,1139,10015,1,3,5,7,0109,0,0,0,,0,17X,"32ND ST","STUART ST",0.00,,Y,A,-,N,,,,,,,,,,N,4,0,1,2,A,-,12,22450,A,N,D,C,A,A,H,-,A,A,0,,,,,Y,,A,01,0,0,1,0,0,0,0,0,0,"- ","- ",,,ALAMEDA,OAKLAND,-122.23116302490234,37.800010681152344
9540166,2022,2023-02-06,0109,2022-12-22,2130,10019,1,4,5,7,0109,0,0,0,,0,06X,"MARTIN LUTHER KING JR WY","37TH ST",60.00,S,N,A,-,N,,,,,,,,,,Y,3,0,1,1,A,-,03,22350,,N,F,A,A,A,H,-,C,D,0,,,Y,,Y,,C,02,0,1,0,0,0,0,0,0,1,"- ","- ",,,ALAMEDA,OAKLAND,-122.26933288574219,37.826129913330078
9540173,2022,2023-02-06,0109,2022-12-12,1807,10021,1,1,5,7,0109,0,0,0,,0,10X,"MARTIN LUTHER KING JR WY","52ND ST",0.00,,Y,A,-,N,,,,,,,,,,N,4,0,2,3,A,-,12,21453,A,N,B,C,A,A,H,-,C,A,0,,,Y,,Y,,A,01,0,0,2,0,0,0,0,0,1,"- ","- ",,,ALAMEDA,OAKLAND,-122.26869964599609,37.837188720703125
9540174,2022,2023-02-06,0109,2022-12-07,1924,10027,1,3,5,7,0109,0,0,0,,0,14X,"EL EMBARCADERO","LAKESHORE AV",50.00,S,N,A,-,N,,,,,,,,,,N,4,0,2,2,A,-,00,21235,B,N,D,C,A,A,H,-,C,A,0,,,,,Y,,M,94,0,0,2,0,0,0,0,0,0,"- ","- ",,,ALAMEDA,OAKLAND,-122.24877166748047,37.808620452880859
9540175,2022,2023-02-06,0109,2022-12-21,1535,9831,2,3,5,7,0109,0,0,0,,0,26X,"E 12TH ST","50TH AV",0.00,,Y,A,-,N,,,,,,,,,,N,3,0,1,2,A,-,11,21955,,N,G,B,D,A,H,-,A,D,0,Y,,,,Y,,N,60,0,1,0,0,1,0,0,0,0,"- ","- ",,,ALAMEDA,OAKLAND,-122.21063232421875,37.767673492431641
9540180,2022,2023-02-06,0109,2022-12-09,2014,9924,1,5,5,7,0109,0,0,0,,0,03X,"WEBSTER ST","7TH ST",0.00,,Y,-,-,N,,,,,,,,,,N,4,0,1,2,A,-,08,22107,,N,D,C,A,A,H,-,C,A,0,,,,,Y,,A,01,0,0,1,0,0,0,0,0,0,"- ","- ",,,ALAMEDA,OAKLAND,-122.27178955078125,37.798561096191406
9541305,2022,2023-02-06,0109,2022-12-02,1415,9339,2,5,5,7,0109,0,0,0,,0,33X,"92ND AV","SAN LEANDRO ST",0.00,,Y,A,-,N,,,,,,,,,,N,4,0,3,2,A,-,08,22107,,N,B,C,A,A,H,-,A,A,0,,,,Y,Y,,G,25,0,0,3,0,0,0,0,0,0,"- ","- ",,,ALAMEDA,OAKLAND,-122.18467712402344,37.743309020996094
9541375,2022,2023-01-06,0109,2022-11-06,1826,9717,1,7,5,7,0109,0,0,0,,0,19X,"E 15TH ST","13TH AV",0.00,,Y,A,-,N,,,,,,,,,,N,4,0,2,2,A,-,09,21802,A,N,D,C,A,A,H,-,C,D,0,,,,,Y,,A,01,0,0,2,0,0,0,0,0,0,"- ","- ",,,ALAMEDA,OAKLAND,-122.24623107910156,37.790496826171875
9541379,2022,2023-01-06,0109,2022-11-09,0416,9644,1,3,5,7,0109,0,0,0,,0,04X,"SAN PABLO AV","16TH ST",60.00,N,N,B,-,N,,,,,,,,,,Y,4,0,1,2,A,-,01,23152,A,N,B,E,A,B,H,-,C,B,0,,,,,Y,,A,01,0,0,1,0,0,0,0,0,0,"- ","- ",,,ALAMEDA,OAKLAND,-122.27195739746094,37.806468963623047
9541381,2022,2023-01-11,0109,2022-11-24,2232,10008,1,4,5,7,0109,0,0,0,,0,19X,"INTERNATIONAL BL","22ND AV",90.00,W,N,A,-,N,,,,,,,,,,Y,3,0,3,2,A,-,03,22350,,M,C,C,A,A,H,-,C,D,0,,,,,Y,,A,01,0,1,2,0,0,0,0,0,0,"- ","- ",,,ALAMEDA,OAKLAND,-122.23812866210938,37.784736633300781
9541384,2022,2023-01-11,0109,2022-11-26,1257,10043,2,6,5,7,0109,0,0,0,,0,23X,"HIGH ST","BANCROFT AV",0.00,,Y,A,-,N,,,,,,,,,,N,3,0,2,2,A,-,12,21453,A,M,F,C,A,A,H,-,A,A,0,,,,,Y,,A,07,0,1,1,0,0,0,0,0,0,"- ","- ",,,ALAMEDA,OAKLAND,-122.21347808837891,37.77337646484375
9541385,2022,2023-01-11,0109,2022-11-24,2332,9405,2,4,5,7,0109,0,0,0,,0,27X,"VICKSBURG AV","WENTWORTH AV",40.00,N,N,A,-,N,,,,,,,,,,Y,4,0,1,2,A,-,08,22107,,N,A,E,A,A,H,-,B,A,0,,,,,Y,,A,01,0,0,1,0,0,0,0,0,0,"- ","- ",,,ALAMEDA,OAKLAND,-122.20330047607422,37.771099090576172
9541502,2022,2023-02-02,0109,2022-12-08,2225,9851,2,4,5,7,0109,0,0,0,,0,29X,"EDWARDS AV","GREENLY AV",25.00,N,N,C,-,N,,,,,,,,,,N,3,0,1,1,A,-,08,22107,,N,A,I,A,B,-,-,C,A,0,,,,,Y,,A,01,0,1,0,0,0,0,0,0,0,"- ","- ",,,ALAMEDA,OAKLAND,-122.16676330566406,37.774589538574219
9541511,2022,2023-02-06,0109,2022-12-03,1519,10005,2,6,5,7,0109,0,0,0,,0,26X,"SAN LEANDRO ST","54TH AV",0.00,,Y,C,-,N,,,,,,,,,,N,3,0,1,2,A,-,08,22107,,N,D,E,A,B,H,-,A,D,0,,,,,Y,,A,01,0,1,0,0,0,0,0,0,0,"- ","- ",,,ALAMEDA,OAKLAND,-122.20964050292969,37.764278411865234
9541514,2022,2023-02-02,0109,2022-12-03,1526,9839,2,6,5,7,0109,0,0,0,,0,23X,"INTERNATIONAL BL","33RD AV",15.00,N,N,C,-,N,,,,,,,,,,N,4,0,1,2,A,-,08,22102,,M,B,C,A,B,H,-,A,D,0,,,,,Y,,A,01,0,0,1,0,0,0,0,0,0,"- ","- ",,,ALAMEDA,OAKLAND,-122.22457122802734,37.777000427246094
9541516,2022,2023-02-02,0109,2022-12-04,2224,9945,2,7,5,7,0109,0,0,0,,0,30X,"78TH AV","ALDER ST",0.00,,Y,C,-,N,,,,,,,,,,N,4,0,1,2,A,-,12,22450,A,M,D,C,A,B,H,-,C,A,0,,,,,Y,,-,99,0,0,1,0,0,0,0,0,0,"- ","- ",,,ALAMEDA,OAKLAND,-122.18160247802734,37.758697509765625
9541523,2022,2023-01-06,0109,2022-10-30,1252,9885,2,7,5,7,0109,0,0,0,,0,32Y,"MACARTHUR BL","98TH AV",0.00,,Y,A,-,N,,,,,,,,,,N,4,0,1,2,A,-,12,21453,A,M,A,C,A,A,H,-,A,A,0,,,,,Y,,A,01,0,0,1,0,0,0,0,0,0,"- ","- ",,,ALAMEDA,OAKLAND,-122.15888977050781,37.749931335449219
9541525,2022,2023-01-06,0109,2022-10-30,1833,9984,1,7,5,7,0109,0,0,0,,0,19X,"14TH AV","E 12TH ST",0.00,,Y,A,-,N,,,,,,,,,,Y,4,0,1,3,A,-,12,21453,A,N,D,C,A,A,H,-,B,A,0,,,,Y,Y,,F,26,0,0,1,0,0,0,0,0,0,"- ","- ",,,ALAMEDA,OAKLAND,-122.24722290039062,37.788272857666016
9541526,2022,2023-01-06,0109,2022-10-30,1018,9988,2,7,5,7,0109,0,0,0,,0,26X,"HIGH ST","INTERNATIONAL BL",0.00,,Y,A,-,N,,,,,,,,,,N,4,0,1,3,A,-,12,21453,A,N,C,C,A,A,H,-,A,A,0,,,,,Y,,A,07,0,0,1,0,0,0,0,0,0,"- ","- ",,,ALAMEDA,OAKLAND,-122.21482849121094,37.772350311279297
9541527,2022,2023-01-06,0109,2022-10-31,1430,9885,2,1,5,7,0109,0,0,0,,0,35X,"98TH AV","STANLEY AV",40.00,S,N,B,-,N,,,,,,,,,,Y,4,0,4,2,A,-,08,22107,,N,C,C,A,A,H,-,A,D,0,,,,,Y,,A,01,0,0,4,0,0,0,0,0,0,"- ","- ",,,ALAMEDA,OAKLAND,-122.15364074707031,37.752292633056641
9541528,2022,2023-01-06,0109,2022-10-16,2250,9945,2,7,5,7,0109,0,0,0,,0,30X,"BANCROFT AV","77TH AV",0.00,,Y,A,-,N,,,,,,,,,,Y,4,0,1,2,A,-,12,21453,A,N,D,C,A,A,H,-,C,A,0,,,,,Y,,A,07,0,0,1,0,0,0,0,0,0,"- ","- ",,,ALAMEDA,OAKLAND,-122.174560546875,37.763908386230469
9541574,2022,2022-12-27,0109,2022-06-25,0206,9889,1,6,5,7,0109,0,0,0,,0,03X,"14TH ST","HARRISON ST",0.00,,Y,A,-,N,,,,,,,,,,N,4,0,1,2,A,-,12,21453,A,M,A,G,A,A,H,-,C,A,0,,Y,,,Y,Y,A,01,0,0,1,0,0,0,1,0,0,"- ","- ",,,ALAMEDA,OAKLAND,-122.26760101318359,37.802906036376953
9541577,2022,2022-12-27,0109,2022-07-31,2325,9792,1,7,5,7,0109,0,0,0,,0,06X,"27TH ST","WEST ST",0.00,,Y,A,-,N,,,,,,,,,,N,4,0,1,5,A,-,12,21453,A,M,D,C,A,A,H,-,A,A,0,,,,,Y,Y,A,01,0,0,1,0,0,0,0,0,0,"- ","- ",,,ALAMEDA,OAKLAND,-122.27420806884766,37.817451477050781
9541578,2022,2022-12-27,0109,2022-07-20,1233,9039,1,3,5,7,0109,0,0,0,,0,13Z,"SNAKE RD","THORNHILL DR",200.00,S,N,A,-,N,,,,,,,,,,N,4,0,1,4,A,-,05,21460,A,N,B,C,A,A,H,-,A,D,0,,,,,Y,,A,07,0,0,1,0,0,0,0,0,0,"- ","- ",,,ALAMEDA,OAKLAND,-122.20096588134766,37.838096618652344
9541587,2022,2022-12-28,0109,2022-09-09,1646,10037,2,5,5,7,0109,0,0,0,,0,20X,"MACARTHUR BL","82ND AV",500.00,W,N,A,-,N,,,,,,,,,,N,4,0,1,2,A,-,03,22350,,M,C,C,A,A,H,-,A,D,0,,,,,Y,,A,07,0,0,1,0,0,0,0,0,0,"- ","- ",,,ALAMEDA,OAKLAND,-122.16587066650391,37.763820648193359
9541588,2022,2022-12-28,0109,2022-09-19,1634,9269,1,1,5,7,0109,0,0,0,,0,05X,"CAMPBELL ST","W GRAND AV",0.00,,Y,A,-,N,,,,,,,,,,N,4,0,1,2,A,-,09,21802,A,N,D,C,A,A,H,-,A,A,0,,,,,Y,,A,01,0,0,1,0,0,0,0,0,0,"- ","- ",,,ALAMEDA,OAKLAND,-122.29088592529297,37.81744384765625
9541671,2022,2023-02-03,0109,2022-12-14,1200,9397,2,3,5,7,0109,0,0,0,,0,31X,"EDES AV","85TH AV",0.00,,Y,A,-,N,,,,,,,,,,N,4,0,1,2,A,-,08,22100,A,N,B,C,A,A,H,-,A,A,0,,,,Y,Y,,F,27,0,0,1,0,0,0,0,0,0,"- ","- ",,,ALAMEDA,OAKLAND,-122.19290161132812,37.739017486572266
9541675,2022,2023-01-18,0109,2022-11-25,1230,10027,1,5,5,7,0109,0,0,0,,0,12X,"43RD ST","TELEGRAPH AV",50.00,W,N,A,-,N,,,,,,,,,,N,4,0,1,2,A,-,21,22106,,N,B,C,A,A,H,-,A,D,0,,,,Y,Y,,A,07,0,0,1,0,0,0,0,0,0,"- ","- ",,,ALAMEDA,OAKLAND,-122.26396942138672,37.831577301025391
9548656,2022,2023-02-22,0109,2022-12-21,1400,8681,2,3,5,7,0109,0,0,0,,0,26X,"66TH AV","RT 880",0.00,,Y,A,-,Y,ALA,4,880,-,-,26.891,R,4,S,N,3,0,3,2,A,-,12,21453,A,N,D,C,A,A,H,-,A,A,0,,,,,Y,,A,08,0,1,2,0,0,0,0,0,0,"- ",SF,,,ALAMEDA,OAKLAND,-122.21121978759766,37.757221221923828
9552230,2022,2023-03-14,0109,2022-10-15,1849,9872,1,6,5,7,0109,0,0,0,,0,02X,"7TH ST","ADELINE ST",0.00,,Y,B,-,N,,,,,,,,,,Y,4,0,1,2,B,-,22,,,N,D,C,A,A,H,-,C,A,0,,,,,Y,,J,48,0,0,1,0,0,0,0,0,0,"- ","- ",,,ALAMEDA,OAKLAND,-122.28820037841797,37.803806304931641
9552376,2022,2023-04-05,0109,2022-12-18,1644,9962,2,7,5,7,0109,0,0,0,,0,23X,"E 17TH ST","FRUITVALE AV",0.00,,Y,A,-,N,,,,,,,,,,N,4,0,1,2,B,-,22,,,N,G,B,B,A,H,-,A,A,0,Y,,,,Y,,-,"- ",0,0,1,0,1,0,0,0,0,"- ","- ",,,ALAMEDA,OAKLAND,-122.22409057617188,37.7811279296875
9553163,2022,2023-03-14,0109,2022-07-15,1105,8483,2,5,5,7,0109,0,0,0,,0,26X,"50TH AV","COLISEUM WY",0.00,,Y,A,-,N,,,,,,,,,,Y,2,0,1,2,-,-,"- ",,,N,H,F,A,A,H,-,A,A,0,,,,Y,Y,,-,"- ",1,0,0,0,0,0,0,0,0,"- ","- ",,,ALAMEDA,OAKLAND,-122.2144775390625,37.764007568359375
9553713,2022,2023-03-14,0109,2022-12-27,1343,9039,1,2,5,7,0109,0,0,0,,0,09X,"PIEDMONT AV","41ST ST",0.00,,Y,B,C,N,,,,,,,,,,N,4,0,2,2,A,-,03,22350,,M,C,C,A,B,H,-,A,A,0,,,,,Y,,A,07,0,0,2,0,0,0,0,0,0,"- ","- ",,,ALAMEDA,OAKLAND,-122.25245666503906,37.826377868652344
9553845,2022,2023-03-17,0109,2022-10-13,1951,9182,2,4,5,7,0109,0,0,0,,0,21X,"FRUITVALE AV","E 23RD ST",0.00,,Y,A,-,N,,,,,,,,,,N,4,0,3,2,A,-,03,22350,,N,D,C,A,A,H,-,B,A,0,,,,,Y,,A,01,0,0,3,0,0,0,0,0,0,"- ","- ",,,ALAMEDA,OAKLAND,-122.22206878662109,37.785427093505859
9553861,2022,2023-03-14,0109,2022-09-27,1150,9113,2,2,5,7,0109,0,0,0,,0,23X,"INTERNATIONAL BL","34TH AV",0.00,,Y,A,-,N,,,,,,,,,,N,4,0,1,2,A,-,08,22107,,N,H,G,A,A,H,-,A,A,0,,,,,Y,,A,01,0,0,1,0,0,0,0,0,0,"- ","- ",,,ALAMEDA,OAKLAND,-122.22383117675781,37.776664733886719
9553863,2022,2023-03-14,0109,2022-09-24,0753,8867,2,6,5,7,0109,0,0,0,,0,23X,"FRUITVALE AV","E 19TH ST",15.00,S,N,A,-,N,,,,,,,,,,N,4,0,1,2,A,-,08,22103,,M,D,C,A,A,H,-,A,D,0,,,,,Y,,A,08,0,0,1,0,0,0,0,0,0,"- ","- ",,,ALAMEDA,OAKLAND,-122.22325134277344,37.782783508300781
9553866,2022,2023-03-20,0109,2022-09-04,2009,10019,1,7,5,7,0109,0,0,0,,0,18X,"E 12TH ST","23RD AV",0.00,,Y,A,-,N,,,,,,,,,,N,3,0,1,2,A,-,12,21453,A,N,D,C,A,A,H,-,C,A,0,,,,,Y,,-,"- ",0,1,0,0,0,0,0,0,0,"- ","- ",,,ALAMEDA,OAKLAND,-122.23870849609375,37.783611297607422
9560138,2022,2023-03-20,0109,2022-03-10,1350,9578,1,4,5,7,0109,0,0,0,,0,04X,"CLAY ST","FRANK H OGAWA PLZ",0.00,,Y,A,-,N,,,,,,,,,,N,2,0,1,2,A,-,08,22107,,N,B,G,A,A,H,-,A,A,0,,Y,,,Y,,L,04,1,0,0,0,0,0,1,0,0,"- ","- ",,,ALAMEDA,OAKLAND,-122.27317810058594,37.805938720703125
9560156,2022,2023-03-21,0109,2022-11-16,1905,9294,1,3,5,7,0109,0,0,0,,0,14X,"GRAND AV","STATEN AV",55.00,W,N,A,-,N,,,,,,,,,,N,4,0,1,2,A,-,08,22107,,N,G,G,A,A,H,-,C,D,0,,Y,,,Y,,A,01,0,0,1,0,0,0,1,0,0,"- ","- ",,,ALAMEDA,OAKLAND,-122.25399017333984,37.808792114257812
9560898,2022,2023-04-13,0109,2022-02-20,0316,9802,1,7,5,7,0109,0,0,0,,0,07X,"28TH ST",MAGNOLIA,100.00,E,N,A,-,N,,,,,,,,,,N,4,0,2,3,A,-,08,22107,,N,C,C,-,A,H,-,C,A,0,Y,,,,Y,Y,A,01,0,0,2,0,1,0,0,0,0,"- ","- ",,,ALAMEDA,OAKLAND,-122.28299713134766,37.820446014404297
9561041,2022,2023-03-30,0109,2022-07-29,1918,9516,1,5,5,7,0109,0,0,0,,0,05X,"W GRAND AV","ISABELLA ST",0.00,,Y,A,-,N,,,,,,,,,,N,4,0,2,2,A,-,09,21802,A,N,D,C,A,A,H,-,A,A,0,,,,,Y,,A,08,0,0,2,0,0,0,0,0,0,"- ","- ",,,ALAMEDA,OAKLAND,-122.27803039550781,37.814212799072266