CASE_ID,ACCIDENT_YEAR,PROC_DATE,JURIS,COLLISION_DATE,COLLISION_TIME,OFFICER_ID,REPORTING_DISTRICT,DAY_OF_WEEK,CHP_SHIFT,POPULATION,CNTY_CITY_LOC,SPECIAL_COND,BEAT_TYPE,CHP_BEAT_TYPE,CITY_DIVISION_LAPD,CHP_BEAT_CLASS,BEAT_NUMBER,PRIMARY_RD,SECONDARY_RD,DISTANCE,DIRECTION,INTERSECTION,WEATHER_1,WEATHER_2,STATE_HWY_IND,CALTRANS_COUNTY,CALTRANS_DISTRICT,STATE_ROUTE,ROUTE_SUFFIX,POSTMILE_PREFIX,POSTMILE,LOCATION_TYPE,RAMP_INTERSECTION,SIDE_OF_HWY,TOW_AWAY,COLLISION_SEVERITY,NUMBER_KILLED,NUMBER_INJURED,PARTY_COUNT,PRIMARY_COLL_FACTOR,PCF_CODE_OF_VIOL,PCF_VIOL_CATEGORY,PCF_VIOLATION,PCF_VIOL_SUBSECTION,HIT_AND_RUN,TYPE_OF_COLLISION,MVIW,PED_ACTION,ROAD_SURFACE,ROAD_COND_1,ROAD_COND_2,LIGHTING,CONTROL_DEVICE,CHP_ROAD_TYPE,PEDESTRIAN_ACCIDENT,BICYCLE_ACCIDENT,MOTORCYCLE_ACCIDENT,TRUCK_ACCIDENT,NOT_PRIVATE_PROPERTY,ALCOHOL_INVOLVED,STWD_VEHTYPE_AT_FAULT,CHP_VEHTYPE_AT_FAULT,COUNT_SEVERE_INJ,COUNT_VISIBLE_INJ,COUNT_COMPLAINT_PAIN,COUNT_PED_KILLED,COUNT_PED_INJURED,COUNT_BICYCLIST_KILLED,COUNT_BICYCLIST_INJURED,COUNT_MC_KILLED,COUNT_MC_INJURED,PRIMARY_RAMP,SECONDARY_RAMP,LATITUDE,LONGITUDE,COUNTY,CITY,POINT_X,POINT_Y
9561057,2022,2023-03-30,0109,2022-09-22,1613,9377,1,4,5,7,0109,0,0,0,,0,07X,"24TH ST","LINDEN ST",0.00,,Y,B,-,N,,,,,,,,,,Y,4,0,1,2,A,-,09,21802,A,M,D,C,A,A,H,-,A,C,0,,,,,Y,,A,01,0,0,1,0,0,0,0,0,0,"- ","- ",,,ALAMEDA,OAKLAND,-122.28118896484375,37.816684722900391
9561058,2022,2023-03-30,0109,2022-09-06,0859,9401,1,2,5,7,0109,0,0,0,,0,08X,"BROOK ST",BROADWAY,665.00,E,N,A,-,N,,,,,,,,,,N,3,0,1,3,A,-,03,22350,,N,B,E,A,A,H,-,A,A,0,,,,,Y,,A,01,0,1,0,0,0,0,0,0,0,"- ","- ",,,ALAMEDA,OAKLAND,-122.26108551025391,37.818828582763672
9561114,2022,2023-03-30,0109,2022-09-07,2156,9182,2,3,5,7,0109,0,0,0,,0,33X,"INTERNATIONAL BL","88TH AV",0.00,,Y,A,-,N,,,,,,,,,,Y,4,0,1,3,A,-,03,22350,,N,B,C,A,A,H,-,C,A,0,,,,,Y,,A,01,0,0,1,0,0,0,0,0,0,"- ","- ",,,ALAMEDA,OAKLAND,-122.17559051513672,37.751121520996094
9561158,2022,2023-03-30,0109,2022-11-30,1008,9401,2,3,5,7,0109,0,0,0,,0,26Y,"77TH AV","INTERNATIONAL BL",0.00,,Y,A,-,N,,,,,,,,,,N,3,0,1,2,A,-,10,21950,A,F,G,B,B,A,H,-,A,A,0,Y,,,,Y,,A,01,0,1,0,0,1,0,0,0,0,"- ","- ",,,ALAMEDA,OAKLAND,-122.18440246582031,37.757907867431641
9561536,2022,2023-03-27,0109,2022-11-29,1427,9325,2,2,5,7,0109,0,0,0,,0,29X,"FOOTHILL BL","SEMINARY AV",50.00,W,N,A,-,N,,,,,,,,,,N,4,0,1,3,A,-,08,22107,,M,C,E,A,A,H,-,A,D,0,,,,,Y,,A,01,0,0,1,0,0,0,0,0,0,"- ","- ",,,ALAMEDA,OAKLAND,-122.19055938720703,37.771572113037109
9562531,2022,2023-04-05,0109,2022-10-02,1617,10005,2,7,5,7,0109,0,0,0,,0,28X,"SEMINARY AV","FOOTHILL BL",0.00,,Y,A,-,N,,,,,,,,,,N,4,0,1,2,A,-,03,22350,,M,C,C,A,A,H,-,A,A,0,,,,,Y,,A,01,0,0,1,0,0,0,0,0,0,"- ","- ",,,ALAMEDA,OAKLAND,-122.19039154052734,37.771541595458984
9562623,2022,2023-04-06,0109,2022-04-29,1351,9949,1,5,5,7,0109,0,0,0,,0,08X,"WEST MACARTHUR BL","TELEGRAPH AV",0.00,,Y,A,-,N,,,,,,,,,,N,4,0,1,2,A,-,09,21800,A,N,D,C,A,A,H,-,A,A,0,,,,,Y,,M,94,0,0,1,0,0,0,0,0,0,"- ","- ",,,ALAMEDA,OAKLAND,-122.26521301269531,37.826343536376953
9562637,2022,2023-04-11,0109,2022-12-19,1647,9792,1,1,5,7,0109,0,0,0,,0,14X,"GRANDE AVE","PERKINS ST",50.00,E,N,A,-,N,,,,,,,,,,N,3,0,1,2,A,-,17,21209,A,N,C,G,A,A,H,-,A,A,0,,Y,,,Y,,A,01,0,1,0,0,0,0,1,0,0,"- ","- ",,,ALAMEDA,OAKLAND,-122.25595092773438,37.808933258056641
9566112,2022,2023-04-25,0109,2022-12-09,1640,9966,2,5,5,7,0109,0,0,0,,0,23X,"35TH AV","FOOTHILL BL",50.00,S,N,A,-,N,,,,,,,,,,N,4,0,1,2,A,-,12,21453,A,N,B,C,A,A,H,-,B,D,0,,,,,Y,,-,"- ",0,0,1,0,0,0,0,0,0,"- ","- ",,,ALAMEDA,OAKLAND,-122.21923065185547,37.782081604003906
9566128,2022,2023-04-24,0109,2022-10-26,0203,10042,11,3,5,7,0109,0,0,0,,0,06X,"35TH ST","MARKET ST",7.00,W,N,A,-,N,,,,,,,,,,N,4,0,1,2,A,-,03,22350,,M,C,C,A,A,H,-,C,A,0,,,Y,,Y,,-,99,0,0,1,0,0,0,0,0,1,"- ","- ",,,ALAMEDA,OAKLAND,-122.27522277832031,37.825557708740234
9566136,2022,2023-04-24,0109,2022-12-01,2002,8258,,4,5,7,0109,0,0,0,,0,03X,"7TH ST","JACKSON ST",0.00,,Y,A,-,N,,,,,,,,,,N,4,0,2,2,A,-,12,21453,A,N,D,C,A,A,H,-,C,A,0,,,,,Y,,-,"- ",0,0,2,0,0,0,0,0,0,"- ","- ",,,ALAMEDA,OAKLAND,-122.26824951171875,37.797172546386719
9566213,2022,2023-04-22,0109,2022-03-29,1312,9039,1,2,5,7,0109,0,0,0,,0,05X,"18TH ST","MARKET ST",0.00,,Y,A,-,N,,,,,,,,,,N,3,0,2,3,A,-,12,21453,A,M,D,C,A,A,H,-,A,A,0,,,,,Y,,A,01,0,2,0,0,0,0,0,0,0,"- ","- ",,,ALAMEDA,OAKLAND,-122.27989196777344,37.811141967773438
9566642,2022,2023-05-18,0109,2022-07-23,0123,9869,1,6,5,7,0109,0,0,0,,0,14X,"GRAND AV","SANTA CLARA",0.00,,Y,A,-,N,,,,,,,,,,N,2,0,1,2,A,-,12,21453,A,F,G,B,B,A,H,-,C,A,0,Y,,,,Y,,A,01,1,0,0,0,1,0,0,0,0,"- ","- ",,,ALAMEDA,OAKLAND,-122.24791717529297,37.811431884765625
9566646,2022,2023-05-18,0109,2022-09-19,0731,9940,1,1,5,7,0109,0,0,0,,0,02X,7TH,"MARKET ST",10.00,N,N,A,-,N,,,,,,,,,,N,4,0,1,2,A,-,03,22350,,N,C,C,A,A,H,-,A,A,0,,,,,Y,,A,01,0,0,1,0,0,0,0,0,0,"- ","- ",,,ALAMEDA,OAKLAND,-122.28302764892578,37.802703857421875
9566649,2022,2023-05-18,0109,2022-09-22,1817,10022,2,4,5,7,0109,0,0,0,,0,19X,"E 9TH","FRUITVALE AV",27.00,S,N,A,-,N,,,,,,,,,,N,4,0,1,2,A,-,08,22107,,N,G,G,A,A,H,-,A,A,0,,Y,,,Y,,A,01,0,0,1,0,0,0,1,0,0,"- ","- ",,,ALAMEDA,OAKLAND,-122.22776794433594,37.773456573486328
9566653,2022,2023-05-18,0109,2022-06-05,0326,9853,1,7,5,7,0109,0,0,0,,0,05X,"FRONTAGE RD","WEST GRAND AV",300.00,S,N,A,-,N,,,,,,,,,,N,3,0,1,2,A,-,11,21954,A,N,G,B,E,B,H,-,B,D,0,Y,,,Y,Y,,N,60,0,1,0,0,1,0,0,0,0,"- ","- ",,,ALAMEDA,OAKLAND,-122.29468536376953,37.81842041015625
9566659,2022,2023-05-17,0109,2022-09-25,1852,9916,2,7,5,7,0109,0,0,0,,0,30X,"73RD AV","ORRAL ST",0.00,,Y,A,-,N,,,,,,,,,,N,4,0,1,2,A,-,08,22107,,M,D,C,A,A,H,-,B,D,0,,,,,Y,Y,A,08,0,0,1,0,0,0,0,0,0,"- ","- ",,,ALAMEDA,OAKLAND,-122.18468475341797,37.760940551757812
9566674,2022,2023-05-17,0109,2022-10-03,2034,9916,2,1,5,7,0109,0,0,0,,0,30X,"67TH AV","INTERNATIONAL BL",40.00,N,N,A,-,N,,,,,,,,,,Y,3,0,1,2,A,-,08,22107,,N,B,E,A,A,H,-,C,D,0,,,,,Y,,A,01,0,1,0,0,0,0,0,0,0,"- ","- ",,,ALAMEDA,OAKLAND,-122.19175720214844,37.761558532714844
9566677,2022,2023-05-17,0109,2022-10-19,0310,10016,2,3,5,7,0109,0,0,0,,0,26Y,"HEGENBERGER RD","HAMILTON ST",0.00,,Y,A,-,N,,,,,,,,,,Y,4,0,2,2,A,-,12,21453,A,N,D,C,A,A,H,-,C,A,0,,,,,Y,,A,01,0,0,2,0,0,0,0,0,0,"- ","- ",,,ALAMEDA,OAKLAND,-122.19038391113281,37.756450653076172
9570833,2022,2023-04-10,0109,2022-07-10,1426,9727,1,7,5,7,0109,0,0,0,,0,33X,"INTERNATIONAL BL","98TH AV",0.00,,Y,A,-,N,,,,,,,,,,N,4,0,1,2,A,-,12,21453,A,M,D,C,A,A,H,-,A,A,0,,,,,Y,,A,07,0,0,1,0,0,0,0,0,0,"- ","- ",,,ALAMEDA,OAKLAND,-122.17057800292969,37.744327545166016
9576766,2022,2023-06-01,0109,2022-11-03,1207,9940,1,4,5,7,0109,0,0,0,,0,02Y,"PERALTA ST","12TH ST",0.00,,Y,A,-,N,,,,,,,,,,N,4,0,1,2,A,-,12,21453,A,N,D,C,A,A,H,-,A,A,0,,,,Y,Y,,G,25,0,0,1,0,0,0,0,0,0,"- ","- ",,,ALAMEDA,OAKLAND,-122.29502105712891,37.809989929199219
9586264,2022,2023-05-18,0109,2022-03-23,1124,9943,1,3,5,7,0109,0,0,0,,0,15X,"PARK BL","E 34TH ST",0.00,,Y,A,-,N,,,,,,,,,,Y,4,0,1,2,A,-,07,21658,A,N,F,C,A,A,H,-,A,A,0,,,,,Y,,-,"- ",0,0,1,0,0,0,0,0,0,"- ","- ",,,ALAMEDA,OAKLAND,-122.23458862304688,37.803382873535156
9586343,2022,2023-05-25,0109,2022-06-18,2045,9565,1,6,5,7,0109,0,0,0,,0,19X,"INTERNATIONAL BL","4TH AV",0.00,,Y,A,-,N,,,,,,,,,,N,3,0,1,2,A,-,06,21755,,M,B,C,A,A,H,-,A,D,0,,,Y,,Y,,C,03,0,1,0,0,0,0,0,0,1,"- ","- ",,,ALAMEDA,OAKLAND,-122.25466156005859,37.796482086181641
9586354,2022,2023-05-25,0109,2022-07-08,2312,9936,1,5,5,7,0109,0,0,0,,0,19X,"12TH ST","2ND AV",0.00,,Y,A,-,N,,,,,,,,,,Y,2,0,2,3,A,-,01,23152,A,N,D,C,A,A,H,-,A,A,0,,,,,Y,Y,A,08,1,0,1,0,0,0,0,0,0,"- ","- ",,,ALAMEDA,OAKLAND,-122.25727081298828,37.797245025634766
9586487,2022,2023-06-06,0109,2022-12-31,1314,10031,1,6,5,7,0109,0,0,0,,0,17X,"E 17TH ST","11TH AV",250.00,E,N,C,-,N,,,,,,,,,,N,4,0,1,2,A,-,21,22106,,N,G,G,A,B,H,-,A,D,0,,Y,,,Y,,A,01,0,0,1,0,0,0,1,0,0,"- ","- ",,,ALAMEDA,OAKLAND,-122.24549865722656,37.792804718017578
9586496,2022,2023-06-06,0109,2022-07-12,1548,9182,2,2,5,7,0109,0,0,0,,0,23X,"INTERNATIONAL BL","39TH AV",15.00,E,N,A,-,N,,,,,,,,,,Y,4,0,2,3,A,-,03,22350,,N,C,-,A,A,H,-,A,A,0,,Y,,,Y,,A,01,0,0,2,0,0,0,1,0,0,"- ","- ",,,ALAMEDA,OAKLAND,-122.21896362304688,37.774330139160156
9586499,2022,2023-06-06,0109,2022-06-24,0146,9992,1,5,5,7,0109,0,0,0,,0,19X,"E 12TH ST","17TH AV",2.00,W,N,A,-,N,,,,,,,,,,N,2,0,1,2,A,-,03,22350,,F,G,B,E,A,H,-,D,D,0,Y,,,,Y,,-,,1,0,0,0,1,0,0,0,0,"- ","- ",,,ALAMEDA,OAKLAND,-122.243896484375,37.786884307861328
9586500,2022,2023-06-06,0109,2022-05-18,1358,9182,2,3,5,7,0109,0,0,0,,0,30X,"76TH AV","INTERNATIONAL BL",3.00,N,N,A,-,N,,,,,,,,,,N,4,0,1,2,D,-,00,,,N,H,G,A,A,H,-,A,D,0,,Y,,,Y,,-,"- ",0,0,1,0,0,0,1,0,0,"- ","- ",,,ALAMEDA,OAKLAND,-122.18495178222656,37.758186340332031
9586527,2022,2023-06-08,0109,2022-12-26,0120,9887,2,1,5,7,0109,0,0,0,,0,31Y,"98TH AV","AIRPORT ACCESS RD",0.00,,Y,A,-,N,,,,,,,,,,Y,4,0,1,2,D,-,00,,,N,C,C,A,A,H,-,C,A,0,,,,,Y,Y,-,"- ",0,0,1,0,0,0,0,0,0,"- ","- ",,,ALAMEDA,OAKLAND,-122.19868469238281,37.727676391601562
9586531,2022,2023-06-08,0109,2022-09-21,0154,9555,2,3,5,7,0109,0,0,0,,0,29X,"SEMINARY AV","OVERDALE ST",10.00,S,N,A,-,N,,,,,,,,,,N,4,0,1,2,A,-,12,22450,A,N,B,C,A,A,H,-,C,D,0,,,,,Y,,-,"- ",0,0,1,0,0,0,0,0,0,"- ","- ",,,ALAMEDA,OAKLAND,-122.17508697509766,37.780235290527344
9586540,2022,2023-06-08,0109,2022-12-15,0541,9971,1,4,5,7,0109,0,0,0,,0,09X,"SANTA CLARA AV","OAKLAND AV",0.00,,Y,A,-,N,,,,,,,,,,Y,3,0,2,2,A,-,12,21453,A,N,D,C,A,A,H,-,B,A,0,,,,,Y,,A,07,0,1,1,0,0,0,0,0,0,"- ","- ",,,ALAMEDA,OAKLAND,-122.25344848632812,37.819141387939453
9586559,2022,2023-06-12,0109,2022-10-19,1339,9943,2,3,5,7,0109,0,0,0,,0,31X,"CAIRO RD","HEGENBERGER LOOP",0.00,,Y,A,-,N,,,,,,,,,,Y,4,0,1,6,A,-,09,21800,B,M,B,C,A,A,H,-,A,A,0,,,,,Y,,A,01,0,0,1,0,0,0,0,0,0,"- ","- ",,,ALAMEDA,OAKLAND,-122.19591522216797,37.734634399414062
9586648,2022,2023-06-16,0109,2022-10-11,1131,10010,1,2,5,7,0109,0,0,0,,0,08X,"23RD ST","TELEGRAPH AV",0.00,,Y,A,-,N,,,,,,,,,,N,4,0,1,2,A,-,09,21802,A,N,D,C,A,A,D,-,A,D,0,,,,,Y,,A,01,0,0,1,0,0,0,0,0,0,"- ","- ",,,ALAMEDA,OAKLAND,-122.26881408691406,37.812599182128906
9586655,2022,2023-06-16,0109,2022-10-19,1726,9924,1,3,5,7,0109,0,0,0,,0,07X,"CHESTNUT ST","26TH ST",0.00,,Y,-,-,N,,,,,,,,,,N,4,0,2,2,A,-,03,22350,,N,D,C,A,A,-,-,A,A,0,,,,,Y,,A,01,0,0,2,0,0,0,0,0,0,"- ","- ",,,ALAMEDA,OAKLAND,-122.28173828125,37.818466186523438
9586662,2022,2023-06-19,0109,2022-11-21,0743,0109,1,1,5,7,0109,0,0,0,,0,17Y,"BEAUMONT AV","31ST ST",50.00,N,N,A,-,N,,,,,,,,,,N,4,0,1,2,A,-,03,22350,,N,C,C,A,A,H,-,A,C,0,,,,,Y,,A,01,0,0,1,0,0,0,0,0,0,"- ","- ",,,ALAMEDA,OAKLAND,-122.22946166992188,37.799072265625
9586671,2022,2023-06-19,0109,2022-10-27,0143,10028,2,4,5,7,0109,0,0,0,,0,20X,"INTERNATIONAL BL","23RD AV",10.00,W,N,A,-,N,,,,,,,,,,N,4,0,1,1,A,-,08,22107,,N,E,I,A,A,H,-,C,A,0,,,,,Y,,A,01,0,0,1,0,0,0,0,0,0,"- ","- ",,,ALAMEDA,OAKLAND,-122.23596954345703,37.783435821533203
9586678,2022,2023-06-16,0109,2022-12-07,2236,10022,2,3,5,7,0109,0,0,0,,0,26X,"HIGH ST","INTERNATIONAL BL",0.00,,Y,A,-,N,,,,,,,,,,N,4,0,1,2,A,-,10,21950,A,N,G,B,B,A,H,-,C,A,0,Y,,,,Y,,A,01,0,0,1,0,1,0,0,0,0,"- ","- ",,,ALAMEDA,OAKLAND,-122.21482849121094,37.772350311279297
9586682,2022,2023-06-16,0109,2022-11-30,0735,9994,2,3,5,7,0109,0,0,0,,0,26X,"SAN LEANDRO ST","SEMINARY AV",0.00,,Y,A,-,N,,,,,,,,,,N,4,0,1,3,A,-,03,22350,,N,C,C,A,A,H,-,A,A,0,,,,,Y,,A,01,0,0,1,0,0,0,0,0,0,"- ","- ",,,ALAMEDA,OAKLAND,-122.20559692382812,37.760875701904297
9595551,2022,2023-06-30,0109,2022-11-30,1918,10037,2,3,5,7,0109,0,0,0,,0,27X,"SEMINARY AV","17TH ST",3.00,E,N,A,-,N,,,,,,,,,,N,3,0,2,2,A,-,03,22350,,N,C,C,A,A,H,-,C,D,0,,,Y,,Y,,C,03,0,2,0,0,0,0,0,0,2,"- ","- ",,,ALAMEDA,OAKLAND,-122.19741058349609,37.766605377197266
9595555,2022,2023-06-30,0109,2022-10-03,2050,9689,1,1,5,7,0109,0,0,0,,0,08X,BROADWAY,"24TH ST",0.00,,Y,B,-,N,,,,,,,,,,Y,2,0,1,2,A,-,09,21801,A,N,D,C,A,A,H,-,C,A,0,,,Y,,Y,,A,07,1,0,0,0,0,0,0,0,1,"- ","- ",,,ALAMEDA,OAKLAND,-122.26551818847656,37.813392639160156
9595566,2022,2023-06-30,0109,2022-09-21,2016,9960,1,3,5,7,0109,0,0,0,,0,06X,"35TH ST","MARKET ST",30.00,W,N,A,-,N,,,,,,,,,,N,3,0,1,3,D,-,00,,,M,H,G,A,A,H,-,C,D,0,,Y,,,Y,,-,"- ",0,1,0,0,0,0,1,0,0,"- ","- ",,,ALAMEDA,OAKLAND,-122.27529907226562,37.825576782226562
9595577,2022,2023-06-30,0109,2022-12-31,0243,9879,2,6,5,7,0109,0,0,0,,0,32X,"105TH AV","ROYAL ANN ST",20.00,S,N,C,-,N,,,,,,,,,,N,4,0,1,2,A,-,12,22450,A,M,D,C,A,B,H,-,C,D,0,,,,,Y,,A,01,0,0,1,0,0,0,0,0,0,"- ","- ",,,ALAMEDA,OAKLAND,-122.17085266113281,37.737323760986328
9595579,2022,2023-06-30,0109,2022-12-27,1645,9924,1,2,5,7,0109,0,0,0,,0,03Y,"MARTIN LUTHER KING JR WY","12TH ST",0.00,,Y,A,-,N,,,,,,,,,,N,3,0,3,2,A,-,12,21453,A,N,D,C,A,A,H,-,A,A,0,,,,,Y,,A,01,0,2,1,0,0,0,0,0,0,"- ","- ",,,ALAMEDA,OAKLAND,-122.27684020996094,37.804798126220703
9595585,2022,2023-06-30,0109,2022-09-16,1421,9588,1,5,5,7,0109,0,0,0,,0,19X,"E 12TH ST","8TH AV",3.00,N,N,A,-,N,,,,,,,,,,N,4,0,1,2,D,-,00,,,N,D,B,E,A,H,-,A,A,0,Y,,,,Y,,-,"- ",0,0,1,0,1,0,0,0,0,"- ","- ",,,ALAMEDA,OAKLAND,-122.25230407714844,37.792877197265625
9595589,2022,2023-06-30,0109,2022-12-19,0043,9811,2,1,5,7,0109,0,0,0,,0,33X,"INTERNATIONAL BL","85TH AV",50.00,W,N,A,-,N,,,,,,,,,,N,4,0,1,4,A,-,08,22107,,M,C,E,F,A,H,-,A,A,0,Y,,,,Y,,A,01,0,0,1,0,1,0,0,0,0,"- ","- ",,,ALAMEDA,OAKLAND,-122.17728424072266,37.75341796875
9595987,2022,2023-08-01,0109,2022-05-24,2001,9845,1,2,5,7,0109,0,0,0,,0,03X,"2ND ST","WEBSTER ST",0.00,,Y,A,-,N,,,,,,,,,,N,3,0,2,2,A,-,08,22107,,N,D,C,A,A,H,-,B,A,0,,,Y,,Y,,A,01,0,1,1,0,0,0,0,0,1,"- ","- ",,,ALAMEDA,OAKLAND,-122.27394104003906,37.79510498046875
9596050,2022,2023-07-25,0109,2022-12-02,1022,9923,2,5,5,7,0109,0,0,0,,0,30X,"68TH AV","FOOTHILL BL",0.00,,Y,A,-,N,,,,,,,,,,N,4,0,2,3,A,-,12,21453,,N,A,C,A,A,H,-,A,A,0,,,,,Y,,A,01,0,0,2,0,0,0,0,0,0,"- ","- ",,,ALAMEDA,OAKLAND,-122.17848205566406,37.769966125488281
9614811,2022,2023-08-24,0109,2022-12-04,1744,9533,1,7,5,7,0109,0,0,0,,0,03X,"12TH ST","HARRISON ST",0.00,,Y,C,-,N,,,,,,,,,,N,4,0,1,2,A,-,10,21950,A,N,G,B,B,B,H,-,C,A,0,Y,,,,Y,,A,01,0,0,1,0,1,0,0,0,0,"- ","- ",,,ALAMEDA,OAKLAND,-122.26846313476562,37.801548004150391
9615025,2022,2023-08-29,0109,2022-11-30,0827,9943,2,3,5,7,0109,0,0,0,,0,32X,"98TH AV","B ST",5.00,N,N,A,-,N,,,,,,,,,,N,3,0,1,2,A,-,10,21950,A,N,G,B,B,A,H,-,A,A,0,Y,,,,Y,,A,01,0,1,0,0,1,0,0,0,0,"- ","- ",,,ALAMEDA,OAKLAND,-122.17387390136719,37.742778778076172
9615042,2022,2023-08-31,0109,2022-12-19,2101,9996,1,1,5,7,0109,0,0,0,,0,19X,"E 8TH ST","6TH AV",0.00,,Y,A,-,N,,,,,,,,,,N,4,0,1,2,A,-,08,22107,,M,B,C,A,A,H,-,C,D,0,,,,,Y,,A,01,0,0,1,0,0,0,0,0,0,"- ","- ",,,ALAMEDA,OAKLAND,-122.25685882568359,37.792312622070312
9615049,2022,2023-08-30,0109,2022-05-19,1550,9615,1,4,5,7,0109,0,0,0,,0,05Y,"MARITIME ST","W 14TH ST",10.00,N,N,A,-,N,,,,,,,,,,N,4,0,1,1,A,-,08,22107,,N,B,I,A,A,H,-,A,B,0,,,,Y,Y,,G,25,0,0,1,0,0,0,0,0,0,"- ","- ",,,ALAMEDA,OAKLAND,-122.30828857421875,37.815322875976562
9617586,2022,2023-09-11,0109,2022-10-28,1908,9516,1,5,5,7,0109,0,0,0,,0,03Y,"14TH ST","CASTRO ST",0.00,,Y,A,-,N,,,,,,,,,,Y,4,0,1,2,A,-,12,21453,A,N,H,G,A,A,-,-,C,A,0,,Y,,,Y,,L,04,0,0,1,0,0,0,1,0,0,"- ","- ",,,ALAMEDA,OAKLAND,-122.27711486816406,37.806659698486328
9617785,2022,2023-09-26,0109,2022-05-08,2004,9838,2,7,5,7,0109,0,0,0,,0,34X,"90TH AV","BIRCH ST",30.00,N,N,A,-,N,,,,,,,,,,Y,4,0,1,4,A,-,01,23152,A,N,C,E,A,A,H,-,B,A,0,,,,,Y,Y,D,22,0,0,1,0,0,0,0,0,0,"- ","- ",,,ALAMEDA,OAKLAND,-122.16918182373047,37.751991271972656
9617925,2022,2023-10-18,0109,2022-08-29,1341,8949,2,1,5,7,0109,0,0,0,,0,26X,"SAN LEANDRO ST","85TH AV",362.00,E,N,A,-,N,,,,,,,,,,Y,4,0,1,1,C,-,18,,,N,A,-,A,A,H,-,A,A,0,,,,,Y,,-,"- ",0,0,1,0,0,0,0,0,0,"- ","- ",,,ALAMEDA,OAKLAND,-122.18822479248047,37.74627685546875
9619144,2022,2023-12-19,0109,2022-07-30,1324,9557,2,6,5,7,0109,0,0,0,,0,25Y,"REDWOOD RD","SKYLINE BL",3.00,N,N,A,-,N,,,,,,,,,,N,4,0,1,1,A,-,08,22107,,N,H,J,A,A,H,-,A,D,0,,,Y,,Y,,C,02,0,0,1,0,0,0,0,0,1,"- ","- ",,,ALAMEDA,OAKLAND,-122.17088317871094,37.799018859863281
9624028,2022,2023-09-29,0109,2022-10-28,1248,9644,1,5,5,7,0109,0,0,0,,0,19X,"E 12TH ST","10TH AV",0.00,,Y,A,-,N,,,,,,,,,,Y,1,1,0,2,A,-,03,22350,,N,A,C,A,A,H,-,A,A,0,,,Y,,Y,,C,02,0,0,0,0,0,0,0,1,0,"- ","- ",,,ALAMEDA,OAKLAND,-122.25063323974609,37.791412353515625
9632340,2022,2023-11-17,0109,2022-07-13,0248,9404,2,3,5,7,0109,0,0,0,,0,33X,"D ST","ELMHURST AV",329.00,E,N,A,-,N,,,,,,,,,,Y,4,0,1,4,A,-,01,23152,A,N,B,C,A,A,H,-,C,D,0,,,,,Y,Y,A,08,0,0,1,0,0,0,0,0,0,"- ","- ",,,ALAMEDA,OAKLAND,-122.17636108398438,37.742835998535156
9638429,2022,2024-01-16,0109,2022-10-06,1452,9924,1,4,5,7,0109,0,0,0,,0,08X,"NORTHGATE AV","W GRAND AV",0.00,,Y,A,-,N,,,,,,,,,,Y,4,0,2,3,A,-,01,23152,A,N,D,C,A,A,H,-,A,A,0,,,,,Y,Y,A,01,0,0,2,0,0,0,0,0,0,"- ","- ",,,ALAMEDA,OAKLAND,-122.27143859863281,37.812248229980469
9640051,2022,2023-11-30,0109,2022-09-03,1212,9570,1,6,5,7,0109,0,0,0,,0,19X,"DENNISON ST",EMBARCADERO,315.00,N,N,A,-,N,,,,,,,,,,Y,1,1,2,2,A,-,01,23152,F,N,C,E,A,A,H,-,A,D,0,,,,Y,Y,,A,01,0,2,0,0,0,0,0,0,0,"- ","- ",,,ALAMEDA,OAKLAND,-122.24148559570312,37.779434204101562
9640116,2022,2024-01-09,0109,2022-09-16,1552,8483,1,5,5,7,0109,0,0,0,,0,08X,"24TH ST","NORTHGATE AV",0.00,,Y,A,-,N,,,,,,,,,,Y,1,1,0,2,A,-,01,23152,F,N,E,I,A,A,H,-,A,A,0,,,Y,,Y,,C,02,0,0,0,0,0,0,0,1,0,"- ","- ",,,ALAMEDA,OAKLAND,-122.27059936523438,37.813796997070312
9640154,2022,2024-01-03,0109,2022-12-24,2300,8483,1,6,5,7,0109,0,0,0,,0,04X,"SAN PABLO AV","MARTIN LUTHER KING JR WY",162.00,N,N,A,-,N,,,,,,,,,,N,1,1,0,2,D,-,00,,,F,F,B,D,A,H,-,C,A,0,Y,,,,Y,Y,-,"- ",0,0,0,1,0,0,0,0,0,"- ","- ",,,ALAMEDA,OAKLAND,-122.27365875244141,37.811981201171875
9643213,2022,2023-11-27,0109,2022-03-14,1104,9974,1,1,5,7,0109,0,0,0,,0,17X,"E 32ND ST","BEAUMONT AV",0.00,,Y,A,-,N,,,,,,,,,,N,4,0,1,2,A,-,09,21802,A,N,D,C,A,A,H,-,A,A,0,,,Y,,Y,,A,01,0,0,1,0,0,0,0,0,1,"- ","- ",,,ALAMEDA,OAKLAND,-122.22927856445312,37.799667358398438
9657325,2022,2024-02-08,0109,2022-12-18,1434,10043,2,7,5,7,0109,0,0,0,,0,23X,"SAN LEANDRO ST","39TH AV",0.00,,Y,A,-,N,,,,,,,,,,Y,4,0,2,2,A,-,03,22350,,N,D,C,A,A,H,-,A,A,0,,,,,Y,,A,01,0,0,2,0,0,0,0,0,0,"- ","- ",,,ALAMEDA,OAKLAND,-122.22057342529297,37.772270202636719